,Unnamed: 0,cum_infections_1,cum_infections_2,cum_infections_3,cum_infections_4,cum_infections_5,cum_infections_6,cum_symptomatic_1,cum_symptomatic_2,cum_symptomatic_3,cum_symptomatic_4,cum_symptomatic_5,cum_symptomatic_6,cum_severe_1,cum_severe_2,cum_severe_3,cum_severe_4,cum_severe_5,cum_severe_6,cum_critical_1,cum_critical_2,cum_critical_3,cum_critical_4,cum_critical_5,cum_critical_6,cum_deaths_1,cum_deaths_2,cum_deaths_3,cum_deaths_4,cum_deaths_5,cum_deaths_6,cum_vaccinated_1,cum_vaccinated_2,cum_vaccinated_3,cum_vaccinated_4,cum_vaccinated_5,cum_vaccinated_6,quar_period,pop_size,pop_infected,location,interventions,n_days,pop_type,use_waning
865,25,91.0,130.0,173.0,186.0,190.0,190.0,0.0,64.0,99.0,116.0,121.0,122.0,0.0,3.0,6.0,8.0,9.0,10.0,0.0,0.0,1.0,1.0,1.0,1.0,0.0,0.0,0.0,0.0,0.0,0.0,25100.0,49933.0,50127.0,50128.0,50128.0,50128.0,14,50128.509455645,91.6238101923775,China,moderna,35,hybrid,True
1416,6,94.0,132.0,172.0,179.0,183.0,183.0,0.0,61.0,87.0,111.0,115.0,116.0,0.0,1.0,4.0,4.0,5.0,5.0,0.0,0.0,3.0,3.0,3.0,3.0,0.0,0.0,0.0,1.0,2.0,2.0,40529.0,50763.0,50763.0,50763.0,50763.0,50763.0,14,50763.89172781857,94.32470499607496,France,pfizer,35,hybrid,True
493,13,100.0,158.0,204.0,229.0,247.0,252.0,0.0,69.0,110.0,137.0,154.0,158.0,0.0,3.0,9.0,14.0,17.0,17.0,0.0,2.0,6.0,6.0,7.0,7.0,0.0,0.0,0.0,0.0,1.0,1.0,49904.0,49904.0,49904.0,49904.0,49904.0,49904.0,14,49904.16105332114,100.79498831914596,Japan,moderna,35,hybrid,True
1178,8,96.0,186.0,350.0,515.0,692.0,776.0,0.0,63.0,156.0,262.0,372.0,455.0,0.0,0.0,9.0,19.0,28.0,36.0,0.0,0.0,4.0,6.0,9.0,12.0,0.0,0.0,0.0,1.0,3.0,4.0,50210.0,50210.0,50210.0,50210.0,50210.0,50210.0,14,50210.16071623414,96.10477445076984,Japan,az,35,hybrid,True
1314,24,104.0,289.0,761.0,1744.0,3547.0,7011.0,0.0,73.0,267.0,658.0,1442.0,2927.0,0.0,0.0,8.0,33.0,86.0,189.0,0.0,0.0,3.0,10.0,21.0,51.0,0.0,0.0,0.0,0.0,4.0,11.0,0.0,0.0,0.0,0.0,0.0,0.0,14,49755.53491663295,104.91218343602756,Japan,none,35,hybrid,True
800,20,99.0,124.0,140.0,149.0,152.0,153.0,0.0,60.0,83.0,94.0,97.0,98.0,0.0,1.0,4.0,7.0,8.0,9.0,0.0,1.0,3.0,4.0,5.0,5.0,0.0,0.0,0.0,1.0,1.0,2.0,49243.0,49243.0,49243.0,49243.0,49243.0,49243.0,14,49243.71139577163,99.74778186867265,Japan,moderna,35,hybrid,True
40,10,99.0,127.0,152.0,166.0,167.0,168.0,0.0,62.0,94.0,105.0,112.0,113.0,0.0,0.0,3.0,8.0,10.0,10.0,0.0,0.0,2.0,3.0,3.0,3.0,0.0,0.0,0.0,0.0,2.0,2.0,49985.0,49985.0,49985.0,49985.0,49985.0,49985.0,14,49985.91324401598,99.46531903528498,Japan,pfizer,35,hybrid,True
374,14,98.0,208.0,463.0,1039.0,2265.0,4575.0,0.0,65.0,179.0,401.0,834.0,1855.0,0.0,2.0,10.0,23.0,38.0,93.0,0.0,1.0,5.0,9.0,14.0,28.0,0.0,0.0,1.0,1.0,2.0,2.0,0.0,0.0,0.0,0.0,0.0,0.0,14,51074.20002609812,98.47468271854748,France,none,35,hybrid,True
1172,2,96.0,153.0,265.0,419.0,565.0,670.0,0.0,69.0,129.0,203.0,304.0,389.0,0.0,3.0,9.0,15.0,21.0,32.0,0.0,1.0,3.0,5.0,5.0,10.0,0.0,0.0,0.0,0.0,2.0,4.0,50210.0,50210.0,50210.0,50210.0,50210.0,50210.0,14,50210.16071623414,96.10477445076984,Japan,az,35,hybrid,True
1086,6,95.0,136.0,182.0,198.0,207.0,210.0,0.0,55.0,94.0,115.0,123.0,127.0,0.0,2.0,6.0,8.0,9.0,9.0,0.0,1.0,2.0,3.0,3.0,3.0,0.0,0.0,0.0,0.0,0.0,0.0,50201.0,50201.0,50201.0,50201.0,50201.0,50201.0,14,50201.95375841179,95.3929475480306,Japan,pfizer,35,hybrid,True
857,17,91.0,131.0,148.0,154.0,158.0,159.0,0.0,65.0,94.0,97.0,100.0,102.0,0.0,0.0,4.0,5.0,6.0,6.0,0.0,0.0,1.0,1.0,1.0,1.0,0.0,0.0,0.0,1.0,1.0,1.0,25143.0,49935.0,50125.0,50128.0,50128.0,50128.0,14,50128.509455645,91.6238101923775,China,moderna,35,hybrid,True
4,4,105.0,147.0,201.0,215.0,227.0,228.0,0.0,67.0,96.0,119.0,124.0,129.0,0.0,2.0,4.0,8.0,9.0,9.0,0.0,1.0,2.0,3.0,4.0,4.0,0.0,0.0,0.0,0.0,1.0,2.0,24395.0,48564.0,48738.0,48739.0,48739.0,48739.0,14,48739.63476718004,105.75946387602237,China,moderna,35,hybrid,True
473,23,90.0,178.0,322.0,495.0,597.0,678.0,0.0,51.0,125.0,211.0,307.0,378.0,0.0,0.0,6.0,12.0,25.0,29.0,0.0,0.0,0.0,2.0,6.0,10.0,0.0,0.0,0.0,0.0,0.0,2.0,39672.0,49719.0,49719.0,49719.0,49719.0,49719.0,14,49719.446407232535,90.6910120650291,France,az,35,hybrid,True
258,18,101.0,145.0,176.0,192.0,197.0,197.0,0.0,67.0,97.0,116.0,120.0,122.0,0.0,2.0,3.0,4.0,5.0,6.0,0.0,0.0,1.0,1.0,1.0,1.0,0.0,0.0,0.0,0.0,0.0,0.0,51457.0,51457.0,51457.0,51457.0,51457.0,51457.0,14,51457.28621888858,101.8170785726943,UK,pfizer,35,hybrid,True
565,25,106.0,133.0,153.0,155.0,156.0,157.0,0.0,66.0,91.0,103.0,105.0,105.0,0.0,2.0,8.0,9.0,10.0,10.0,0.0,0.0,4.0,4.0,4.0,4.0,0.0,0.0,0.0,2.0,3.0,3.0,40675.0,50992.0,50992.0,50992.0,50992.0,50992.0,14,50992.83219826634,106.7656023274978,France,moderna,35,hybrid,True
147,27,98.0,260.0,782.0,1970.0,4679.0,10262.0,0.0,51.0,222.0,652.0,1607.0,3859.0,0.0,0.0,4.0,14.0,54.0,133.0,0.0,0.0,0.0,3.0,15.0,32.0,0.0,0.0,0.0,0.0,0.0,3.0,0.0,0.0,0.0,0.0,0.0,0.0,14,48877.15583154997,98.24847085902476,China,none,35,hybrid,True
1305,15,104.0,230.0,599.0,1459.0,3344.0,7202.0,0.0,73.0,229.0,526.0,1258.0,2859.0,0.0,1.0,15.0,35.0,76.0,165.0,0.0,0.0,5.0,10.0,24.0,45.0,0.0,0.0,0.0,0.0,2.0,6.0,0.0,0.0,0.0,0.0,0.0,0.0,14,49755.53491663295,104.91218343602756,Japan,none,35,hybrid,True
524,14,92.0,123.0,150.0,158.0,161.0,162.0,0.0,58.0,87.0,93.0,95.0,97.0,0.0,0.0,5.0,8.0,9.0,10.0,0.0,0.0,2.0,3.0,4.0,4.0,0.0,0.0,0.0,1.0,1.0,1.0,49379.0,49379.0,49379.0,49379.0,49379.0,49379.0,14,49379.55715033923,92.98151663291794,Japan,pfizer,35,hybrid,True
966,6,97.0,200.0,384.0,603.0,827.0,1031.0,0.0,61.0,144.0,273.0,406.0,551.0,0.0,0.0,3.0,12.0,21.0,27.0,0.0,0.0,2.0,3.0,3.0,7.0,0.0,0.0,0.0,0.0,0.0,0.0,25068.0,49996.0,50206.0,50211.0,50211.0,50211.0,14,50211.60882661644,97.27296188254326,China,az,35,hybrid,True
561,21,106.0,137.0,172.0,183.0,187.0,187.0,0.0,67.0,99.0,113.0,120.0,121.0,0.0,0.0,3.0,7.0,8.0,8.0,0.0,0.0,1.0,2.0,3.0,3.0,0.0,0.0,0.0,0.0,1.0,1.0,40764.0,50992.0,50992.0,50992.0,50992.0,50992.0,14,50992.83219826634,106.7656023274978,France,moderna,35,hybrid,True
606,6,101.0,234.0,570.0,1269.0,2747.0,5536.0,0.0,65.0,194.0,501.0,1084.0,2288.0,0.0,2.0,5.0,29.0,73.0,129.0,0.0,0.0,2.0,11.0,23.0,40.0,0.0,0.0,0.0,0.0,3.0,8.0,0.0,0.0,0.0,0.0,0.0,0.0,14,49997.9067815852,101.0044121822941,France,none,35,hybrid,True
1270,10,105.0,137.0,157.0,167.0,167.0,167.0,0.0,67.0,99.0,107.0,110.0,110.0,0.0,1.0,5.0,12.0,13.0,13.0,0.0,0.0,2.0,4.0,4.0,4.0,0.0,0.0,0.0,0.0,1.0,2.0,50398.0,50398.0,50398.0,50398.0,50398.0,50398.0,14,50398.41309243068,105.97783563947138,Japan,pfizer,35,hybrid,True
395,5,96.0,144.0,199.0,219.0,221.0,224.0,0.0,59.0,108.0,131.0,143.0,146.0,0.0,0.0,3.0,3.0,6.0,6.0,0.0,0.0,0.0,0.0,0.0,0.0,0.0,0.0,0.0,0.0,0.0,0.0,25258.0,50131.0,50306.0,50307.0,50307.0,50307.0,14,50307.4916033199,96.84873311265744,China,pfizer,35,hybrid,True
187,7,88.0,122.0,162.0,175.0,180.0,181.0,0.0,48.0,78.0,93.0,97.0,98.0,0.0,0.0,1.0,3.0,5.0,5.0,0.0,0.0,0.0,1.0,1.0,1.0,0.0,0.0,0.0,0.0,0.0,1.0,52144.0,52144.0,52144.0,52144.0,52144.0,52144.0,14,52144.95033726947,88.71070835884908,UK,pfizer,35,hybrid,True
1340,20,105.0,180.0,333.0,489.0,647.0,744.0,0.0,69.0,136.0,237.0,343.0,426.0,0.0,0.0,8.0,21.0,31.0,37.0,0.0,0.0,2.0,9.0,13.0,14.0,0.0,0.0,0.0,1.0,1.0,7.0,40007.0,50100.0,50100.0,50100.0,50100.0,50100.0,14,50100.278086344006,105.0807349103839,France,az,35,hybrid,True
624,24,101.0,227.0,563.0,1325.0,2799.0,5670.0,0.0,66.0,192.0,480.0,1085.0,2335.0,0.0,0.0,7.0,20.0,45.0,109.0,0.0,0.0,3.0,7.0,12.0,24.0,0.0,0.0,0.0,1.0,1.0,2.0,0.0,0.0,0.0,0.0,0.0,0.0,14,49997.9067815852,101.0044121822941,France,none,35,hybrid,True
246,6,101.0,144.0,207.0,230.0,237.0,238.0,0.0,61.0,106.0,134.0,143.0,146.0,0.0,1.0,5.0,9.0,10.0,10.0,0.0,0.0,1.0,5.0,6.0,6.0,0.0,0.0,0.0,0.0,2.0,3.0,51457.0,51457.0,51457.0,51457.0,51457.0,51457.0,14,51457.28621888858,101.8170785726943,UK,pfizer,35,hybrid,True
924,24,107.0,165.0,205.0,225.0,235.0,236.0,0.0,68.0,118.0,135.0,142.0,147.0,0.0,2.0,8.0,13.0,14.0,14.0,0.0,0.0,2.0,3.0,3.0,3.0,0.0,0.0,0.0,1.0,1.0,1.0,51090.0,51090.0,51090.0,51090.0,51090.0,51090.0,14,51090.54380397731,107.31230456401526,Japan,pfizer,35,hybrid,True
1295,5,104.0,254.0,662.0,1539.0,3289.0,6556.0,0.0,75.0,225.0,587.0,1315.0,2718.0,0.0,3.0,11.0,33.0,73.0,167.0,0.0,0.0,2.0,6.0,14.0,38.0,0.0,0.0,0.0,0.0,2.0,5.0,0.0,0.0,0.0,0.0,0.0,0.0,14,49755.53491663295,104.91218343602756,Japan,none,35,hybrid,True
953,23,96.0,192.0,337.0,513.0,661.0,756.0,0.0,58.0,142.0,229.0,334.0,412.0,0.0,0.0,1.0,3.0,9.0,26.0,0.0,0.0,1.0,2.0,3.0,9.0,0.0,0.0,0.0,1.0,1.0,1.0,40250.0,50442.0,50442.0,50442.0,50442.0,50442.0,14,50442.4308296262,96.99902118460956,France,az,35,hybrid,True
1110,0,106.0,147.0,179.0,195.0,204.0,207.0,0.0,52.0,91.0,107.0,114.0,116.0,0.0,0.0,4.0,7.0,8.0,8.0,0.0,0.0,0.0,2.0,2.0,2.0,0.0,0.0,0.0,0.0,0.0,0.0,49999.0,49999.0,49999.0,49999.0,49999.0,49999.0,14,49999.85282301632,106.11698794366778,UK,moderna,35,hybrid,True
509,29,100.0,125.0,147.0,151.0,153.0,154.0,0.0,59.0,82.0,89.0,91.0,92.0,0.0,0.0,8.0,11.0,11.0,11.0,0.0,0.0,4.0,4.0,4.0,4.0,0.0,0.0,0.0,1.0,2.0,2.0,49904.0,49904.0,49904.0,49904.0,49904.0,49904.0,14,49904.16105332114,100.79498831914596,Japan,moderna,35,hybrid,True
900,0,107.0,145.0,178.0,193.0,197.0,199.0,0.0,73.0,100.0,120.0,123.0,124.0,0.0,0.0,9.0,14.0,15.0,15.0,0.0,0.0,1.0,5.0,6.0,6.0,0.0,0.0,0.0,0.0,2.0,2.0,51090.0,51090.0,51090.0,51090.0,51090.0,51090.0,14,51090.54380397731,107.31230456401526,Japan,pfizer,35,hybrid,True
1492,22,104.0,166.0,202.0,215.0,219.0,219.0,0.0,67.0,115.0,132.0,135.0,137.0,0.0,1.0,6.0,11.0,12.0,13.0,0.0,0.0,1.0,3.0,4.0,5.0,0.0,0.0,0.0,1.0,1.0,1.0,50188.0,50188.0,50188.0,50188.0,50188.0,50188.0,14,50188.82580515166,104.88307073450729,Japan,moderna,35,hybrid,True
1155,15,97.0,133.0,178.0,195.0,201.0,202.0,0.0,62.0,99.0,115.0,123.0,123.0,0.0,0.0,8.0,11.0,13.0,14.0,0.0,0.0,5.0,7.0,7.0,8.0,0.0,0.0,0.0,1.0,4.0,4.0,50136.0,50136.0,50136.0,50136.0,50136.0,50136.0,14,50136.38244329362,97.54370444253274,Japan,pfizer,35,hybrid,True
705,15,99.0,122.0,139.0,147.0,149.0,150.0,0.0,64.0,83.0,94.0,97.0,99.0,0.0,2.0,5.0,5.0,7.0,7.0,0.0,0.0,1.0,2.0,3.0,4.0,0.0,0.0,0.0,0.0,1.0,1.0,38845.0,48411.0,48411.0,48411.0,48411.0,48411.0,14,48411.57521259557,99.12324426118992,France,moderna,35,hybrid,True
297,27,106.0,293.0,883.0,2205.0,5005.0,10669.0,0.0,68.0,261.0,740.0,1778.0,4112.0,0.0,1.0,9.0,31.0,79.0,196.0,0.0,0.0,0.0,8.0,21.0,43.0,0.0,0.0,0.0,0.0,1.0,3.0,0.0,0.0,0.0,0.0,0.0,0.0,14,49803.032288455855,106.88648265566805,China,none,35,hybrid,True
122,2,98.0,249.0,675.0,1884.0,4486.0,9811.0,0.0,59.0,208.0,595.0,1583.0,3741.0,0.0,3.0,11.0,23.0,58.0,145.0,0.0,0.0,1.0,1.0,6.0,28.0,0.0,0.0,0.0,1.0,1.0,1.0,0.0,0.0,0.0,0.0,0.0,0.0,14,48877.15583154997,98.24847085902476,China,none,35,hybrid,True
320,20,104.0,215.0,456.0,745.0,954.0,1141.0,0.0,72.0,182.0,347.0,510.0,643.0,0.0,1.0,7.0,20.0,33.0,52.0,0.0,0.0,1.0,6.0,12.0,19.0,0.0,0.0,0.0,1.0,2.0,6.0,49631.0,49631.0,49631.0,49631.0,49631.0,49631.0,14,49631.01418884,104.61927122139492,Japan,az,35,hybrid,True
622,22,101.0,267.0,798.0,2055.0,4556.0,9180.0,0.0,63.0,257.0,710.0,1762.0,3866.0,0.0,0.0,9.0,37.0,95.0,227.0,0.0,0.0,4.0,8.0,26.0,65.0,0.0,0.0,0.0,0.0,0.0,4.0,0.0,0.0,0.0,0.0,0.0,0.0,14,49997.9067815852,101.0044121822941,France,none,35,hybrid,True
923,23,107.0,144.0,169.0,177.0,177.0,179.0,0.0,64.0,97.0,108.0,114.0,115.0,0.0,1.0,7.0,12.0,15.0,16.0,0.0,0.0,3.0,5.0,5.0,5.0,0.0,0.0,0.0,1.0,1.0,1.0,51090.0,51090.0,51090.0,51090.0,51090.0,51090.0,14,51090.54380397731,107.31230456401526,Japan,pfizer,35,hybrid,True
1189,19,96.0,181.0,322.0,473.0,599.0,708.0,0.0,64.0,143.0,237.0,332.0,402.0,0.0,1.0,5.0,13.0,20.0,25.0,0.0,0.0,0.0,2.0,5.0,8.0,0.0,0.0,0.0,0.0,1.0,3.0,50210.0,50210.0,50210.0,50210.0,50210.0,50210.0,14,50210.16071623414,96.10477445076984,Japan,az,35,hybrid,True
421,1,104.0,197.0,351.0,528.0,649.0,747.0,0.0,66.0,164.0,266.0,375.0,457.0,0.0,2.0,5.0,13.0,21.0,30.0,0.0,1.0,1.0,2.0,8.0,9.0,0.0,0.0,0.0,0.0,0.0,2.0,50118.0,50118.0,50118.0,50118.0,50118.0,50118.0,14,50118.11080239527,104.58361811850742,Japan,az,35,hybrid,True
662,2,101.0,200.0,414.0,649.0,869.0,1012.0,0.0,54.0,149.0,278.0,426.0,542.0,0.0,0.0,8.0,17.0,23.0,28.0,0.0,0.0,1.0,2.0,4.0,4.0,0.0,0.0,0.0,0.0,0.0,0.0,25766.0,51256.0,51480.0,51482.0,51482.0,51482.0,14,51482.24752366832,101.33166738045342,China,az,35,hybrid,True
441,21,104.0,206.0,407.0,664.0,937.0,1158.0,0.0,77.0,162.0,300.0,483.0,652.0,0.0,1.0,5.0,12.0,27.0,40.0,0.0,0.0,1.0,4.0,10.0,17.0,0.0,0.0,0.0,1.0,1.0,3.0,50118.0,50118.0,50118.0,50118.0,50118.0,50118.0,14,50118.11080239527,104.58361811850742,Japan,az,35,hybrid,True
550,10,106.0,143.0,179.0,193.0,199.0,201.0,0.0,71.0,103.0,124.0,129.0,135.0,0.0,1.0,7.0,12.0,13.0,13.0,0.0,0.0,1.0,4.0,4.0,4.0,0.0,0.0,0.0,0.0,1.0,2.0,40740.0,50992.0,50992.0,50992.0,50992.0,50992.0,14,50992.83219826634,106.7656023274978,France,moderna,35,hybrid,True
551,11,106.0,144.0,182.0,195.0,198.0,198.0,0.0,52.0,96.0,115.0,122.0,124.0,0.0,1.0,5.0,9.0,11.0,11.0,0.0,1.0,2.0,3.0,3.0,3.0,0.0,0.0,0.0,0.0,0.0,0.0,40858.0,50992.0,50992.0,50992.0,50992.0,50992.0,14,50992.83219826634,106.7656023274978,France,moderna,35,hybrid,True
418,28,96.0,154.0,215.0,245.0,250.0,252.0,0.0,60.0,100.0,127.0,139.0,140.0,0.0,2.0,8.0,15.0,19.0,19.0,0.0,0.0,3.0,5.0,5.0,5.0,0.0,0.0,0.0,0.0,1.0,3.0,25000.0,50130.0,50306.0,50307.0,50307.0,50307.0,14,50307.4916033199,96.84873311265744,China,pfizer,35,hybrid,True
1467,27,94.0,183.0,292.0,419.0,535.0,629.0,0.0,56.0,109.0,186.0,260.0,325.0,0.0,1.0,6.0,9.0,17.0,26.0,0.0,0.0,2.0,3.0,6.0,8.0,0.0,0.0,0.0,0.0,1.0,2.0,40766.0,50904.0,50904.0,50904.0,50904.0,50904.0,14,50904.87934731831,94.66760154710592,France,az,35,hybrid,True
327,27,104.0,224.0,407.0,633.0,842.0,987.0,0.0,66.0,177.0,304.0,458.0,577.0,0.0,2.0,6.0,24.0,37.0,54.0,0.0,0.0,3.0,9.0,14.0,18.0,0.0,0.0,0.0,0.0,4.0,5.0,49631.0,49631.0,49631.0,49631.0,49631.0,49631.0,14,49631.01418884,104.61927122139492,Japan,az,35,hybrid,True
679,19,101.0,206.0,374.0,612.0,829.0,984.0,0.0,56.0,143.0,263.0,408.0,519.0,0.0,0.0,4.0,10.0,18.0,22.0,0.0,0.0,3.0,4.0,7.0,7.0,0.0,0.0,0.0,0.0,2.0,2.0,25749.0,51283.0,51480.0,51482.0,51482.0,51482.0,14,51482.24752366832,101.33166738045342,China,az,35,hybrid,True
420,0,104.0,224.0,380.0,610.0,823.0,944.0,0.0,75.0,175.0,284.0,426.0,550.0,0.0,1.0,11.0,26.0,37.0,51.0,0.0,0.0,5.0,8.0,11.0,16.0,0.0,0.0,0.0,0.0,0.0,3.0,50118.0,50118.0,50118.0,50118.0,50118.0,50118.0,14,50118.11080239527,104.58361811850742,Japan,az,35,hybrid,True
601,1,101.0,211.0,484.0,1004.0,2223.0,4394.0,0.0,67.0,182.0,378.0,835.0,1789.0,0.0,0.0,5.0,17.0,41.0,89.0,0.0,0.0,5.0,9.0,13.0,25.0,0.0,0.0,0.0,0.0,0.0,3.0,0.0,0.0,0.0,0.0,0.0,0.0,14,49997.9067815852,101.0044121822941,France,none,35,hybrid,True
1208,8,100.0,139.0,180.0,196.0,209.0,212.0,0.0,63.0,98.0,118.0,127.0,133.0,0.0,0.0,4.0,7.0,8.0,8.0,0.0,0.0,1.0,3.0,4.0,4.0,0.0,0.0,0.0,0.0,1.0,1.0,40562.0,50726.0,50726.0,50726.0,50726.0,50726.0,14,50726.59077744226,100.58683593803556,France,moderna,35,hybrid,True
65,5,95.0,126.0,150.0,169.0,172.0,172.0,0.0,59.0,93.0,104.0,110.0,112.0,0.0,1.0,2.0,5.0,7.0,7.0,0.0,0.0,1.0,2.0,3.0,3.0,0.0,0.0,0.0,0.0,1.0,3.0,49107.0,49107.0,49107.0,49107.0,49107.0,49107.0,14,49107.12097131943,95.66269966418884,UK,pfizer,35,hybrid,True
354,24,95.0,132.0,165.0,174.0,181.0,185.0,0.0,64.0,88.0,96.0,101.0,104.0,0.0,0.0,2.0,3.0,6.0,6.0,0.0,0.0,2.0,2.0,4.0,4.0,0.0,0.0,0.0,0.0,0.0,1.0,48570.0,48570.0,48570.0,48570.0,48570.0,48570.0,14,48570.25146506496,95.2205948554948,UK,pfizer,35,hybrid,True
1135,25,106.0,152.0,197.0,214.0,222.0,224.0,0.0,61.0,107.0,128.0,138.0,143.0,0.0,0.0,5.0,5.0,6.0,6.0,0.0,0.0,2.0,2.0,2.0,2.0,0.0,0.0,0.0,0.0,0.0,0.0,49999.0,49999.0,49999.0,49999.0,49999.0,49999.0,14,49999.85282301632,106.11698794366778,UK,moderna,35,hybrid,True
1167,27,97.0,137.0,158.0,179.0,185.0,187.0,0.0,63.0,90.0,106.0,113.0,114.0,0.0,2.0,6.0,10.0,11.0,11.0,0.0,1.0,3.0,4.0,5.0,5.0,0.0,0.0,0.0,3.0,3.0,3.0,50136.0,50136.0,50136.0,50136.0,50136.0,50136.0,14,50136.38244329362,97.54370444253274,Japan,pfizer,35,hybrid,True
1023,3,102.0,167.0,312.0,458.0,559.0,624.0,0.0,65.0,137.0,242.0,332.0,386.0,0.0,0.0,5.0,16.0,24.0,33.0,0.0,0.0,2.0,6.0,9.0,9.0,0.0,0.0,0.0,0.0,4.0,5.0,50184.0,50184.0,50184.0,50184.0,50184.0,50184.0,14,50184.85649921006,102.993990282074,Japan,az,35,hybrid,True
1046,26,102.0,218.0,421.0,694.0,914.0,1088.0,0.0,70.0,173.0,329.0,487.0,625.0,0.0,0.0,8.0,18.0,29.0,36.0,0.0,0.0,2.0,8.0,14.0,18.0,0.0,0.0,0.0,1.0,4.0,6.0,50184.0,50184.0,50184.0,50184.0,50184.0,50184.0,14,50184.85649921006,102.993990282074,Japan,az,35,hybrid,True
1227,27,100.0,151.0,188.0,213.0,219.0,220.0,0.0,62.0,99.0,115.0,126.0,129.0,0.0,1.0,5.0,6.0,8.0,9.0,0.0,1.0,1.0,2.0,2.0,4.0,0.0,0.0,0.0,0.0,0.0,1.0,40630.0,50726.0,50726.0,50726.0,50726.0,50726.0,14,50726.59077744226,100.58683593803556,France,moderna,35,hybrid,True
563,23,106.0,153.0,189.0,199.0,204.0,207.0,0.0,63.0,110.0,132.0,137.0,139.0,0.0,3.0,12.0,16.0,17.0,17.0,0.0,1.0,6.0,8.0,8.0,8.0,0.0,0.0,0.0,1.0,3.0,4.0,40691.0,50992.0,50992.0,50992.0,50992.0,50992.0,14,50992.83219826634,106.7656023274978,France,moderna,35,hybrid,True
230,20,99.0,164.0,210.0,239.0,247.0,253.0,0.0,64.0,105.0,132.0,141.0,145.0,0.0,1.0,5.0,9.0,10.0,11.0,0.0,0.0,1.0,3.0,3.0,3.0,0.0,0.0,0.0,1.0,2.0,2.0,49309.0,49309.0,49309.0,49309.0,49309.0,49309.0,14,49309.362333392106,99.5424935567896,UK,moderna,35,hybrid,True
1360,10,99.0,196.0,335.0,504.0,647.0,760.0,0.0,62.0,132.0,230.0,334.0,412.0,0.0,0.0,8.0,19.0,24.0,30.0,0.0,0.0,2.0,9.0,10.0,12.0,0.0,0.0,0.0,0.0,3.0,3.0,38705.0,48442.0,48442.0,48442.0,48442.0,48442.0,14,48442.10004608631,99.95485323006272,France,az,35,hybrid,True
425,5,104.0,175.0,262.0,367.0,448.0,495.0,0.0,65.0,128.0,191.0,253.0,297.0,0.0,0.0,7.0,15.0,21.0,25.0,0.0,0.0,2.0,4.0,8.0,9.0,0.0,0.0,0.0,1.0,2.0,3.0,50118.0,50118.0,50118.0,50118.0,50118.0,50118.0,14,50118.11080239527,104.58361811850742,Japan,az,35,hybrid,True
419,29,96.0,143.0,189.0,210.0,219.0,223.0,0.0,61.0,90.0,114.0,125.0,129.0,0.0,1.0,3.0,3.0,3.0,3.0,0.0,0.0,2.0,2.0,2.0,2.0,0.0,0.0,0.0,0.0,0.0,0.0,25102.0,50105.0,50305.0,50307.0,50307.0,50307.0,14,50307.4916033199,96.84873311265744,China,pfizer,35,hybrid,True
1473,3,104.0,145.0,188.0,204.0,211.0,212.0,0.0,60.0,103.0,124.0,131.0,133.0,0.0,0.0,6.0,8.0,10.0,10.0,0.0,0.0,2.0,3.0,4.0,4.0,0.0,0.0,0.0,1.0,1.0,1.0,50188.0,50188.0,50188.0,50188.0,50188.0,50188.0,14,50188.82580515166,104.88307073450729,Japan,moderna,35,hybrid,True
250,10,101.0,134.0,174.0,189.0,195.0,198.0,0.0,64.0,98.0,116.0,123.0,125.0,0.0,1.0,6.0,10.0,12.0,13.0,0.0,0.0,2.0,3.0,4.0,5.0,0.0,0.0,0.0,1.0,1.0,1.0,51457.0,51457.0,51457.0,51457.0,51457.0,51457.0,14,51457.28621888858,101.8170785726943,UK,pfizer,35,hybrid,True
1009,19,95.0,219.0,419.0,646.0,851.0,979.0,0.0,64.0,161.0,304.0,460.0,551.0,0.0,0.0,5.0,13.0,28.0,41.0,0.0,0.0,0.0,3.0,7.0,12.0,0.0,0.0,0.0,0.0,2.0,3.0,48433.0,48433.0,48433.0,48433.0,48433.0,48433.0,14,48433.62597969629,95.206665792963,Japan,az,35,hybrid,True
802,22,99.0,154.0,207.0,228.0,240.0,248.0,0.0,69.0,120.0,140.0,149.0,152.0,0.0,1.0,7.0,8.0,8.0,8.0,0.0,1.0,3.0,3.0,3.0,3.0,0.0,0.0,0.0,2.0,2.0,2.0,49243.0,49243.0,49243.0,49243.0,49243.0,49243.0,14,49243.71139577163,99.74778186867265,Japan,moderna,35,hybrid,True
520,10,92.0,123.0,151.0,167.0,169.0,169.0,0.0,56.0,87.0,103.0,110.0,111.0,0.0,0.0,6.0,9.0,11.0,11.0,0.0,0.0,2.0,3.0,4.0,4.0,0.0,0.0,0.0,1.0,2.0,3.0,49379.0,49379.0,49379.0,49379.0,49379.0,49379.0,14,49379.55715033923,92.98151663291794,Japan,pfizer,35,hybrid,True
1175,5,96.0,188.0,325.0,473.0,625.0,741.0,0.0,64.0,146.0,235.0,335.0,430.0,0.0,2.0,10.0,25.0,33.0,44.0,0.0,0.0,5.0,11.0,12.0,16.0,0.0,0.0,0.0,2.0,6.0,7.0,50210.0,50210.0,50210.0,50210.0,50210.0,50210.0,14,50210.16071623414,96.10477445076984,Japan,az,35,hybrid,True
355,25,95.0,133.0,172.0,182.0,183.0,183.0,0.0,49.0,85.0,102.0,106.0,106.0,0.0,0.0,3.0,6.0,7.0,7.0,0.0,0.0,0.0,2.0,2.0,2.0,0.0,0.0,0.0,0.0,0.0,1.0,48570.0,48570.0,48570.0,48570.0,48570.0,48570.0,14,48570.25146506496,95.2205948554948,UK,pfizer,35,hybrid,True
48,18,99.0,126.0,157.0,170.0,176.0,179.0,0.0,64.0,91.0,108.0,112.0,117.0,0.0,1.0,8.0,9.0,10.0,13.0,0.0,1.0,5.0,6.0,6.0,7.0,0.0,0.0,1.0,1.0,2.0,2.0,49985.0,49985.0,49985.0,49985.0,49985.0,49985.0,14,49985.91324401598,99.46531903528498,Japan,pfizer,35,hybrid,True
774,24,98.0,145.0,182.0,194.0,197.0,200.0,0.0,58.0,99.0,114.0,118.0,119.0,0.0,1.0,4.0,6.0,6.0,6.0,0.0,0.0,2.0,3.0,3.0,3.0,0.0,0.0,0.0,0.0,1.0,1.0,39622.0,49640.0,49640.0,49640.0,49640.0,49640.0,14,49640.443087842286,98.3422736662664,France,pfizer,35,hybrid,True
19,19,105.0,135.0,181.0,195.0,206.0,209.0,0.0,63.0,94.0,116.0,122.0,123.0,0.0,1.0,5.0,6.0,7.0,7.0,0.0,0.0,0.0,0.0,0.0,0.0,0.0,0.0,0.0,0.0,0.0,0.0,24367.0,48529.0,48738.0,48739.0,48739.0,48739.0,14,48739.63476718004,105.75946387602237,China,moderna,35,hybrid,True
579,9,102.0,149.0,192.0,212.0,221.0,229.0,0.0,59.0,95.0,116.0,124.0,129.0,0.0,0.0,5.0,8.0,8.0,8.0,0.0,0.0,0.0,3.0,3.0,3.0,0.0,0.0,0.0,0.0,1.0,1.0,48298.0,48298.0,48298.0,48298.0,48298.0,48298.0,14,48298.11445016439,102.55462969194696,UK,moderna,35,hybrid,True
1390,10,101.0,241.0,632.0,1489.0,3480.0,7286.0,0.0,61.0,202.0,518.0,1316.0,2904.0,0.0,1.0,6.0,18.0,64.0,147.0,0.0,0.0,1.0,1.0,11.0,36.0,0.0,0.0,0.0,0.0,0.0,4.0,0.0,0.0,0.0,0.0,0.0,0.0,14,49639.41530953354,101.68813883953788,UK,none,35,hybrid,True
105,15,103.0,142.0,179.0,197.0,212.0,216.0,0.0,66.0,101.0,124.0,133.0,140.0,0.0,3.0,7.0,12.0,13.0,13.0,0.0,1.0,2.0,4.0,4.0,4.0,0.0,0.0,1.0,2.0,2.0,2.0,25032.0,49855.0,50019.0,50022.0,50022.0,50022.0,14,50022.07495389883,103.71610485739647,China,moderna,35,hybrid,True
830,20,99.0,225.0,487.0,803.0,1139.0,1379.0,0.0,62.0,185.0,369.0,556.0,741.0,0.0,0.0,3.0,7.0,22.0,31.0,0.0,0.0,1.0,2.0,8.0,11.0,0.0,0.0,0.0,0.0,0.0,1.0,24840.0,49527.0,49720.0,49724.0,49724.0,49724.0,14,49724.144402507256,99.18885594632889,China,az,35,hybrid,True
504,24,100.0,140.0,179.0,193.0,195.0,196.0,0.0,56.0,97.0,114.0,120.0,120.0,0.0,1.0,8.0,11.0,13.0,15.0,0.0,0.0,3.0,3.0,5.0,6.0,0.0,0.0,0.0,1.0,1.0,2.0,49904.0,49904.0,49904.0,49904.0,49904.0,49904.0,14,49904.16105332114,100.79498831914596,Japan,moderna,35,hybrid,True
535,25,92.0,137.0,195.0,209.0,219.0,219.0,0.0,57.0,98.0,117.0,126.0,129.0,0.0,1.0,4.0,7.0,9.0,9.0,0.0,0.0,0.0,0.0,0.0,0.0,0.0,0.0,0.0,0.0,0.0,0.0,49379.0,49379.0,49379.0,49379.0,49379.0,49379.0,14,49379.55715033923,92.98151663291794,Japan,pfizer,35,hybrid,True
27,27,105.0,180.0,235.0,259.0,266.0,270.0,0.0,59.0,134.0,159.0,172.0,176.0,0.0,1.0,3.0,8.0,8.0,8.0,0.0,1.0,1.0,3.0,3.0,3.0,0.0,0.0,0.0,1.0,1.0,1.0,24451.0,48541.0,48736.0,48739.0,48739.0,48739.0,14,48739.63476718004,105.75946387602237,China,moderna,35,hybrid,True
67,7,95.0,131.0,160.0,168.0,169.0,170.0,0.0,50.0,96.0,106.0,109.0,109.0,0.0,0.0,6.0,7.0,8.0,8.0,0.0,0.0,4.0,5.0,5.0,5.0,0.0,0.0,0.0,1.0,1.0,2.0,49107.0,49107.0,49107.0,49107.0,49107.0,49107.0,14,49107.12097131943,95.66269966418884,UK,pfizer,35,hybrid,True
178,28,96.0,164.0,293.0,458.0,588.0,668.0,0.0,62.0,132.0,227.0,336.0,404.0,0.0,1.0,10.0,13.0,18.0,25.0,0.0,0.0,1.0,3.0,4.0,8.0,0.0,0.0,0.0,0.0,2.0,2.0,49518.0,49518.0,49518.0,49518.0,49518.0,49518.0,14,49518.679714966514,96.72779348304503,Japan,az,35,hybrid,True
998,8,95.0,154.0,234.0,309.0,380.0,425.0,0.0,64.0,123.0,170.0,227.0,261.0,0.0,0.0,12.0,17.0,22.0,25.0,0.0,0.0,2.0,5.0,6.0,8.0,0.0,0.0,0.0,1.0,2.0,3.0,48433.0,48433.0,48433.0,48433.0,48433.0,48433.0,14,48433.62597969629,95.206665792963,Japan,az,35,hybrid,True
884,14,102.0,138.0,171.0,182.0,186.0,186.0,0.0,65.0,99.0,117.0,119.0,120.0,0.0,0.0,11.0,13.0,14.0,14.0,0.0,0.0,6.0,7.0,7.0,7.0,0.0,0.0,0.0,0.0,2.0,2.0,40019.0,49948.0,49948.0,49948.0,49948.0,49948.0,14,49948.50214681416,102.71998584917912,France,moderna,35,hybrid,True
107,17,103.0,163.0,199.0,207.0,212.0,213.0,0.0,64.0,109.0,126.0,128.0,129.0,0.0,0.0,1.0,4.0,4.0,4.0,0.0,0.0,0.0,0.0,1.0,1.0,0.0,0.0,0.0,0.0,0.0,0.0,25091.0,49833.0,50020.0,50022.0,50022.0,50022.0,14,50022.07495389883,103.71610485739647,China,moderna,35,hybrid,True
885,15,102.0,131.0,160.0,173.0,177.0,177.0,0.0,55.0,87.0,98.0,100.0,103.0,0.0,0.0,2.0,7.0,9.0,9.0,0.0,0.0,1.0,4.0,5.0,5.0,0.0,0.0,0.0,0.0,0.0,0.0,40055.0,49948.0,49948.0,49948.0,49948.0,49948.0,14,49948.50214681416,102.71998584917912,France,moderna,35,hybrid,True
626,26,101.0,227.0,564.0,1317.0,2842.0,5939.0,0.0,60.0,191.0,450.0,1076.0,2324.0,0.0,0.0,10.0,17.0,53.0,109.0,0.0,0.0,2.0,6.0,17.0,33.0,0.0,0.0,0.0,1.0,1.0,8.0,0.0,0.0,0.0,0.0,0.0,0.0,14,49997.9067815852,101.0044121822941,France,none,35,hybrid,True
1232,2,99.0,200.0,463.0,973.0,2183.0,4686.0,0.0,68.0,189.0,416.0,889.0,1868.0,0.0,3.0,13.0,23.0,48.0,111.0,0.0,1.0,5.0,6.0,13.0,32.0,0.0,0.0,0.0,3.0,4.0,7.0,0.0,0.0,0.0,0.0,0.0,0.0,14,51234.41111932517,99.79926650480289,Japan,none,35,hybrid,True
1489,19,104.0,173.0,205.0,225.0,237.0,239.0,0.0,70.0,111.0,125.0,132.0,139.0,0.0,4.0,11.0,13.0,14.0,16.0,0.0,0.0,6.0,7.0,7.0,7.0,0.0,0.0,0.0,2.0,4.0,4.0,50188.0,50188.0,50188.0,50188.0,50188.0,50188.0,14,50188.82580515166,104.88307073450729,Japan,moderna,35,hybrid,True
1234,4,99.0,245.0,616.0,1539.0,3383.0,6862.0,0.0,58.0,211.0,544.0,1338.0,2826.0,0.0,2.0,13.0,33.0,88.0,169.0,0.0,1.0,6.0,13.0,25.0,45.0,0.0,0.0,0.0,2.0,2.0,7.0,0.0,0.0,0.0,0.0,0.0,0.0,14,51234.41111932517,99.79926650480289,Japan,none,35,hybrid,True
917,17,107.0,136.0,164.0,169.0,170.0,170.0,0.0,72.0,103.0,114.0,116.0,117.0,0.0,3.0,8.0,11.0,14.0,16.0,0.0,0.0,2.0,4.0,5.0,6.0,0.0,0.0,0.0,1.0,1.0,2.0,51090.0,51090.0,51090.0,51090.0,51090.0,51090.0,14,51090.54380397731,107.31230456401526,Japan,pfizer,35,hybrid,True
275,5,106.0,244.0,603.0,1306.0,3146.0,7231.0,0.0,57.0,197.0,485.0,1076.0,2584.0,0.0,1.0,5.0,14.0,29.0,87.0,0.0,0.0,1.0,2.0,4.0,12.0,0.0,0.0,0.0,0.0,0.0,1.0,0.0,0.0,0.0,0.0,0.0,0.0,14,49803.032288455855,106.88648265566805,China,none,35,hybrid,True
134,14,98.0,209.0,519.0,1167.0,2772.0,6515.0,0.0,60.0,177.0,424.0,978.0,2375.0,0.0,4.0,8.0,16.0,42.0,87.0,0.0,1.0,2.0,4.0,8.0,19.0,0.0,0.0,0.0,0.0,0.0,1.0,0.0,0.0,0.0,0.0,0.0,0.0,14,48877.15583154997,98.24847085902476,China,none,35,hybrid,True
431,11,104.0,184.0,358.0,547.0,709.0,834.0,0.0,68.0,149.0,268.0,384.0,475.0,0.0,0.0,9.0,26.0,38.0,44.0,0.0,0.0,3.0,9.0,13.0,14.0,0.0,0.0,0.0,1.0,3.0,3.0,50118.0,50118.0,50118.0,50118.0,50118.0,50118.0,14,50118.11080239527,104.58361811850742,Japan,az,35,hybrid,True
596,26,102.0,151.0,202.0,220.0,223.0,226.0,0.0,61.0,117.0,138.0,147.0,148.0,0.0,1.0,6.0,11.0,12.0,12.0,0.0,0.0,2.0,3.0,4.0,4.0,0.0,0.0,0.0,0.0,3.0,3.0,48298.0,48298.0,48298.0,48298.0,48298.0,48298.0,14,48298.11445016439,102.55462969194696,UK,moderna,35,hybrid,True
1007,17,95.0,172.0,315.0,494.0,637.0,709.0,0.0,55.0,133.0,219.0,335.0,423.0,0.0,2.0,8.0,18.0,30.0,44.0,0.0,2.0,3.0,8.0,14.0,21.0,0.0,0.0,0.0,2.0,4.0,7.0,48433.0,48433.0,48433.0,48433.0,48433.0,48433.0,14,48433.62597969629,95.206665792963,Japan,az,35,hybrid,True
707,17,99.0,130.0,155.0,168.0,172.0,175.0,0.0,67.0,95.0,108.0,115.0,115.0,0.0,0.0,5.0,8.0,8.0,8.0,0.0,0.0,0.0,2.0,2.0,2.0,0.0,0.0,0.0,0.0,1.0,1.0,38821.0,48410.0,48411.0,48411.0,48411.0,48411.0,14,48411.57521259557,99.12324426118992,France,moderna,35,hybrid,True
1165,25,97.0,134.0,166.0,174.0,182.0,183.0,0.0,70.0,110.0,125.0,128.0,133.0,0.0,2.0,8.0,12.0,13.0,13.0,0.0,0.0,2.0,3.0,4.0,4.0,0.0,0.0,0.0,0.0,0.0,1.0,50136.0,50136.0,50136.0,50136.0,50136.0,50136.0,14,50136.38244329362,97.54370444253274,Japan,pfizer,35,hybrid,True
671,11,101.0,214.0,464.0,755.0,1036.0,1287.0,0.0,61.0,170.0,337.0,517.0,680.0,0.0,1.0,5.0,16.0,27.0,41.0,0.0,0.0,1.0,2.0,4.0,7.0,0.0,0.0,0.0,0.0,1.0,1.0,25873.0,51274.0,51480.0,51482.0,51482.0,51482.0,14,51482.24752366832,101.33166738045342,China,az,35,hybrid,True
24,24,105.0,166.0,221.0,239.0,243.0,244.0,0.0,49.0,94.0,114.0,122.0,125.0,0.0,1.0,4.0,6.0,7.0,7.0,0.0,0.0,2.0,4.0,4.0,4.0,0.0,0.0,0.0,0.0,0.0,0.0,24350.0,48529.0,48738.0,48739.0,48739.0,48739.0,14,48739.63476718004,105.75946387602237,China,moderna,35,hybrid,True
844,4,91.0,154.0,205.0,238.0,257.0,272.0,0.0,49.0,93.0,114.0,125.0,135.0,0.0,1.0,6.0,7.0,7.0,8.0,0.0,0.0,0.0,0.0,0.0,0.0,0.0,0.0,0.0,0.0,0.0,0.0,25104.0,49928.0,50127.0,50128.0,50128.0,50128.0,14,50128.509455645,91.6238101923775,China,moderna,35,hybrid,True
1472,2,104.0,151.0,201.0,223.0,227.0,228.0,0.0,62.0,101.0,125.0,135.0,137.0,0.0,1.0,4.0,7.0,9.0,11.0,0.0,0.0,1.0,3.0,3.0,4.0,0.0,0.0,0.0,0.0,0.0,0.0,50188.0,50188.0,50188.0,50188.0,50188.0,50188.0,14,50188.82580515166,104.88307073450729,Japan,moderna,35,hybrid,True
1049,29,102.0,198.0,345.0,495.0,641.0,720.0,0.0,71.0,148.0,255.0,356.0,448.0,0.0,0.0,8.0,17.0,30.0,43.0,0.0,0.0,4.0,7.0,12.0,18.0,0.0,0.0,0.0,0.0,0.0,1.0,50184.0,50184.0,50184.0,50184.0,50184.0,50184.0,14,50184.85649921006,102.993990282074,Japan,az,35,hybrid,True
1458,18,94.0,163.0,253.0,347.0,434.0,506.0,0.0,68.0,131.0,197.0,260.0,298.0,0.0,0.0,6.0,13.0,19.0,27.0,0.0,0.0,2.0,5.0,7.0,9.0,0.0,0.0,0.0,0.0,1.0,2.0,40762.0,50904.0,50904.0,50904.0,50904.0,50904.0,14,50904.87934731831,94.66760154710592,France,az,35,hybrid,True
568,28,106.0,153.0,188.0,206.0,211.0,213.0,0.0,67.0,110.0,127.0,137.0,139.0,0.0,2.0,6.0,10.0,10.0,11.0,0.0,0.0,2.0,3.0,3.0,3.0,0.0,0.0,1.0,1.0,1.0,1.0,40728.0,50992.0,50992.0,50992.0,50992.0,50992.0,14,50992.83219826634,106.7656023274978,France,moderna,35,hybrid,True
1157,17,97.0,131.0,171.0,186.0,190.0,190.0,0.0,73.0,102.0,124.0,132.0,132.0,0.0,0.0,9.0,12.0,13.0,13.0,0.0,0.0,3.0,5.0,5.0,5.0,0.0,0.0,0.0,0.0,1.0,1.0,50136.0,50136.0,50136.0,50136.0,50136.0,50136.0,14,50136.38244329362,97.54370444253274,Japan,pfizer,35,hybrid,True
463,13,90.0,147.0,263.0,380.0,456.0,517.0,0.0,53.0,114.0,186.0,247.0,290.0,0.0,0.0,6.0,7.0,10.0,15.0,0.0,0.0,3.0,3.0,4.0,5.0,0.0,0.0,0.0,2.0,2.0,3.0,39692.0,49719.0,49719.0,49719.0,49719.0,49719.0,14,49719.446407232535,90.6910120650291,France,az,35,hybrid,True
16,16,105.0,148.0,182.0,199.0,205.0,212.0,0.0,52.0,93.0,113.0,121.0,128.0,0.0,2.0,8.0,11.0,12.0,12.0,0.0,1.0,3.0,4.0,4.0,4.0,0.0,0.0,0.0,0.0,0.0,0.0,24523.0,48538.0,48738.0,48739.0,48739.0,48739.0,14,48739.63476718004,105.75946387602237,China,moderna,35,hybrid,True
1152,12,97.0,120.0,150.0,155.0,157.0,157.0,0.0,62.0,88.0,97.0,101.0,102.0,0.0,1.0,9.0,9.0,10.0,10.0,0.0,0.0,3.0,3.0,3.0,3.0,0.0,0.0,0.0,0.0,2.0,2.0,50136.0,50136.0,50136.0,50136.0,50136.0,50136.0,14,50136.38244329362,97.54370444253274,Japan,pfizer,35,hybrid,True
639,9,99.0,189.0,363.0,527.0,648.0,735.0,0.0,60.0,159.0,265.0,372.0,445.0,0.0,2.0,6.0,18.0,28.0,36.0,0.0,0.0,2.0,8.0,12.0,15.0,0.0,0.0,0.0,0.0,3.0,7.0,49566.0,49566.0,49566.0,49566.0,49566.0,49566.0,14,49566.72186387225,99.61678192455048,Japan,az,35,hybrid,True
1205,5,100.0,139.0,167.0,192.0,203.0,204.0,0.0,58.0,89.0,108.0,120.0,128.0,0.0,3.0,7.0,8.0,10.0,12.0,0.0,0.0,3.0,4.0,5.0,5.0,0.0,0.0,0.0,1.0,2.0,2.0,40574.0,50726.0,50726.0,50726.0,50726.0,50726.0,14,50726.59077744226,100.58683593803556,France,moderna,35,hybrid,True
1032,12,102.0,218.0,399.0,600.0,770.0,866.0,0.0,64.0,175.0,286.0,418.0,500.0,0.0,3.0,15.0,21.0,26.0,35.0,0.0,0.0,5.0,9.0,10.0,11.0,0.0,0.0,0.0,1.0,2.0,3.0,50184.0,50184.0,50184.0,50184.0,50184.0,50184.0,14,50184.85649921006,102.993990282074,Japan,az,35,hybrid,True
1181,11,96.0,182.0,318.0,482.0,610.0,709.0,0.0,65.0,146.0,235.0,345.0,407.0,0.0,1.0,11.0,17.0,29.0,34.0,0.0,1.0,4.0,9.0,12.0,16.0,0.0,0.0,1.0,1.0,4.0,6.0,50210.0,50210.0,50210.0,50210.0,50210.0,50210.0,14,50210.16071623414,96.10477445076984,Japan,az,35,hybrid,True
1118,8,106.0,145.0,194.0,224.0,239.0,245.0,0.0,63.0,96.0,117.0,131.0,140.0,0.0,1.0,7.0,10.0,13.0,13.0,0.0,0.0,3.0,5.0,6.0,7.0,0.0,0.0,0.0,1.0,4.0,4.0,49999.0,49999.0,49999.0,49999.0,49999.0,49999.0,14,49999.85282301632,106.11698794366778,UK,moderna,35,hybrid,True
867,27,91.0,159.0,216.0,240.0,259.0,264.0,0.0,53.0,115.0,142.0,153.0,160.0,0.0,0.0,7.0,10.0,11.0,11.0,0.0,0.0,3.0,3.0,4.0,4.0,0.0,0.0,0.0,0.0,1.0,1.0,25168.0,49937.0,50128.0,50128.0,50128.0,50128.0,14,50128.509455645,91.6238101923775,China,moderna,35,hybrid,True
848,8,91.0,115.0,146.0,161.0,171.0,173.0,0.0,52.0,73.0,83.0,90.0,93.0,0.0,0.0,2.0,4.0,5.0,6.0,0.0,0.0,0.0,1.0,1.0,1.0,0.0,0.0,0.0,0.0,0.0,0.0,25197.0,49925.0,50127.0,50128.0,50128.0,50128.0,14,50128.509455645,91.6238101923775,China,moderna,35,hybrid,True
352,22,95.0,134.0,174.0,189.0,195.0,198.0,0.0,53.0,90.0,117.0,122.0,127.0,0.0,1.0,7.0,11.0,11.0,12.0,0.0,0.0,0.0,2.0,3.0,3.0,0.0,0.0,0.0,0.0,1.0,1.0,48570.0,48570.0,48570.0,48570.0,48570.0,48570.0,14,48570.25146506496,95.2205948554948,UK,pfizer,35,hybrid,True
1375,25,99.0,197.0,380.0,571.0,752.0,873.0,0.0,70.0,172.0,280.0,398.0,497.0,0.0,0.0,7.0,14.0,25.0,38.0,0.0,0.0,2.0,4.0,8.0,14.0,0.0,0.0,0.0,1.0,2.0,3.0,38637.0,48440.0,48442.0,48442.0,48442.0,48442.0,14,48442.10004608631,99.95485323006272,France,az,35,hybrid,True
231,21,99.0,131.0,181.0,201.0,210.0,213.0,0.0,59.0,97.0,119.0,130.0,134.0,0.0,1.0,5.0,9.0,9.0,12.0,0.0,0.0,2.0,3.0,3.0,4.0,0.0,0.0,0.0,1.0,1.0,1.0,49309.0,49309.0,49309.0,49309.0,49309.0,49309.0,14,49309.362333392106,99.5424935567896,UK,moderna,35,hybrid,True
1136,26,106.0,149.0,192.0,209.0,219.0,222.0,0.0,55.0,104.0,122.0,128.0,133.0,0.0,0.0,4.0,7.0,9.0,10.0,0.0,0.0,1.0,3.0,4.0,4.0,0.0,0.0,0.0,0.0,2.0,2.0,49999.0,49999.0,49999.0,49999.0,49999.0,49999.0,14,49999.85282301632,106.11698794366778,UK,moderna,35,hybrid,True
194,14,88.0,120.0,162.0,174.0,177.0,177.0,0.0,50.0,81.0,95.0,103.0,104.0,0.0,0.0,7.0,9.0,11.0,11.0,0.0,0.0,0.0,2.0,3.0,4.0,0.0,0.0,0.0,0.0,0.0,1.0,52144.0,52144.0,52144.0,52144.0,52144.0,52144.0,14,52144.95033726947,88.71070835884908,UK,pfizer,35,hybrid,True
152,2,96.0,156.0,277.0,382.0,479.0,547.0,0.0,57.0,120.0,200.0,268.0,314.0,0.0,0.0,8.0,16.0,23.0,33.0,0.0,0.0,3.0,7.0,9.0,12.0,0.0,0.0,0.0,2.0,4.0,4.0,49518.0,49518.0,49518.0,49518.0,49518.0,49518.0,14,49518.679714966514,96.72779348304503,Japan,az,35,hybrid,True
879,9,102.0,136.0,164.0,176.0,176.0,178.0,0.0,63.0,94.0,106.0,113.0,114.0,0.0,1.0,6.0,11.0,12.0,12.0,0.0,0.0,0.0,0.0,0.0,0.0,0.0,0.0,0.0,0.0,0.0,0.0,39991.0,49948.0,49948.0,49948.0,49948.0,49948.0,14,49948.50214681416,102.71998584917912,France,moderna,35,hybrid,True
1057,7,104.0,162.0,209.0,222.0,224.0,227.0,0.0,61.0,113.0,142.0,144.0,144.0,0.0,2.0,7.0,10.0,10.0,10.0,0.0,0.0,4.0,5.0,5.0,5.0,0.0,0.0,0.0,0.0,2.0,2.0,24384.0,48072.0,48249.0,48251.0,48251.0,48251.0,14,48251.89212375311,104.0916249549614,China,moderna,35,hybrid,True
342,12,95.0,138.0,190.0,208.0,213.0,215.0,0.0,58.0,103.0,124.0,132.0,132.0,0.0,0.0,6.0,13.0,14.0,16.0,0.0,0.0,2.0,4.0,5.0,5.0,0.0,0.0,0.0,0.0,1.0,1.0,48570.0,48570.0,48570.0,48570.0,48570.0,48570.0,14,48570.25146506496,95.2205948554948,UK,pfizer,35,hybrid,True
303,3,104.0,193.0,348.0,534.0,686.0,782.0,0.0,68.0,156.0,260.0,384.0,474.0,0.0,2.0,5.0,18.0,31.0,36.0,0.0,0.0,0.0,6.0,10.0,12.0,0.0,0.0,0.0,0.0,1.0,4.0,49631.0,49631.0,49631.0,49631.0,49631.0,49631.0,14,49631.01418884,104.61927122139492,Japan,az,35,hybrid,True
124,4,98.0,212.0,540.0,1290.0,3014.0,6789.0,0.0,61.0,180.0,467.0,1105.0,2490.0,0.0,0.0,3.0,14.0,44.0,105.0,0.0,0.0,1.0,3.0,5.0,22.0,0.0,0.0,0.0,1.0,1.0,1.0,0.0,0.0,0.0,0.0,0.0,0.0,14,48877.15583154997,98.24847085902476,China,none,35,hybrid,True
35,5,99.0,140.0,156.0,162.0,162.0,163.0,0.0,71.0,102.0,110.0,112.0,112.0,0.0,0.0,4.0,5.0,5.0,5.0,0.0,0.0,2.0,2.0,2.0,2.0,0.0,0.0,0.0,0.0,0.0,0.0,49985.0,49985.0,49985.0,49985.0,49985.0,49985.0,14,49985.91324401598,99.46531903528498,Japan,pfizer,35,hybrid,True
82,22,95.0,131.0,152.0,160.0,160.0,161.0,0.0,55.0,91.0,101.0,102.0,102.0,0.0,1.0,5.0,6.0,7.0,7.0,0.0,0.0,1.0,1.0,1.0,1.0,0.0,0.0,0.0,1.0,1.0,1.0,49107.0,49107.0,49107.0,49107.0,49107.0,49107.0,14,49107.12097131943,95.66269966418884,UK,pfizer,35,hybrid,True
317,17,104.0,199.0,416.0,641.0,803.0,900.0,0.0,69.0,163.0,310.0,435.0,527.0,0.0,1.0,4.0,18.0,25.0,41.0,0.0,0.0,0.0,2.0,6.0,11.0,0.0,0.0,0.0,0.0,1.0,3.0,49631.0,49631.0,49631.0,49631.0,49631.0,49631.0,14,49631.01418884,104.61927122139492,Japan,az,35,hybrid,True
983,23,97.0,200.0,383.0,569.0,751.0,888.0,0.0,51.0,148.0,256.0,383.0,483.0,0.0,1.0,5.0,13.0,20.0,24.0,0.0,0.0,0.0,0.0,1.0,3.0,0.0,0.0,0.0,0.0,0.0,0.0,25153.0,50030.0,50211.0,50211.0,50211.0,50211.0,14,50211.60882661644,97.27296188254326,China,az,35,hybrid,True
717,27,99.0,137.0,172.0,185.0,193.0,197.0,0.0,61.0,94.0,110.0,118.0,123.0,0.0,0.0,8.0,11.0,11.0,11.0,0.0,0.0,3.0,6.0,6.0,6.0,0.0,0.0,0.0,2.0,3.0,5.0,38763.0,48411.0,48411.0,48411.0,48411.0,48411.0,14,48411.57521259557,99.12324426118992,France,moderna,35,hybrid,True
996,6,95.0,158.0,283.0,397.0,493.0,547.0,0.0,62.0,129.0,214.0,288.0,345.0,0.0,1.0,9.0,19.0,27.0,35.0,0.0,1.0,2.0,3.0,7.0,9.0,0.0,0.0,1.0,1.0,1.0,3.0,48433.0,48433.0,48433.0,48433.0,48433.0,48433.0,14,48433.62597969629,95.206665792963,Japan,az,35,hybrid,True
647,17,99.0,179.0,269.0,371.0,454.0,496.0,0.0,52.0,108.0,187.0,244.0,289.0,0.0,1.0,11.0,18.0,28.0,35.0,0.0,0.0,2.0,7.0,11.0,16.0,0.0,0.0,0.0,1.0,3.0,4.0,49566.0,49566.0,49566.0,49566.0,49566.0,49566.0,14,49566.72186387225,99.61678192455048,Japan,az,35,hybrid,True
71,11,95.0,128.0,165.0,186.0,196.0,198.0,0.0,62.0,97.0,111.0,120.0,124.0,0.0,1.0,6.0,6.0,8.0,8.0,0.0,0.0,1.0,2.0,4.0,4.0,0.0,0.0,0.0,0.0,0.0,1.0,49107.0,49107.0,49107.0,49107.0,49107.0,49107.0,14,49107.12097131943,95.66269966418884,UK,pfizer,35,hybrid,True
757,7,98.0,133.0,170.0,178.0,179.0,180.0,0.0,61.0,98.0,110.0,114.0,114.0,0.0,0.0,4.0,5.0,6.0,6.0,0.0,0.0,0.0,1.0,2.0,2.0,0.0,0.0,0.0,0.0,0.0,1.0,39929.0,49640.0,49640.0,49640.0,49640.0,49640.0,14,49640.443087842286,98.3422736662664,France,pfizer,35,hybrid,True
87,27,95.0,135.0,176.0,192.0,200.0,200.0,0.0,66.0,84.0,99.0,106.0,107.0,0.0,1.0,6.0,8.0,10.0,10.0,0.0,0.0,2.0,2.0,2.0,2.0,0.0,0.0,0.0,0.0,1.0,1.0,49107.0,49107.0,49107.0,49107.0,49107.0,49107.0,14,49107.12097131943,95.66269966418884,UK,pfizer,35,hybrid,True
1462,22,94.0,199.0,360.0,544.0,678.0,754.0,0.0,64.0,161.0,265.0,366.0,433.0,0.0,1.0,5.0,10.0,23.0,29.0,0.0,1.0,2.0,3.0,6.0,9.0,0.0,0.0,0.0,0.0,0.0,2.0,40730.0,50904.0,50904.0,50904.0,50904.0,50904.0,14,50904.87934731831,94.66760154710592,France,az,35,hybrid,True
913,13,107.0,144.0,194.0,214.0,225.0,226.0,0.0,63.0,102.0,122.0,132.0,137.0,0.0,0.0,4.0,12.0,15.0,16.0,0.0,0.0,1.0,7.0,7.0,8.0,0.0,0.0,0.0,1.0,5.0,6.0,51090.0,51090.0,51090.0,51090.0,51090.0,51090.0,14,51090.54380397731,107.31230456401526,Japan,pfizer,35,hybrid,True
169,19,96.0,167.0,292.0,426.0,529.0,605.0,0.0,66.0,144.0,240.0,325.0,384.0,0.0,1.0,7.0,18.0,27.0,36.0,0.0,0.0,2.0,5.0,8.0,11.0,0.0,0.0,0.0,1.0,1.0,6.0,49518.0,49518.0,49518.0,49518.0,49518.0,49518.0,14,49518.679714966514,96.72779348304503,Japan,az,35,hybrid,True
1115,5,106.0,149.0,184.0,205.0,213.0,219.0,0.0,62.0,103.0,123.0,130.0,134.0,0.0,2.0,3.0,6.0,8.0,8.0,0.0,1.0,2.0,4.0,4.0,5.0,0.0,0.0,0.0,0.0,1.0,1.0,49999.0,49999.0,49999.0,49999.0,49999.0,49999.0,14,49999.85282301632,106.11698794366778,UK,moderna,35,hybrid,True
713,23,99.0,134.0,157.0,170.0,170.0,170.0,0.0,64.0,99.0,108.0,117.0,117.0,0.0,0.0,5.0,8.0,10.0,10.0,0.0,0.0,2.0,2.0,2.0,2.0,0.0,0.0,0.0,1.0,1.0,1.0,38603.0,48411.0,48411.0,48411.0,48411.0,48411.0,14,48411.57521259557,99.12324426118992,France,moderna,35,hybrid,True
1417,7,94.0,122.0,148.0,153.0,157.0,158.0,0.0,58.0,88.0,97.0,100.0,102.0,0.0,2.0,11.0,15.0,17.0,17.0,0.0,0.0,4.0,6.0,6.0,6.0,0.0,0.0,0.0,1.0,2.0,2.0,40839.0,50763.0,50763.0,50763.0,50763.0,50763.0,14,50763.89172781857,94.32470499607496,France,pfizer,35,hybrid,True
1422,12,94.0,134.0,173.0,185.0,189.0,191.0,0.0,59.0,89.0,107.0,116.0,118.0,0.0,3.0,4.0,7.0,10.0,10.0,0.0,0.0,0.0,0.0,1.0,1.0,0.0,0.0,0.0,0.0,0.0,1.0,40567.0,50763.0,50763.0,50763.0,50763.0,50763.0,14,50763.89172781857,94.32470499607496,France,pfizer,35,hybrid,True
1263,3,105.0,152.0,213.0,239.0,246.0,248.0,0.0,68.0,117.0,150.0,161.0,164.0,0.0,1.0,7.0,9.0,9.0,11.0,0.0,0.0,6.0,6.0,6.0,6.0,0.0,0.0,0.0,2.0,4.0,4.0,50398.0,50398.0,50398.0,50398.0,50398.0,50398.0,14,50398.41309243068,105.97783563947138,Japan,pfizer,35,hybrid,True
274,4,106.0,261.0,685.0,1624.0,3766.0,8256.0,0.0,65.0,226.0,561.0,1351.0,3094.0,0.0,2.0,7.0,21.0,56.0,131.0,0.0,0.0,1.0,4.0,8.0,25.0,0.0,0.0,0.0,0.0,1.0,1.0,0.0,0.0,0.0,0.0,0.0,0.0,14,49803.032288455855,106.88648265566805,China,none,35,hybrid,True
1074,24,104.0,150.0,196.0,209.0,213.0,214.0,0.0,60.0,102.0,117.0,118.0,120.0,0.0,0.0,3.0,7.0,8.0,10.0,0.0,0.0,0.0,1.0,1.0,1.0,0.0,0.0,0.0,0.0,0.0,0.0,24105.0,48056.0,48249.0,48251.0,48251.0,48251.0,14,48251.89212375311,104.0916249549614,China,moderna,35,hybrid,True
489,9,100.0,134.0,161.0,174.0,176.0,176.0,0.0,73.0,107.0,122.0,130.0,131.0,0.0,1.0,7.0,8.0,9.0,9.0,0.0,0.0,1.0,1.0,1.0,1.0,0.0,0.0,0.0,1.0,1.0,1.0,49904.0,49904.0,49904.0,49904.0,49904.0,49904.0,14,49904.16105332114,100.79498831914596,Japan,moderna,35,hybrid,True
94,4,103.0,153.0,201.0,219.0,231.0,233.0,0.0,69.0,111.0,139.0,146.0,151.0,0.0,0.0,3.0,5.0,8.0,8.0,0.0,0.0,0.0,0.0,1.0,1.0,0.0,0.0,0.0,0.0,0.0,0.0,25046.0,49814.0,50020.0,50022.0,50022.0,50022.0,14,50022.07495389883,103.71610485739647,China,moderna,35,hybrid,True
937,7,96.0,195.0,392.0,592.0,731.0,833.0,0.0,60.0,153.0,284.0,396.0,481.0,0.0,1.0,10.0,21.0,31.0,36.0,0.0,0.0,4.0,11.0,11.0,17.0,0.0,0.0,0.0,2.0,5.0,5.0,40576.0,50442.0,50442.0,50442.0,50442.0,50442.0,14,50442.4308296262,96.99902118460956,France,az,35,hybrid,True
235,25,99.0,132.0,162.0,179.0,186.0,187.0,0.0,59.0,88.0,108.0,114.0,118.0,0.0,3.0,4.0,7.0,8.0,8.0,0.0,0.0,0.0,2.0,3.0,3.0,0.0,0.0,0.0,0.0,0.0,0.0,49309.0,49309.0,49309.0,49309.0,49309.0,49309.0,14,49309.362333392106,99.5424935567896,UK,moderna,35,hybrid,True
269,29,101.0,149.0,181.0,195.0,202.0,204.0,0.0,54.0,89.0,107.0,109.0,111.0,0.0,1.0,4.0,4.0,6.0,6.0,0.0,0.0,1.0,2.0,2.0,2.0,0.0,0.0,1.0,1.0,2.0,2.0,51457.0,51457.0,51457.0,51457.0,51457.0,51457.0,14,51457.28621888858,101.8170785726943,UK,pfizer,35,hybrid,True
728,8,88.0,133.0,173.0,194.0,207.0,212.0,0.0,55.0,95.0,117.0,133.0,137.0,0.0,1.0,2.0,4.0,7.0,7.0,0.0,0.0,0.0,0.0,0.0,0.0,0.0,0.0,0.0,0.0,0.0,0.0,25654.0,50863.0,51085.0,51088.0,51088.0,51088.0,14,51088.166094093074,88.94027363346837,China,pfizer,35,hybrid,True
1368,18,99.0,198.0,356.0,513.0,629.0,721.0,0.0,65.0,155.0,254.0,363.0,429.0,0.0,1.0,5.0,16.0,23.0,30.0,0.0,0.0,2.0,5.0,8.0,11.0,0.0,0.0,0.0,0.0,2.0,2.0,38816.0,48442.0,48442.0,48442.0,48442.0,48442.0,14,48442.10004608631,99.95485323006272,France,az,35,hybrid,True
1123,13,106.0,143.0,198.0,230.0,248.0,255.0,0.0,67.0,102.0,126.0,142.0,151.0,0.0,1.0,5.0,7.0,10.0,10.0,0.0,0.0,2.0,2.0,2.0,2.0,0.0,0.0,0.0,1.0,1.0,1.0,49999.0,49999.0,49999.0,49999.0,49999.0,49999.0,14,49999.85282301632,106.11698794366778,UK,moderna,35,hybrid,True
869,29,91.0,140.0,178.0,200.0,214.0,214.0,0.0,44.0,86.0,99.0,105.0,108.0,0.0,2.0,3.0,5.0,5.0,6.0,0.0,0.0,1.0,2.0,2.0,2.0,0.0,0.0,0.0,0.0,1.0,1.0,25011.0,49925.0,50127.0,50128.0,50128.0,50128.0,14,50128.509455645,91.6238101923775,China,moderna,35,hybrid,True
398,8,96.0,135.0,181.0,203.0,219.0,225.0,0.0,52.0,85.0,108.0,121.0,128.0,0.0,0.0,3.0,3.0,6.0,7.0,0.0,0.0,2.0,2.0,2.0,2.0,0.0,0.0,0.0,0.0,0.0,0.0,25279.0,50112.0,50304.0,50307.0,50307.0,50307.0,14,50307.4916033199,96.84873311265744,China,pfizer,35,hybrid,True
801,21,99.0,135.0,163.0,172.0,177.0,180.0,0.0,64.0,107.0,123.0,129.0,132.0,0.0,0.0,12.0,18.0,20.0,20.0,0.0,0.0,5.0,8.0,11.0,11.0,0.0,0.0,0.0,0.0,2.0,3.0,49243.0,49243.0,49243.0,49243.0,49243.0,49243.0,14,49243.71139577163,99.74778186867265,Japan,moderna,35,hybrid,True
251,11,101.0,133.0,162.0,182.0,186.0,190.0,0.0,60.0,86.0,103.0,112.0,114.0,0.0,0.0,5.0,8.0,9.0,10.0,0.0,0.0,2.0,2.0,3.0,4.0,0.0,0.0,0.0,0.0,0.0,1.0,51457.0,51457.0,51457.0,51457.0,51457.0,51457.0,14,51457.28621888858,101.8170785726943,UK,pfizer,35,hybrid,True
557,17,106.0,140.0,162.0,176.0,185.0,188.0,0.0,64.0,106.0,121.0,129.0,135.0,0.0,0.0,3.0,8.0,8.0,9.0,0.0,0.0,0.0,1.0,1.0,2.0,0.0,0.0,0.0,0.0,0.0,0.0,40898.0,50990.0,50992.0,50992.0,50992.0,50992.0,14,50992.83219826634,106.7656023274978,France,moderna,35,hybrid,True
340,10,95.0,136.0,168.0,183.0,188.0,192.0,0.0,54.0,89.0,107.0,114.0,115.0,0.0,1.0,7.0,11.0,12.0,13.0,0.0,0.0,3.0,3.0,5.0,5.0,0.0,0.0,0.0,0.0,1.0,2.0,48570.0,48570.0,48570.0,48570.0,48570.0,48570.0,14,48570.25146506496,95.2205948554948,UK,pfizer,35,hybrid,True
569,29,106.0,145.0,182.0,190.0,193.0,194.0,0.0,57.0,101.0,120.0,120.0,120.0,0.0,0.0,10.0,16.0,17.0,17.0,0.0,0.0,1.0,3.0,4.0,4.0,0.0,0.0,0.0,0.0,0.0,0.0,40654.0,50992.0,50992.0,50992.0,50992.0,50992.0,14,50992.83219826634,106.7656023274978,France,moderna,35,hybrid,True
110,20,103.0,141.0,192.0,220.0,226.0,226.0,0.0,57.0,96.0,113.0,127.0,128.0,0.0,1.0,4.0,6.0,9.0,9.0,0.0,0.0,0.0,0.0,0.0,0.0,0.0,0.0,0.0,0.0,0.0,0.0,25003.0,49837.0,50022.0,50022.0,50022.0,50022.0,14,50022.07495389883,103.71610485739647,China,moderna,35,hybrid,True
387,27,98.0,222.0,594.0,1262.0,2829.0,5687.0,0.0,64.0,189.0,490.0,1073.0,2323.0,0.0,3.0,7.0,26.0,53.0,110.0,0.0,1.0,3.0,8.0,16.0,28.0,0.0,0.0,0.0,1.0,1.0,1.0,0.0,0.0,0.0,0.0,0.0,0.0,14,51074.20002609812,98.47468271854748,France,none,35,hybrid,True
291,21,106.0,246.0,682.0,1684.0,3923.0,8699.0,0.0,63.0,193.0,589.0,1376.0,3193.0,0.0,0.0,7.0,24.0,55.0,107.0,0.0,0.0,0.0,5.0,11.0,18.0,0.0,0.0,0.0,0.0,1.0,3.0,0.0,0.0,0.0,0.0,0.0,0.0,14,49803.032288455855,106.88648265566805,China,none,35,hybrid,True
1382,2,101.0,221.0,634.0,1486.0,3431.0,7628.0,0.0,64.0,197.0,520.0,1253.0,2880.0,0.0,2.0,3.0,13.0,58.0,149.0,0.0,0.0,2.0,2.0,10.0,34.0,0.0,0.0,0.0,1.0,1.0,4.0,0.0,0.0,0.0,0.0,0.0,0.0,14,49639.41530953354,101.68813883953788,UK,none,35,hybrid,True
1421,11,94.0,130.0,151.0,165.0,166.0,168.0,0.0,57.0,86.0,95.0,102.0,104.0,0.0,1.0,7.0,9.0,12.0,12.0,0.0,0.0,4.0,6.0,8.0,8.0,0.0,0.0,0.0,3.0,4.0,5.0,40664.0,50763.0,50763.0,50763.0,50763.0,50763.0,14,50763.89172781857,94.32470499607496,France,pfizer,35,hybrid,True
1113,3,106.0,149.0,196.0,219.0,235.0,239.0,0.0,63.0,103.0,122.0,132.0,136.0,0.0,0.0,5.0,10.0,10.0,10.0,0.0,0.0,0.0,2.0,2.0,2.0,0.0,0.0,0.0,0.0,0.0,1.0,49999.0,49999.0,49999.0,49999.0,49999.0,49999.0,14,49999.85282301632,106.11698794366778,UK,moderna,35,hybrid,True
494,14,100.0,138.0,166.0,178.0,178.0,180.0,0.0,62.0,97.0,110.0,115.0,115.0,0.0,1.0,6.0,9.0,9.0,9.0,0.0,0.0,3.0,4.0,4.0,4.0,0.0,0.0,0.0,1.0,3.0,3.0,49904.0,49904.0,49904.0,49904.0,49904.0,49904.0,14,49904.16105332114,100.79498831914596,Japan,moderna,35,hybrid,True
692,2,99.0,124.0,150.0,159.0,161.0,161.0,0.0,58.0,86.0,94.0,96.0,97.0,0.0,2.0,9.0,9.0,10.0,10.0,0.0,0.0,2.0,3.0,3.0,3.0,0.0,0.0,0.0,0.0,0.0,0.0,38741.0,48411.0,48411.0,48411.0,48411.0,48411.0,14,48411.57521259557,99.12324426118992,France,moderna,35,hybrid,True
907,7,107.0,146.0,189.0,200.0,205.0,206.0,0.0,81.0,116.0,132.0,137.0,139.0,0.0,1.0,11.0,12.0,15.0,15.0,0.0,0.0,6.0,7.0,7.0,7.0,0.0,0.0,1.0,3.0,4.0,6.0,51090.0,51090.0,51090.0,51090.0,51090.0,51090.0,14,51090.54380397731,107.31230456401526,Japan,pfizer,35,hybrid,True
456,6,90.0,177.0,343.0,514.0,668.0,785.0,0.0,62.0,136.0,247.0,359.0,441.0,0.0,1.0,5.0,11.0,20.0,26.0,0.0,0.0,1.0,3.0,4.0,7.0,0.0,0.0,0.0,0.0,0.0,0.0,39711.0,49719.0,49719.0,49719.0,49719.0,49719.0,14,49719.446407232535,90.6910120650291,France,az,35,hybrid,True
462,12,90.0,162.0,291.0,456.0,605.0,689.0,0.0,60.0,138.0,223.0,325.0,403.0,0.0,1.0,5.0,7.0,17.0,26.0,0.0,0.0,0.0,1.0,6.0,9.0,0.0,0.0,0.0,0.0,1.0,1.0,39719.0,49719.0,49719.0,49719.0,49719.0,49719.0,14,49719.446407232535,90.6910120650291,France,az,35,hybrid,True
1300,10,104.0,213.0,506.0,1225.0,2748.0,5841.0,0.0,68.0,193.0,449.0,1060.0,2341.0,0.0,3.0,11.0,27.0,63.0,140.0,0.0,1.0,2.0,7.0,14.0,41.0,0.0,0.0,0.0,1.0,2.0,5.0,0.0,0.0,0.0,0.0,0.0,0.0,14,49755.53491663295,104.91218343602756,Japan,none,35,hybrid,True
318,18,104.0,178.0,304.0,452.0,565.0,674.0,0.0,70.0,140.0,239.0,318.0,394.0,0.0,3.0,10.0,19.0,29.0,39.0,0.0,2.0,3.0,6.0,9.0,11.0,0.0,0.0,0.0,1.0,2.0,2.0,49631.0,49631.0,49631.0,49631.0,49631.0,49631.0,14,49631.01418884,104.61927122139492,Japan,az,35,hybrid,True
902,2,107.0,139.0,187.0,203.0,205.0,205.0,0.0,68.0,104.0,122.0,126.0,127.0,0.0,2.0,9.0,17.0,17.0,17.0,0.0,0.0,3.0,5.0,6.0,6.0,0.0,0.0,0.0,0.0,1.0,2.0,51090.0,51090.0,51090.0,51090.0,51090.0,51090.0,14,51090.54380397731,107.31230456401526,Japan,pfizer,35,hybrid,True
1281,21,105.0,139.0,178.0,191.0,194.0,194.0,0.0,70.0,105.0,121.0,125.0,125.0,0.0,2.0,7.0,9.0,10.0,10.0,0.0,0.0,2.0,4.0,4.0,4.0,0.0,0.0,0.0,0.0,1.0,1.0,50398.0,50398.0,50398.0,50398.0,50398.0,50398.0,14,50398.41309243068,105.97783563947138,Japan,pfizer,35,hybrid,True
868,28,91.0,135.0,169.0,188.0,202.0,207.0,0.0,42.0,88.0,109.0,116.0,123.0,0.0,1.0,7.0,13.0,15.0,15.0,0.0,0.0,2.0,5.0,5.0,5.0,0.0,0.0,0.0,0.0,2.0,2.0,24919.0,49937.0,50127.0,50128.0,50128.0,50128.0,14,50128.509455645,91.6238101923775,China,moderna,35,hybrid,True
1170,0,96.0,210.0,410.0,662.0,849.0,993.0,0.0,63.0,163.0,302.0,456.0,575.0,0.0,1.0,6.0,19.0,25.0,42.0,0.0,0.0,3.0,8.0,9.0,13.0,0.0,0.0,0.0,3.0,4.0,4.0,50210.0,50210.0,50210.0,50210.0,50210.0,50210.0,14,50210.16071623414,96.10477445076984,Japan,az,35,hybrid,True
598,28,102.0,163.0,198.0,223.0,233.0,235.0,0.0,67.0,115.0,136.0,144.0,149.0,0.0,2.0,6.0,10.0,11.0,11.0,0.0,0.0,2.0,2.0,2.0,2.0,0.0,0.0,0.0,0.0,0.0,0.0,48298.0,48298.0,48298.0,48298.0,48298.0,48298.0,14,48298.11445016439,102.55462969194696,UK,moderna,35,hybrid,True
47,17,99.0,163.0,203.0,214.0,218.0,221.0,0.0,62.0,103.0,126.0,132.0,136.0,0.0,2.0,6.0,10.0,11.0,12.0,0.0,0.0,2.0,3.0,4.0,4.0,0.0,0.0,0.0,1.0,1.0,1.0,49985.0,49985.0,49985.0,49985.0,49985.0,49985.0,14,49985.91324401598,99.46531903528498,Japan,pfizer,35,hybrid,True
143,23,98.0,259.0,668.0,1588.0,3751.0,8152.0,0.0,58.0,211.0,555.0,1323.0,3038.0,0.0,1.0,7.0,17.0,45.0,108.0,0.0,0.0,3.0,5.0,11.0,24.0,0.0,0.0,0.0,1.0,1.0,2.0,0.0,0.0,0.0,0.0,0.0,0.0,14,48877.15583154997,98.24847085902476,China,none,35,hybrid,True
240,0,101.0,153.0,192.0,207.0,212.0,214.0,0.0,66.0,107.0,127.0,130.0,132.0,0.0,2.0,7.0,11.0,11.0,12.0,0.0,0.0,3.0,4.0,4.0,4.0,0.0,0.0,0.0,1.0,1.0,2.0,51457.0,51457.0,51457.0,51457.0,51457.0,51457.0,14,51457.28621888858,101.8170785726943,UK,pfizer,35,hybrid,True
44,14,99.0,123.0,146.0,151.0,151.0,151.0,0.0,71.0,95.0,106.0,107.0,107.0,0.0,2.0,9.0,11.0,12.0,12.0,0.0,0.0,3.0,4.0,5.0,5.0,0.0,0.0,0.0,2.0,3.0,3.0,49985.0,49985.0,49985.0,49985.0,49985.0,49985.0,14,49985.91324401598,99.46531903528498,Japan,pfizer,35,hybrid,True
89,29,95.0,140.0,168.0,183.0,187.0,187.0,0.0,58.0,93.0,110.0,114.0,114.0,0.0,3.0,9.0,9.0,9.0,10.0,0.0,0.0,5.0,6.0,6.0,6.0,0.0,0.0,0.0,1.0,2.0,2.0,49107.0,49107.0,49107.0,49107.0,49107.0,49107.0,14,49107.12097131943,95.66269966418884,UK,pfizer,35,hybrid,True
888,18,102.0,154.0,197.0,218.0,222.0,223.0,0.0,57.0,105.0,127.0,138.0,140.0,0.0,0.0,2.0,6.0,7.0,8.0,0.0,0.0,0.0,0.0,0.0,0.0,0.0,0.0,0.0,0.0,0.0,0.0,39995.0,49948.0,49948.0,49948.0,49948.0,49948.0,14,49948.50214681416,102.71998584917912,France,moderna,35,hybrid,True
1238,8,99.0,200.0,495.0,1111.0,2432.0,5107.0,0.0,54.0,165.0,433.0,938.0,2056.0,0.0,1.0,9.0,17.0,45.0,111.0,0.0,0.0,2.0,7.0,13.0,35.0,0.0,0.0,0.0,1.0,2.0,5.0,0.0,0.0,0.0,0.0,0.0,0.0,14,51234.41111932517,99.79926650480289,Japan,none,35,hybrid,True
708,18,99.0,128.0,152.0,161.0,167.0,172.0,0.0,61.0,85.0,91.0,95.0,97.0,0.0,1.0,8.0,11.0,12.0,12.0,0.0,0.0,2.0,3.0,3.0,3.0,0.0,0.0,0.0,0.0,1.0,1.0,38787.0,48411.0,48411.0,48411.0,48411.0,48411.0,14,48411.57521259557,99.12324426118992,France,moderna,35,hybrid,True
428,8,104.0,213.0,402.0,619.0,780.0,912.0,0.0,60.0,154.0,302.0,420.0,534.0,0.0,0.0,8.0,17.0,31.0,45.0,0.0,0.0,1.0,3.0,9.0,15.0,0.0,0.0,0.0,1.0,2.0,3.0,50118.0,50118.0,50118.0,50118.0,50118.0,50118.0,14,50118.11080239527,104.58361811850742,Japan,az,35,hybrid,True
377,17,98.0,216.0,504.0,1171.0,2655.0,5422.0,0.0,60.0,192.0,453.0,1011.0,2205.0,0.0,0.0,5.0,23.0,62.0,131.0,0.0,0.0,3.0,10.0,21.0,37.0,0.0,0.0,0.0,0.0,2.0,5.0,0.0,0.0,0.0,0.0,0.0,0.0,14,51074.20002609812,98.47468271854748,France,none,35,hybrid,True
737,17,88.0,149.0,201.0,222.0,228.0,231.0,0.0,52.0,101.0,120.0,125.0,128.0,0.0,1.0,7.0,9.0,11.0,12.0,0.0,0.0,0.0,0.0,1.0,2.0,0.0,0.0,0.0,0.0,0.0,0.0,25620.0,50866.0,51088.0,51088.0,51088.0,51088.0,14,51088.166094093074,88.94027363346837,China,pfizer,35,hybrid,True
1011,21,95.0,173.0,311.0,467.0,582.0,666.0,0.0,68.0,154.0,246.0,333.0,405.0,0.0,3.0,8.0,16.0,27.0,35.0,0.0,1.0,2.0,4.0,11.0,16.0,0.0,0.0,0.0,1.0,2.0,4.0,48433.0,48433.0,48433.0,48433.0,48433.0,48433.0,14,48433.62597969629,95.206665792963,Japan,az,35,hybrid,True
1197,27,96.0,210.0,389.0,582.0,769.0,912.0,0.0,56.0,153.0,276.0,410.0,519.0,0.0,0.0,7.0,13.0,25.0,36.0,0.0,0.0,4.0,7.0,9.0,13.0,0.0,0.0,0.0,0.0,1.0,1.0,50210.0,50210.0,50210.0,50210.0,50210.0,50210.0,14,50210.16071623414,96.10477445076984,Japan,az,35,hybrid,True
660,0,101.0,204.0,421.0,761.0,1138.0,1403.0,0.0,65.0,156.0,307.0,513.0,718.0,0.0,1.0,4.0,13.0,30.0,46.0,0.0,0.0,1.0,1.0,3.0,4.0,0.0,0.0,0.0,0.0,0.0,0.0,25665.0,51271.0,51479.0,51482.0,51482.0,51482.0,14,51482.24752366832,101.33166738045342,China,az,35,hybrid,True
571,1,102.0,140.0,173.0,191.0,194.0,194.0,0.0,58.0,95.0,116.0,120.0,120.0,0.0,0.0,4.0,6.0,8.0,9.0,0.0,0.0,3.0,4.0,7.0,8.0,0.0,0.0,0.0,0.0,1.0,1.0,48298.0,48298.0,48298.0,48298.0,48298.0,48298.0,14,48298.11445016439,102.55462969194696,UK,moderna,35,hybrid,True
1345,25,105.0,202.0,383.0,585.0,720.0,800.0,0.0,60.0,150.0,254.0,370.0,435.0,0.0,1.0,6.0,14.0,20.0,32.0,0.0,1.0,1.0,5.0,6.0,9.0,0.0,0.0,0.0,0.0,3.0,3.0,39960.0,50100.0,50100.0,50100.0,50100.0,50100.0,14,50100.278086344006,105.0807349103839,France,az,35,hybrid,True
925,25,107.0,170.0,233.0,252.0,258.0,259.0,0.0,73.0,121.0,148.0,154.0,158.0,0.0,1.0,8.0,12.0,12.0,12.0,0.0,0.0,1.0,2.0,2.0,2.0,0.0,0.0,0.0,0.0,0.0,1.0,51090.0,51090.0,51090.0,51090.0,51090.0,51090.0,14,51090.54380397731,107.31230456401526,Japan,pfizer,35,hybrid,True
1038,18,102.0,209.0,418.0,659.0,860.0,998.0,0.0,68.0,168.0,300.0,453.0,568.0,0.0,1.0,10.0,23.0,36.0,51.0,0.0,0.0,1.0,10.0,16.0,21.0,0.0,0.0,0.0,0.0,4.0,6.0,50184.0,50184.0,50184.0,50184.0,50184.0,50184.0,14,50184.85649921006,102.993990282074,Japan,az,35,hybrid,True
167,17,96.0,161.0,309.0,478.0,622.0,720.0,0.0,57.0,137.0,246.0,347.0,439.0,0.0,0.0,5.0,14.0,26.0,34.0,0.0,0.0,1.0,4.0,6.0,9.0,0.0,0.0,0.0,2.0,3.0,4.0,49518.0,49518.0,49518.0,49518.0,49518.0,49518.0,14,49518.679714966514,96.72779348304503,Japan,az,35,hybrid,True
1284,24,105.0,144.0,177.0,194.0,199.0,199.0,0.0,69.0,111.0,126.0,133.0,134.0,0.0,2.0,7.0,10.0,11.0,13.0,0.0,1.0,1.0,3.0,3.0,3.0,0.0,0.0,0.0,1.0,2.0,2.0,50398.0,50398.0,50398.0,50398.0,50398.0,50398.0,14,50398.41309243068,105.97783563947138,Japan,pfizer,35,hybrid,True
526,16,92.0,125.0,162.0,169.0,170.0,170.0,0.0,59.0,86.0,106.0,108.0,109.0,0.0,1.0,5.0,6.0,6.0,7.0,0.0,0.0,3.0,5.0,5.0,6.0,0.0,0.0,0.0,1.0,1.0,2.0,49379.0,49379.0,49379.0,49379.0,49379.0,49379.0,14,49379.55715033923,92.98151663291794,Japan,pfizer,35,hybrid,True
1246,16,99.0,208.0,482.0,1101.0,2282.0,4794.0,0.0,63.0,188.0,427.0,949.0,1956.0,0.0,4.0,12.0,24.0,44.0,108.0,0.0,1.0,5.0,8.0,13.0,35.0,0.0,0.0,0.0,2.0,4.0,6.0,0.0,0.0,0.0,0.0,0.0,0.0,14,51234.41111932517,99.79926650480289,Japan,none,35,hybrid,True
1389,9,101.0,298.0,938.0,2255.0,5129.0,10680.0,0.0,64.0,276.0,802.0,1905.0,4263.0,0.0,2.0,13.0,40.0,90.0,207.0,0.0,0.0,2.0,7.0,17.0,46.0,0.0,0.0,0.0,0.0,2.0,7.0,0.0,0.0,0.0,0.0,0.0,0.0,14,49639.41530953354,101.68813883953788,UK,none,35,hybrid,True
1028,8,102.0,158.0,269.0,383.0,464.0,523.0,0.0,64.0,113.0,193.0,264.0,309.0,0.0,1.0,10.0,16.0,19.0,29.0,0.0,0.0,3.0,4.0,6.0,9.0,0.0,0.0,0.0,1.0,1.0,2.0,50184.0,50184.0,50184.0,50184.0,50184.0,50184.0,14,50184.85649921006,102.993990282074,Japan,az,35,hybrid,True
517,7,92.0,124.0,158.0,170.0,173.0,174.0,0.0,57.0,88.0,106.0,111.0,111.0,0.0,2.0,7.0,10.0,11.0,12.0,0.0,0.0,2.0,3.0,5.0,5.0,0.0,0.0,0.0,1.0,1.0,2.0,49379.0,49379.0,49379.0,49379.0,49379.0,49379.0,14,49379.55715033923,92.98151663291794,Japan,pfizer,35,hybrid,True
391,1,96.0,155.0,227.0,247.0,251.0,254.0,0.0,66.0,117.0,144.0,156.0,157.0,0.0,0.0,5.0,10.0,11.0,11.0,0.0,0.0,1.0,3.0,4.0,4.0,0.0,0.0,0.0,0.0,2.0,3.0,25124.0,50107.0,50306.0,50307.0,50307.0,50307.0,14,50307.4916033199,96.84873311265744,China,pfizer,35,hybrid,True
742,22,88.0,152.0,193.0,206.0,215.0,217.0,0.0,49.0,88.0,108.0,117.0,120.0,0.0,0.0,4.0,6.0,10.0,10.0,0.0,0.0,1.0,1.0,1.0,1.0,0.0,0.0,0.0,1.0,1.0,1.0,25626.0,50899.0,51085.0,51088.0,51088.0,51088.0,14,51088.166094093074,88.94027363346837,China,pfizer,35,hybrid,True
1328,8,105.0,190.0,379.0,586.0,727.0,847.0,0.0,56.0,135.0,261.0,374.0,468.0,0.0,0.0,11.0,17.0,29.0,40.0,0.0,0.0,6.0,7.0,8.0,11.0,0.0,0.0,0.0,0.0,0.0,0.0,40079.0,50100.0,50100.0,50100.0,50100.0,50100.0,14,50100.278086344006,105.0807349103839,France,az,35,hybrid,True
1139,29,106.0,156.0,192.0,212.0,232.0,237.0,0.0,72.0,108.0,130.0,144.0,152.0,0.0,3.0,7.0,10.0,11.0,11.0,0.0,2.0,3.0,4.0,4.0,4.0,0.0,0.0,1.0,2.0,3.0,3.0,49999.0,49999.0,49999.0,49999.0,49999.0,49999.0,14,49999.85282301632,106.11698794366778,UK,moderna,35,hybrid,True
1030,10,102.0,182.0,310.0,465.0,622.0,749.0,0.0,62.0,147.0,219.0,311.0,409.0,0.0,0.0,10.0,21.0,27.0,36.0,0.0,0.0,5.0,9.0,14.0,15.0,0.0,0.0,0.0,1.0,4.0,6.0,50184.0,50184.0,50184.0,50184.0,50184.0,50184.0,14,50184.85649921006,102.993990282074,Japan,az,35,hybrid,True
608,8,101.0,203.0,510.0,1187.0,2532.0,5264.0,0.0,56.0,175.0,453.0,992.0,2092.0,0.0,2.0,8.0,20.0,44.0,102.0,0.0,0.0,1.0,6.0,12.0,31.0,0.0,0.0,0.0,1.0,2.0,2.0,0.0,0.0,0.0,0.0,0.0,0.0,14,49997.9067815852,101.0044121822941,France,none,35,hybrid,True
1226,26,100.0,139.0,172.0,185.0,187.0,187.0,0.0,58.0,91.0,115.0,119.0,119.0,0.0,2.0,9.0,11.0,12.0,15.0,0.0,0.0,3.0,4.0,5.0,6.0,0.0,0.0,0.0,0.0,1.0,1.0,40485.0,50726.0,50726.0,50726.0,50726.0,50726.0,14,50726.59077744226,100.58683593803556,France,moderna,35,hybrid,True
575,5,102.0,132.0,164.0,171.0,171.0,171.0,0.0,65.0,90.0,102.0,103.0,103.0,0.0,0.0,4.0,6.0,7.0,7.0,0.0,0.0,0.0,1.0,2.0,2.0,0.0,0.0,0.0,0.0,1.0,1.0,48298.0,48298.0,48298.0,48298.0,48298.0,48298.0,14,48298.11445016439,102.55462969194696,UK,moderna,35,hybrid,True
1158,18,97.0,146.0,188.0,214.0,219.0,220.0,0.0,70.0,109.0,130.0,139.0,140.0,0.0,3.0,9.0,14.0,15.0,15.0,0.0,1.0,4.0,5.0,5.0,5.0,0.0,0.0,1.0,1.0,3.0,3.0,50136.0,50136.0,50136.0,50136.0,50136.0,50136.0,14,50136.38244329362,97.54370444253274,Japan,pfizer,35,hybrid,True
14,14,105.0,153.0,201.0,224.0,232.0,238.0,0.0,66.0,100.0,125.0,139.0,143.0,0.0,0.0,8.0,12.0,13.0,13.0,0.0,0.0,1.0,1.0,2.0,2.0,0.0,0.0,0.0,0.0,0.0,0.0,24327.0,48556.0,48738.0,48739.0,48739.0,48739.0,14,48739.63476718004,105.75946387602237,China,moderna,35,hybrid,True
393,3,96.0,141.0,186.0,224.0,233.0,237.0,0.0,55.0,92.0,122.0,141.0,143.0,0.0,0.0,0.0,1.0,1.0,2.0,0.0,0.0,0.0,0.0,0.0,1.0,0.0,0.0,0.0,0.0,0.0,0.0,25141.0,50132.0,50307.0,50307.0,50307.0,50307.0,14,50307.4916033199,96.84873311265744,China,pfizer,35,hybrid,True
780,0,99.0,141.0,180.0,195.0,202.0,205.0,0.0,66.0,99.0,110.0,114.0,117.0,0.0,0.0,3.0,5.0,6.0,7.0,0.0,0.0,1.0,2.0,3.0,3.0,0.0,0.0,0.0,1.0,1.0,2.0,49243.0,49243.0,49243.0,49243.0,49243.0,49243.0,14,49243.71139577163,99.74778186867265,Japan,moderna,35,hybrid,True
514,4,92.0,119.0,156.0,175.0,180.0,182.0,0.0,53.0,81.0,101.0,112.0,113.0,0.0,0.0,7.0,9.0,9.0,10.0,0.0,0.0,1.0,1.0,1.0,2.0,0.0,0.0,0.0,1.0,1.0,1.0,49379.0,49379.0,49379.0,49379.0,49379.0,49379.0,14,49379.55715033923,92.98151663291794,Japan,pfizer,35,hybrid,True
834,24,99.0,187.0,374.0,588.0,799.0,939.0,0.0,65.0,145.0,259.0,405.0,512.0,0.0,1.0,3.0,8.0,21.0,29.0,0.0,0.0,1.0,1.0,5.0,8.0,0.0,0.0,0.0,0.0,0.0,1.0,24839.0,49529.0,49721.0,49724.0,49724.0,49724.0,14,49724.144402507256,99.18885594632889,China,az,35,hybrid,True
1253,23,99.0,209.0,513.0,1154.0,2316.0,4612.0,0.0,60.0,183.0,421.0,955.0,1952.0,0.0,1.0,11.0,25.0,54.0,145.0,0.0,0.0,3.0,9.0,18.0,41.0,0.0,0.0,0.0,0.0,3.0,5.0,0.0,0.0,0.0,0.0,0.0,0.0,14,51234.41111932517,99.79926650480289,Japan,none,35,hybrid,True
1426,16,94.0,115.0,134.0,137.0,138.0,138.0,0.0,52.0,69.0,77.0,78.0,78.0,0.0,2.0,8.0,9.0,10.0,10.0,0.0,0.0,4.0,5.0,5.0,5.0,0.0,0.0,0.0,2.0,2.0,3.0,40739.0,50762.0,50763.0,50763.0,50763.0,50763.0,14,50763.89172781857,94.32470499607496,France,pfizer,35,hybrid,True
878,8,102.0,144.0,182.0,195.0,206.0,209.0,0.0,68.0,106.0,120.0,130.0,134.0,0.0,3.0,7.0,10.0,11.0,13.0,0.0,2.0,3.0,3.0,3.0,3.0,0.0,0.0,0.0,0.0,0.0,0.0,39966.0,49948.0,49948.0,49948.0,49948.0,49948.0,14,49948.50214681416,102.71998584917912,France,moderna,35,hybrid,True
954,24,96.0,159.0,260.0,372.0,462.0,515.0,0.0,54.0,118.0,189.0,262.0,304.0,0.0,0.0,3.0,12.0,18.0,26.0,0.0,0.0,1.0,2.0,4.0,7.0,0.0,0.0,0.0,0.0,1.0,3.0,40256.0,50442.0,50442.0,50442.0,50442.0,50442.0,14,50442.4308296262,96.99902118460956,France,az,35,hybrid,True
970,10,97.0,205.0,411.0,732.0,1034.0,1237.0,0.0,57.0,143.0,292.0,483.0,640.0,0.0,0.0,5.0,10.0,23.0,31.0,0.0,0.0,1.0,3.0,8.0,11.0,0.0,0.0,0.0,0.0,1.0,2.0,25064.0,50018.0,50210.0,50211.0,50211.0,50211.0,14,50211.60882661644,97.27296188254326,China,az,35,hybrid,True
255,15,101.0,129.0,164.0,172.0,174.0,178.0,0.0,53.0,82.0,93.0,99.0,101.0,0.0,0.0,6.0,11.0,12.0,13.0,0.0,0.0,1.0,4.0,4.0,5.0,0.0,0.0,0.0,0.0,2.0,2.0,51457.0,51457.0,51457.0,51457.0,51457.0,51457.0,14,51457.28621888858,101.8170785726943,UK,pfizer,35,hybrid,True
750,0,98.0,148.0,182.0,192.0,196.0,196.0,0.0,65.0,101.0,119.0,124.0,125.0,0.0,2.0,10.0,10.0,12.0,12.0,0.0,2.0,6.0,6.0,6.0,6.0,0.0,0.0,0.0,2.0,3.0,4.0,39734.0,49640.0,49640.0,49640.0,49640.0,49640.0,14,49640.443087842286,98.3422736662664,France,pfizer,35,hybrid,True
1369,19,99.0,165.0,256.0,352.0,433.0,490.0,0.0,55.0,108.0,161.0,214.0,247.0,0.0,1.0,7.0,12.0,15.0,20.0,0.0,1.0,1.0,3.0,4.0,7.0,0.0,0.0,0.0,1.0,1.0,3.0,38689.0,48442.0,48442.0,48442.0,48442.0,48442.0,14,48442.10004608631,99.95485323006272,France,az,35,hybrid,True
967,7,97.0,218.0,422.0,690.0,970.0,1169.0,0.0,56.0,171.0,311.0,486.0,626.0,0.0,0.0,7.0,15.0,30.0,39.0,0.0,0.0,1.0,4.0,11.0,12.0,0.0,0.0,0.0,0.0,1.0,3.0,25389.0,50019.0,50210.0,50211.0,50211.0,50211.0,14,50211.60882661644,97.27296188254326,China,az,35,hybrid,True
1047,27,102.0,196.0,343.0,507.0,647.0,746.0,0.0,62.0,160.0,253.0,359.0,431.0,0.0,0.0,7.0,13.0,30.0,37.0,0.0,0.0,3.0,6.0,8.0,9.0,0.0,0.0,0.0,0.0,0.0,0.0,50184.0,50184.0,50184.0,50184.0,50184.0,50184.0,14,50184.85649921006,102.993990282074,Japan,az,35,hybrid,True
150,0,96.0,193.0,356.0,570.0,724.0,842.0,0.0,69.0,171.0,289.0,411.0,496.0,0.0,0.0,7.0,14.0,28.0,37.0,0.0,0.0,1.0,4.0,5.0,8.0,0.0,0.0,0.0,0.0,0.0,0.0,49518.0,49518.0,49518.0,49518.0,49518.0,49518.0,14,49518.679714966514,96.72779348304503,Japan,az,35,hybrid,True
358,28,95.0,131.0,161.0,169.0,173.0,174.0,0.0,62.0,85.0,101.0,104.0,107.0,0.0,2.0,2.0,3.0,4.0,5.0,0.0,0.0,0.0,0.0,0.0,1.0,0.0,0.0,0.0,0.0,0.0,0.0,48570.0,48570.0,48570.0,48570.0,48570.0,48570.0,14,48570.25146506496,95.2205948554948,UK,pfizer,35,hybrid,True
1103,23,95.0,143.0,177.0,198.0,207.0,209.0,0.0,65.0,95.0,122.0,128.0,131.0,0.0,2.0,7.0,9.0,11.0,11.0,0.0,0.0,1.0,4.0,4.0,4.0,0.0,0.0,0.0,1.0,2.0,2.0,50201.0,50201.0,50201.0,50201.0,50201.0,50201.0,14,50201.95375841179,95.3929475480306,Japan,pfizer,35,hybrid,True
617,17,101.0,230.0,626.0,1422.0,3061.0,6161.0,0.0,61.0,185.0,506.0,1202.0,2514.0,0.0,1.0,10.0,27.0,72.0,148.0,0.0,0.0,1.0,5.0,14.0,39.0,0.0,0.0,0.0,0.0,2.0,5.0,0.0,0.0,0.0,0.0,0.0,0.0,14,49997.9067815852,101.0044121822941,France,none,35,hybrid,True
34,4,99.0,135.0,159.0,171.0,179.0,180.0,0.0,56.0,94.0,103.0,110.0,112.0,0.0,0.0,2.0,4.0,5.0,6.0,0.0,0.0,1.0,2.0,3.0,3.0,0.0,0.0,0.0,0.0,0.0,0.0,49985.0,49985.0,49985.0,49985.0,49985.0,49985.0,14,49985.91324401598,99.46531903528498,Japan,pfizer,35,hybrid,True
392,2,96.0,131.0,168.0,184.0,188.0,189.0,0.0,58.0,96.0,108.0,117.0,117.0,0.0,2.0,5.0,11.0,11.0,11.0,0.0,1.0,2.0,2.0,4.0,4.0,0.0,0.0,0.0,0.0,0.0,0.0,25181.0,50129.0,50306.0,50307.0,50307.0,50307.0,14,50307.4916033199,96.84873311265744,China,pfizer,35,hybrid,True
50,20,99.0,145.0,171.0,192.0,198.0,200.0,0.0,63.0,103.0,114.0,127.0,131.0,0.0,4.0,11.0,13.0,14.0,16.0,0.0,0.0,6.0,7.0,9.0,9.0,0.0,0.0,0.0,2.0,2.0,2.0,49985.0,49985.0,49985.0,49985.0,49985.0,49985.0,14,49985.91324401598,99.46531903528498,Japan,pfizer,35,hybrid,True
109,19,103.0,139.0,183.0,202.0,209.0,211.0,0.0,63.0,98.0,122.0,128.0,130.0,0.0,0.0,4.0,6.0,9.0,9.0,0.0,0.0,1.0,2.0,3.0,3.0,0.0,0.0,0.0,0.0,1.0,2.0,25004.0,49823.0,50019.0,50022.0,50022.0,50022.0,14,50022.07495389883,103.71610485739647,China,moderna,35,hybrid,True
404,14,96.0,130.0,171.0,179.0,182.0,182.0,0.0,55.0,79.0,98.0,101.0,101.0,0.0,1.0,6.0,6.0,6.0,7.0,0.0,0.0,0.0,0.0,0.0,0.0,0.0,0.0,0.0,0.0,0.0,0.0,25106.0,50123.0,50307.0,50307.0,50307.0,50307.0,14,50307.4916033199,96.84873311265744,China,pfizer,35,hybrid,True
1450,10,94.0,157.0,262.0,346.0,402.0,446.0,0.0,57.0,112.0,179.0,226.0,265.0,0.0,1.0,7.0,14.0,21.0,24.0,0.0,0.0,1.0,4.0,6.0,7.0,0.0,0.0,0.0,0.0,3.0,3.0,40672.0,50904.0,50904.0,50904.0,50904.0,50904.0,14,50904.87934731831,94.66760154710592,France,az,35,hybrid,True
216,6,99.0,146.0,192.0,218.0,227.0,230.0,0.0,50.0,97.0,117.0,129.0,134.0,0.0,0.0,4.0,7.0,9.0,11.0,0.0,0.0,0.0,2.0,3.0,4.0,0.0,0.0,0.0,0.0,1.0,1.0,49309.0,49309.0,49309.0,49309.0,49309.0,49309.0,14,49309.362333392106,99.5424935567896,UK,moderna,35,hybrid,True
1096,16,95.0,136.0,159.0,175.0,179.0,183.0,0.0,66.0,96.0,110.0,122.0,124.0,0.0,0.0,12.0,15.0,17.0,17.0,0.0,0.0,3.0,5.0,6.0,6.0,0.0,0.0,0.0,0.0,2.0,2.0,50201.0,50201.0,50201.0,50201.0,50201.0,50201.0,14,50201.95375841179,95.3929475480306,Japan,pfizer,35,hybrid,True
746,26,88.0,138.0,175.0,198.0,202.0,202.0,0.0,51.0,93.0,110.0,117.0,119.0,0.0,1.0,3.0,8.0,10.0,10.0,0.0,0.0,0.0,2.0,2.0,2.0,0.0,0.0,0.0,0.0,0.0,0.0,25516.0,50864.0,51088.0,51088.0,51088.0,51088.0,14,51088.166094093074,88.94027363346837,China,pfizer,35,hybrid,True
634,4,99.0,182.0,354.0,539.0,677.0,753.0,0.0,65.0,153.0,266.0,380.0,470.0,0.0,2.0,8.0,21.0,35.0,39.0,0.0,0.0,4.0,6.0,10.0,10.0,0.0,0.0,1.0,2.0,3.0,5.0,49566.0,49566.0,49566.0,49566.0,49566.0,49566.0,14,49566.72186387225,99.61678192455048,Japan,az,35,hybrid,True
470,20,90.0,191.0,374.0,553.0,683.0,765.0,0.0,61.0,157.0,271.0,377.0,454.0,0.0,0.0,6.0,12.0,24.0,31.0,0.0,0.0,1.0,4.0,6.0,10.0,0.0,0.0,0.0,1.0,2.0,3.0,39701.0,49719.0,49719.0,49719.0,49719.0,49719.0,14,49719.446407232535,90.6910120650291,France,az,35,hybrid,True
1346,26,105.0,226.0,407.0,626.0,787.0,880.0,0.0,62.0,179.0,305.0,437.0,522.0,0.0,0.0,7.0,20.0,28.0,35.0,0.0,0.0,2.0,5.0,5.0,8.0,0.0,0.0,0.0,0.0,1.0,3.0,39976.0,50100.0,50100.0,50100.0,50100.0,50100.0,14,50100.278086344006,105.0807349103839,France,az,35,hybrid,True
332,2,95.0,129.0,161.0,177.0,184.0,184.0,0.0,59.0,89.0,102.0,107.0,109.0,0.0,0.0,3.0,7.0,7.0,7.0,0.0,0.0,1.0,3.0,3.0,3.0,0.0,0.0,0.0,0.0,1.0,2.0,48570.0,48570.0,48570.0,48570.0,48570.0,48570.0,14,48570.25146506496,95.2205948554948,UK,pfizer,35,hybrid,True
522,12,92.0,126.0,163.0,179.0,183.0,183.0,0.0,65.0,96.0,112.0,118.0,120.0,0.0,1.0,9.0,15.0,16.0,16.0,0.0,0.0,3.0,4.0,4.0,4.0,0.0,0.0,0.0,2.0,2.0,2.0,49379.0,49379.0,49379.0,49379.0,49379.0,49379.0,14,49379.55715033923,92.98151663291794,Japan,pfizer,35,hybrid,True
466,16,90.0,197.0,377.0,585.0,768.0,865.0,0.0,58.0,158.0,267.0,396.0,488.0,0.0,1.0,7.0,12.0,26.0,33.0,0.0,0.0,0.0,2.0,5.0,9.0,0.0,0.0,0.0,0.0,0.0,2.0,39898.0,49719.0,49719.0,49719.0,49719.0,49719.0,14,49719.446407232535,90.6910120650291,France,az,35,hybrid,True
870,0,102.0,130.0,162.0,172.0,177.0,181.0,0.0,57.0,90.0,107.0,113.0,116.0,0.0,1.0,7.0,10.0,12.0,12.0,0.0,0.0,2.0,2.0,4.0,4.0,0.0,0.0,0.0,1.0,2.0,2.0,39987.0,49947.0,49948.0,49948.0,49948.0,49948.0,14,49948.50214681416,102.71998584917912,France,moderna,35,hybrid,True
659,29,99.0,178.0,309.0,478.0,600.0,663.0,0.0,64.0,149.0,240.0,346.0,418.0,0.0,2.0,9.0,16.0,30.0,44.0,0.0,0.0,4.0,9.0,14.0,17.0,0.0,0.0,0.0,2.0,3.0,4.0,49566.0,49566.0,49566.0,49566.0,49566.0,49566.0,14,49566.72186387225,99.61678192455048,Japan,az,35,hybrid,True
160,10,96.0,155.0,267.0,394.0,507.0,575.0,0.0,56.0,111.0,179.0,253.0,325.0,0.0,1.0,8.0,11.0,20.0,32.0,0.0,0.0,2.0,4.0,7.0,11.0,0.0,0.0,0.0,1.0,2.0,3.0,49518.0,49518.0,49518.0,49518.0,49518.0,49518.0,14,49518.679714966514,96.72779348304503,Japan,az,35,hybrid,True
1134,24,106.0,136.0,167.0,180.0,183.0,186.0,0.0,62.0,92.0,107.0,113.0,114.0,0.0,1.0,5.0,9.0,11.0,12.0,0.0,0.0,1.0,4.0,6.0,6.0,0.0,0.0,1.0,1.0,2.0,2.0,49999.0,49999.0,49999.0,49999.0,49999.0,49999.0,14,49999.85282301632,106.11698794366778,UK,moderna,35,hybrid,True
220,10,99.0,130.0,159.0,171.0,175.0,176.0,0.0,61.0,83.0,99.0,105.0,107.0,0.0,0.0,4.0,5.0,10.0,10.0,0.0,0.0,1.0,1.0,4.0,4.0,0.0,0.0,0.0,0.0,0.0,1.0,49309.0,49309.0,49309.0,49309.0,49309.0,49309.0,14,49309.362333392106,99.5424935567896,UK,moderna,35,hybrid,True
610,10,101.0,223.0,576.0,1271.0,2706.0,5583.0,0.0,64.0,196.0,484.0,1064.0,2247.0,0.0,0.0,5.0,12.0,48.0,113.0,0.0,0.0,2.0,5.0,18.0,46.0,0.0,0.0,0.0,1.0,4.0,6.0,0.0,0.0,0.0,0.0,0.0,0.0,14,49997.9067815852,101.0044121822941,France,none,35,hybrid,True
919,19,107.0,138.0,161.0,167.0,170.0,171.0,0.0,68.0,100.0,107.0,109.0,109.0,0.0,2.0,6.0,8.0,9.0,9.0,0.0,0.0,3.0,4.0,4.0,4.0,0.0,0.0,0.0,0.0,1.0,1.0,51090.0,51090.0,51090.0,51090.0,51090.0,51090.0,14,51090.54380397731,107.31230456401526,Japan,pfizer,35,hybrid,True
57,27,99.0,140.0,167.0,183.0,188.0,190.0,0.0,64.0,99.0,114.0,120.0,124.0,0.0,1.0,6.0,13.0,15.0,15.0,0.0,0.0,1.0,2.0,3.0,3.0,0.0,0.0,0.0,1.0,1.0,2.0,49985.0,49985.0,49985.0,49985.0,49985.0,49985.0,14,49985.91324401598,99.46531903528498,Japan,pfizer,35,hybrid,True
674,14,101.0,222.0,438.0,680.0,942.0,1158.0,0.0,71.0,180.0,311.0,465.0,606.0,0.0,1.0,6.0,15.0,18.0,30.0,0.0,0.0,1.0,5.0,8.0,10.0,0.0,0.0,1.0,1.0,2.0,3.0,25685.0,51272.0,51480.0,51482.0,51482.0,51482.0,14,51482.24752366832,101.33166738045342,China,az,35,hybrid,True
498,18,100.0,153.0,194.0,226.0,241.0,243.0,0.0,65.0,98.0,122.0,134.0,140.0,0.0,2.0,9.0,10.0,12.0,14.0,0.0,0.0,2.0,4.0,5.0,6.0,0.0,0.0,0.0,0.0,0.0,1.0,49904.0,49904.0,49904.0,49904.0,49904.0,49904.0,14,49904.16105332114,100.79498831914596,Japan,moderna,35,hybrid,True
1446,6,94.0,179.0,316.0,445.0,550.0,616.0,0.0,56.0,128.0,214.0,299.0,354.0,0.0,0.0,4.0,6.0,12.0,16.0,0.0,0.0,1.0,1.0,4.0,4.0,0.0,0.0,0.0,1.0,1.0,1.0,40643.0,50904.0,50904.0,50904.0,50904.0,50904.0,14,50904.87934731831,94.66760154710592,France,az,35,hybrid,True
872,2,102.0,134.0,166.0,179.0,184.0,186.0,0.0,51.0,82.0,98.0,104.0,107.0,0.0,1.0,7.0,9.0,9.0,9.0,0.0,0.0,2.0,4.0,4.0,4.0,0.0,0.0,0.0,0.0,0.0,1.0,39977.0,49948.0,49948.0,49948.0,49948.0,49948.0,14,49948.50214681416,102.71998584917912,France,moderna,35,hybrid,True
982,22,97.0,241.0,453.0,698.0,912.0,1077.0,0.0,67.0,181.0,332.0,481.0,608.0,0.0,1.0,10.0,16.0,33.0,40.0,0.0,0.0,2.0,5.0,7.0,11.0,0.0,0.0,0.0,0.0,1.0,2.0,25166.0,50003.0,50211.0,50211.0,50211.0,50211.0,14,50211.60882661644,97.27296188254326,China,az,35,hybrid,True
1248,18,99.0,227.0,532.0,1178.0,2524.0,5308.0,0.0,72.0,206.0,442.0,1020.0,2189.0,0.0,0.0,9.0,22.0,47.0,103.0,0.0,0.0,1.0,6.0,10.0,26.0,0.0,0.0,0.0,1.0,2.0,3.0,0.0,0.0,0.0,0.0,0.0,0.0,14,51234.41111932517,99.79926650480289,Japan,none,35,hybrid,True
832,22,99.0,230.0,465.0,754.0,997.0,1190.0,0.0,69.0,191.0,348.0,507.0,652.0,0.0,0.0,7.0,13.0,24.0,38.0,0.0,0.0,2.0,4.0,6.0,9.0,0.0,0.0,0.0,0.0,0.0,1.0,24932.0,49524.0,49721.0,49724.0,49724.0,49724.0,14,49724.144402507256,99.18885594632889,China,az,35,hybrid,True
1425,15,94.0,130.0,172.0,186.0,189.0,190.0,0.0,56.0,96.0,107.0,113.0,115.0,0.0,2.0,9.0,9.0,9.0,10.0,0.0,1.0,2.0,2.0,2.0,2.0,0.0,0.0,0.0,0.0,1.0,1.0,40698.0,50763.0,50763.0,50763.0,50763.0,50763.0,14,50763.89172781857,94.32470499607496,France,pfizer,35,hybrid,True
1019,29,95.0,165.0,270.0,421.0,518.0,563.0,0.0,52.0,128.0,194.0,280.0,325.0,0.0,2.0,8.0,12.0,20.0,27.0,0.0,0.0,1.0,3.0,3.0,5.0,0.0,0.0,0.0,0.0,2.0,2.0,48433.0,48433.0,48433.0,48433.0,48433.0,48433.0,14,48433.62597969629,95.206665792963,Japan,az,35,hybrid,True
337,7,95.0,129.0,167.0,172.0,175.0,175.0,0.0,71.0,95.0,112.0,115.0,116.0,0.0,1.0,3.0,5.0,5.0,6.0,0.0,0.0,1.0,2.0,2.0,2.0,0.0,0.0,1.0,1.0,1.0,1.0,48570.0,48570.0,48570.0,48570.0,48570.0,48570.0,14,48570.25146506496,95.2205948554948,UK,pfizer,35,hybrid,True
935,5,96.0,191.0,364.0,596.0,771.0,904.0,0.0,64.0,144.0,264.0,386.0,499.0,0.0,1.0,6.0,14.0,22.0,27.0,0.0,0.0,1.0,4.0,7.0,7.0,0.0,0.0,0.0,0.0,1.0,2.0,40349.0,50442.0,50442.0,50442.0,50442.0,50442.0,14,50442.4308296262,96.99902118460956,France,az,35,hybrid,True
458,8,90.0,158.0,292.0,449.0,549.0,627.0,0.0,59.0,123.0,202.0,293.0,347.0,0.0,1.0,9.0,16.0,21.0,24.0,0.0,0.0,3.0,6.0,7.0,7.0,0.0,0.0,0.0,1.0,3.0,5.0,39785.0,49719.0,49719.0,49719.0,49719.0,49719.0,14,49719.446407232535,90.6910120650291,France,az,35,hybrid,True
445,25,104.0,198.0,399.0,633.0,808.0,949.0,0.0,73.0,167.0,305.0,435.0,535.0,0.0,2.0,13.0,23.0,38.0,44.0,0.0,1.0,4.0,9.0,16.0,19.0,0.0,0.0,0.0,2.0,6.0,10.0,50118.0,50118.0,50118.0,50118.0,50118.0,50118.0,14,50118.11080239527,104.58361811850742,Japan,az,35,hybrid,True
751,1,98.0,125.0,149.0,155.0,156.0,158.0,0.0,54.0,80.0,87.0,90.0,91.0,0.0,0.0,4.0,7.0,7.0,7.0,0.0,0.0,2.0,4.0,4.0,4.0,0.0,0.0,0.0,0.0,0.0,0.0,39613.0,49640.0,49640.0,49640.0,49640.0,49640.0,14,49640.443087842286,98.3422736662664,France,pfizer,35,hybrid,True
227,17,99.0,145.0,183.0,194.0,200.0,200.0,0.0,54.0,93.0,108.0,113.0,115.0,0.0,0.0,4.0,6.0,7.0,7.0,0.0,0.0,0.0,0.0,1.0,1.0,0.0,0.0,0.0,0.0,0.0,1.0,49309.0,49309.0,49309.0,49309.0,49309.0,49309.0,14,49309.362333392106,99.5424935567896,UK,moderna,35,hybrid,True
926,26,107.0,147.0,193.0,206.0,209.0,209.0,0.0,65.0,106.0,124.0,131.0,132.0,0.0,1.0,9.0,12.0,14.0,15.0,0.0,0.0,3.0,4.0,6.0,6.0,0.0,0.0,0.0,1.0,2.0,2.0,51090.0,51090.0,51090.0,51090.0,51090.0,51090.0,14,51090.54380397731,107.31230456401526,Japan,pfizer,35,hybrid,True
1195,25,96.0,172.0,304.0,467.0,602.0,701.0,0.0,74.0,144.0,240.0,324.0,394.0,0.0,2.0,8.0,14.0,23.0,29.0,0.0,0.0,2.0,5.0,6.0,8.0,0.0,0.0,0.0,0.0,0.0,1.0,50210.0,50210.0,50210.0,50210.0,50210.0,50210.0,14,50210.16071623414,96.10477445076984,Japan,az,35,hybrid,True
13,13,105.0,170.0,230.0,270.0,285.0,290.0,0.0,68.0,114.0,146.0,166.0,172.0,0.0,1.0,4.0,4.0,9.0,9.0,0.0,0.0,2.0,2.0,4.0,4.0,0.0,0.0,0.0,2.0,2.0,2.0,24241.0,48553.0,48737.0,48739.0,48739.0,48739.0,14,48739.63476718004,105.75946387602237,China,moderna,35,hybrid,True
807,27,99.0,147.0,185.0,209.0,215.0,216.0,0.0,58.0,103.0,123.0,133.0,135.0,0.0,0.0,2.0,8.0,8.0,9.0,0.0,0.0,0.0,2.0,3.0,3.0,0.0,0.0,0.0,0.0,0.0,1.0,49243.0,49243.0,49243.0,49243.0,49243.0,49243.0,14,49243.71139577163,99.74778186867265,Japan,moderna,35,hybrid,True
323,23,104.0,182.0,332.0,504.0,677.0,808.0,0.0,63.0,142.0,243.0,348.0,450.0,0.0,1.0,11.0,15.0,21.0,31.0,0.0,1.0,3.0,5.0,9.0,14.0,0.0,0.0,0.0,2.0,5.0,8.0,49631.0,49631.0,49631.0,49631.0,49631.0,49631.0,14,49631.01418884,104.61927122139492,Japan,az,35,hybrid,True
1497,27,104.0,145.0,182.0,206.0,212.0,212.0,0.0,62.0,103.0,120.0,131.0,134.0,0.0,1.0,8.0,9.0,11.0,12.0,0.0,0.0,3.0,5.0,7.0,7.0,0.0,0.0,0.0,1.0,2.0,3.0,50188.0,50188.0,50188.0,50188.0,50188.0,50188.0,14,50188.82580515166,104.88307073450729,Japan,moderna,35,hybrid,True
637,7,99.0,196.0,388.0,556.0,712.0,837.0,0.0,67.0,158.0,281.0,382.0,484.0,0.0,1.0,4.0,19.0,29.0,39.0,0.0,0.0,2.0,7.0,12.0,17.0,0.0,0.0,0.0,1.0,2.0,4.0,49566.0,49566.0,49566.0,49566.0,49566.0,49566.0,14,49566.72186387225,99.61678192455048,Japan,az,35,hybrid,True
482,2,100.0,145.0,181.0,200.0,210.0,213.0,0.0,62.0,104.0,124.0,132.0,138.0,0.0,1.0,9.0,14.0,15.0,17.0,0.0,0.0,6.0,7.0,8.0,9.0,0.0,0.0,2.0,4.0,4.0,4.0,49904.0,49904.0,49904.0,49904.0,49904.0,49904.0,14,49904.16105332114,100.79498831914596,Japan,moderna,35,hybrid,True
467,17,90.0,165.0,283.0,427.0,558.0,651.0,0.0,55.0,131.0,218.0,301.0,375.0,0.0,0.0,6.0,15.0,22.0,28.0,0.0,0.0,1.0,5.0,6.0,9.0,0.0,0.0,0.0,1.0,1.0,2.0,39873.0,49719.0,49719.0,49719.0,49719.0,49719.0,14,49719.446407232535,90.6910120650291,France,az,35,hybrid,True
950,20,96.0,156.0,281.0,395.0,500.0,578.0,0.0,58.0,128.0,222.0,284.0,352.0,0.0,1.0,8.0,19.0,26.0,31.0,0.0,1.0,4.0,6.0,10.0,10.0,0.0,0.0,0.0,0.0,1.0,1.0,40298.0,50442.0,50442.0,50442.0,50442.0,50442.0,14,50442.4308296262,96.99902118460956,France,az,35,hybrid,True
1466,26,94.0,195.0,388.0,593.0,739.0,863.0,0.0,54.0,146.0,281.0,400.0,486.0,0.0,0.0,7.0,19.0,32.0,46.0,0.0,0.0,2.0,4.0,9.0,16.0,0.0,0.0,0.0,0.0,1.0,1.0,40624.0,50904.0,50904.0,50904.0,50904.0,50904.0,14,50904.87934731831,94.66760154710592,France,az,35,hybrid,True
1374,24,99.0,181.0,369.0,544.0,695.0,775.0,0.0,55.0,138.0,252.0,363.0,441.0,0.0,1.0,10.0,18.0,28.0,38.0,0.0,0.0,1.0,4.0,6.0,8.0,0.0,0.0,0.0,0.0,2.0,2.0,38668.0,48442.0,48442.0,48442.0,48442.0,48442.0,14,48442.10004608631,99.95485323006272,France,az,35,hybrid,True
1228,28,100.0,120.0,142.0,145.0,152.0,153.0,0.0,67.0,89.0,93.0,97.0,101.0,0.0,0.0,3.0,9.0,10.0,11.0,0.0,0.0,2.0,3.0,4.0,4.0,0.0,0.0,0.0,0.0,1.0,1.0,40511.0,50726.0,50726.0,50726.0,50726.0,50726.0,14,50726.59077744226,100.58683593803556,France,moderna,35,hybrid,True
1282,22,105.0,156.0,194.0,205.0,210.0,212.0,0.0,62.0,103.0,120.0,128.0,130.0,0.0,1.0,7.0,8.0,8.0,9.0,0.0,0.0,0.0,2.0,2.0,3.0,0.0,0.0,0.0,0.0,1.0,1.0,50398.0,50398.0,50398.0,50398.0,50398.0,50398.0,14,50398.41309243068,105.97783563947138,Japan,pfizer,35,hybrid,True
208,28,88.0,135.0,175.0,200.0,204.0,205.0,0.0,53.0,93.0,120.0,128.0,129.0,0.0,3.0,9.0,11.0,11.0,11.0,0.0,2.0,4.0,5.0,5.0,5.0,0.0,0.0,0.0,1.0,1.0,1.0,52144.0,52144.0,52144.0,52144.0,52144.0,52144.0,14,52144.95033726947,88.71070835884908,UK,pfizer,35,hybrid,True
285,15,106.0,269.0,850.0,2188.0,5120.0,10844.0,0.0,69.0,261.0,718.0,1802.0,4177.0,0.0,0.0,4.0,19.0,59.0,145.0,0.0,0.0,1.0,3.0,10.0,25.0,0.0,0.0,0.0,0.0,1.0,3.0,0.0,0.0,0.0,0.0,0.0,0.0,14,49803.032288455855,106.88648265566805,China,none,35,hybrid,True
1073,23,104.0,154.0,196.0,218.0,228.0,231.0,0.0,58.0,93.0,113.0,118.0,123.0,0.0,1.0,4.0,5.0,6.0,6.0,0.0,0.0,1.0,1.0,1.0,1.0,0.0,0.0,0.0,0.0,0.0,0.0,24165.0,48065.0,48247.0,48251.0,48251.0,48251.0,14,48251.89212375311,104.0916249549614,China,moderna,35,hybrid,True
1313,23,104.0,302.0,781.0,1813.0,3902.0,7927.0,0.0,66.0,263.0,680.0,1538.0,3220.0,0.0,2.0,8.0,32.0,84.0,195.0,0.0,1.0,1.0,9.0,26.0,55.0,0.0,0.0,0.0,1.0,3.0,5.0,0.0,0.0,0.0,0.0,0.0,0.0,14,49755.53491663295,104.91218343602756,Japan,none,35,hybrid,True
893,23,102.0,141.0,170.0,184.0,191.0,194.0,0.0,58.0,92.0,106.0,109.0,113.0,0.0,1.0,4.0,7.0,8.0,9.0,0.0,0.0,0.0,4.0,4.0,4.0,0.0,0.0,0.0,0.0,2.0,2.0,39857.0,49948.0,49948.0,49948.0,49948.0,49948.0,14,49948.50214681416,102.71998584917912,France,moderna,35,hybrid,True
703,13,99.0,131.0,160.0,174.0,181.0,186.0,0.0,56.0,91.0,104.0,109.0,112.0,0.0,0.0,5.0,9.0,12.0,13.0,0.0,0.0,2.0,4.0,5.0,5.0,0.0,0.0,0.0,0.0,1.0,2.0,38645.0,48411.0,48411.0,48411.0,48411.0,48411.0,14,48411.57521259557,99.12324426118992,France,moderna,35,hybrid,True
533,23,92.0,135.0,156.0,167.0,168.0,169.0,0.0,60.0,92.0,106.0,108.0,109.0,0.0,2.0,7.0,10.0,12.0,13.0,0.0,2.0,4.0,5.0,7.0,8.0,0.0,0.0,0.0,1.0,1.0,1.0,49379.0,49379.0,49379.0,49379.0,49379.0,49379.0,14,49379.55715033923,92.98151663291794,Japan,pfizer,35,hybrid,True
694,4,99.0,130.0,153.0,165.0,172.0,173.0,0.0,61.0,92.0,101.0,105.0,106.0,0.0,1.0,9.0,12.0,13.0,14.0,0.0,1.0,4.0,5.0,6.0,7.0,0.0,0.0,0.0,1.0,2.0,2.0,38689.0,48411.0,48411.0,48411.0,48411.0,48411.0,14,48411.57521259557,99.12324426118992,France,moderna,35,hybrid,True
588,18,102.0,140.0,171.0,182.0,187.0,187.0,0.0,71.0,94.0,113.0,117.0,120.0,0.0,1.0,3.0,5.0,5.0,5.0,0.0,0.0,0.0,0.0,0.0,0.0,0.0,0.0,0.0,0.0,0.0,0.0,48298.0,48298.0,48298.0,48298.0,48298.0,48298.0,14,48298.11445016439,102.55462969194696,UK,moderna,35,hybrid,True
1077,27,104.0,158.0,230.0,272.0,294.0,298.0,0.0,55.0,115.0,154.0,171.0,175.0,0.0,0.0,2.0,3.0,3.0,3.0,0.0,0.0,0.0,0.0,0.0,0.0,0.0,0.0,0.0,0.0,0.0,0.0,24196.0,48072.0,48249.0,48251.0,48251.0,48251.0,14,48251.89212375311,104.0916249549614,China,moderna,35,hybrid,True
630,0,99.0,173.0,330.0,503.0,640.0,732.0,0.0,72.0,148.0,261.0,366.0,448.0,0.0,1.0,8.0,17.0,29.0,38.0,0.0,0.0,4.0,6.0,11.0,15.0,0.0,0.0,1.0,2.0,3.0,5.0,49566.0,49566.0,49566.0,49566.0,49566.0,49566.0,14,49566.72186387225,99.61678192455048,Japan,az,35,hybrid,True
1120,10,106.0,154.0,204.0,223.0,235.0,245.0,0.0,69.0,111.0,129.0,138.0,144.0,0.0,1.0,5.0,12.0,15.0,15.0,0.0,0.0,1.0,2.0,4.0,4.0,0.0,0.0,0.0,0.0,1.0,3.0,49999.0,49999.0,49999.0,49999.0,49999.0,49999.0,14,49999.85282301632,106.11698794366778,UK,moderna,35,hybrid,True
