,cum_infections_1,cum_infections_2,cum_infections_3,cum_infections_4,cum_infections_5,cum_infections_6,cum_symptomatic_1,cum_symptomatic_2,cum_symptomatic_3,cum_symptomatic_4,cum_symptomatic_5,cum_symptomatic_6,cum_severe_1,cum_severe_2,cum_severe_3,cum_severe_4,cum_severe_5,cum_severe_6,cum_critical_1,cum_critical_2,cum_critical_3,cum_critical_4,cum_critical_5,cum_critical_6,cum_deaths_1,cum_deaths_2,cum_deaths_3,cum_deaths_4,cum_deaths_5,cum_deaths_6,cum_vaccinated_1,cum_vaccinated_2,cum_vaccinated_3,cum_vaccinated_4,cum_vaccinated_5,cum_vaccinated_6,quar_period,interventions,pop_size,pop_infected,location,n_days,pop_type,use_waning
0,97.0,240.0,443.0,710.0,965.0,1164.0,0.0,80.0,191.0,330.0,491.0,621.0,0.0,0.0,4.0,13.0,27.0,43.0,0.0,0.0,0.0,2.0,5.0,9.0,0.0,0.0,0.0,0.0,1.0,1.0,25329.0,50581.0,50779.0,50781.0,50781.0,50781.0,14,az,50781.397715844934,97.57809571570893,China,35,hybrid,True
1,97.0,202.0,371.0,576.0,776.0,926.0,0.0,60.0,150.0,267.0,403.0,528.0,0.0,0.0,4.0,9.0,15.0,25.0,0.0,0.0,1.0,2.0,2.0,3.0,0.0,0.0,0.0,0.0,1.0,1.0,25355.0,50576.0,50781.0,50781.0,50781.0,50781.0,14,az,50781.397715844934,97.57809571570893,China,35,hybrid,True
2,97.0,202.0,401.0,661.0,916.0,1079.0,0.0,65.0,163.0,283.0,445.0,592.0,0.0,0.0,4.0,11.0,19.0,32.0,0.0,0.0,1.0,5.0,6.0,10.0,0.0,0.0,0.0,0.0,0.0,0.0,25391.0,50592.0,50781.0,50781.0,50781.0,50781.0,14,az,50781.397715844934,97.57809571570893,China,35,hybrid,True
3,97.0,204.0,440.0,694.0,940.0,1127.0,0.0,58.0,155.0,319.0,471.0,594.0,0.0,0.0,2.0,12.0,23.0,34.0,0.0,0.0,0.0,2.0,5.0,5.0,0.0,0.0,0.0,0.0,0.0,0.0,25370.0,50580.0,50779.0,50781.0,50781.0,50781.0,14,az,50781.397715844934,97.57809571570893,China,35,hybrid,True
4,97.0,235.0,510.0,865.0,1197.0,1421.0,0.0,62.0,177.0,353.0,567.0,738.0,0.0,0.0,4.0,14.0,30.0,40.0,0.0,0.0,2.0,5.0,7.0,9.0,0.0,0.0,0.0,0.0,1.0,1.0,25435.0,50578.0,50780.0,50781.0,50781.0,50781.0,14,az,50781.397715844934,97.57809571570893,China,35,hybrid,True
5,97.0,185.0,299.0,467.0,616.0,732.0,0.0,55.0,128.0,222.0,309.0,393.0,0.0,1.0,7.0,11.0,19.0,26.0,0.0,0.0,1.0,2.0,3.0,6.0,0.0,0.0,0.0,1.0,1.0,2.0,25496.0,50595.0,50780.0,50781.0,50781.0,50781.0,14,az,50781.397715844934,97.57809571570893,China,35,hybrid,True
6,97.0,216.0,422.0,681.0,942.0,1141.0,0.0,68.0,166.0,304.0,450.0,621.0,0.0,0.0,2.0,7.0,21.0,27.0,0.0,0.0,1.0,3.0,5.0,7.0,0.0,0.0,0.0,0.0,0.0,1.0,25348.0,50563.0,50780.0,50781.0,50781.0,50781.0,14,az,50781.397715844934,97.57809571570893,China,35,hybrid,True
7,97.0,192.0,361.0,549.0,767.0,917.0,0.0,72.0,157.0,266.0,404.0,526.0,0.0,2.0,4.0,12.0,15.0,27.0,0.0,0.0,2.0,3.0,4.0,7.0,0.0,0.0,0.0,0.0,0.0,0.0,25669.0,50569.0,50779.0,50781.0,50781.0,50781.0,14,az,50781.397715844934,97.57809571570893,China,35,hybrid,True
8,97.0,210.0,406.0,593.0,768.0,915.0,0.0,62.0,158.0,292.0,400.0,488.0,0.0,1.0,8.0,19.0,29.0,32.0,0.0,0.0,3.0,4.0,5.0,6.0,0.0,0.0,0.0,0.0,2.0,3.0,25497.0,50595.0,50779.0,50781.0,50781.0,50781.0,14,az,50781.397715844934,97.57809571570893,China,35,hybrid,True
9,97.0,219.0,506.0,861.0,1135.0,1371.0,0.0,59.0,183.0,379.0,588.0,749.0,0.0,0.0,5.0,15.0,28.0,43.0,0.0,0.0,1.0,5.0,10.0,15.0,0.0,0.0,0.0,0.0,1.0,3.0,25384.0,50588.0,50779.0,50781.0,50781.0,50781.0,14,az,50781.397715844934,97.57809571570893,China,35,hybrid,True
0,108.0,246.0,673.0,1610.0,3541.0,7256.0,0.0,72.0,214.0,560.0,1338.0,2967.0,0.0,2.0,10.0,21.0,60.0,134.0,0.0,0.0,2.0,4.0,12.0,31.0,0.0,0.0,0.0,0.0,1.0,2.0,0.0,0.0,0.0,0.0,0.0,0.0,14,none,50157.38698996456,108.1418790713575,France,35,hybrid,True
1,108.0,250.0,559.0,1257.0,2701.0,5580.0,0.0,60.0,194.0,457.0,1034.0,2204.0,0.0,0.0,7.0,27.0,54.0,131.0,0.0,0.0,2.0,8.0,17.0,39.0,0.0,0.0,0.0,0.0,0.0,2.0,0.0,0.0,0.0,0.0,0.0,0.0,14,none,50157.38698996456,108.1418790713575,France,35,hybrid,True
2,108.0,183.0,424.0,917.0,1811.0,3645.0,0.0,68.0,154.0,358.0,758.0,1513.0,0.0,2.0,7.0,18.0,46.0,88.0,0.0,0.0,2.0,6.0,10.0,27.0,0.0,0.0,0.0,1.0,3.0,5.0,0.0,0.0,0.0,0.0,0.0,0.0,14,none,50157.38698996456,108.1418790713575,France,35,hybrid,True
3,108.0,248.0,600.0,1398.0,3124.0,6241.0,0.0,72.0,219.0,529.0,1189.0,2553.0,0.0,2.0,4.0,17.0,45.0,134.0,0.0,0.0,1.0,6.0,10.0,34.0,0.0,0.0,0.0,0.0,1.0,1.0,0.0,0.0,0.0,0.0,0.0,0.0,14,none,50157.38698996456,108.1418790713575,France,35,hybrid,True
4,108.0,209.0,483.0,934.0,1900.0,3822.0,0.0,66.0,170.0,405.0,786.0,1538.0,0.0,1.0,4.0,19.0,37.0,81.0,0.0,1.0,2.0,6.0,13.0,27.0,0.0,0.0,0.0,1.0,3.0,4.0,0.0,0.0,0.0,0.0,0.0,0.0,14,none,50157.38698996456,108.1418790713575,France,35,hybrid,True
5,108.0,188.0,364.0,706.0,1437.0,2906.0,0.0,58.0,142.0,293.0,552.0,1127.0,0.0,1.0,4.0,12.0,23.0,55.0,0.0,0.0,1.0,3.0,6.0,15.0,0.0,0.0,0.0,0.0,0.0,2.0,0.0,0.0,0.0,0.0,0.0,0.0,14,none,50157.38698996456,108.1418790713575,France,35,hybrid,True
6,108.0,215.0,508.0,1142.0,2572.0,5599.0,0.0,66.0,182.0,428.0,940.0,2158.0,0.0,1.0,14.0,26.0,48.0,107.0,0.0,1.0,4.0,8.0,15.0,26.0,0.0,0.0,1.0,3.0,3.0,6.0,0.0,0.0,0.0,0.0,0.0,0.0,14,none,50157.38698996456,108.1418790713575,France,35,hybrid,True
7,108.0,240.0,610.0,1231.0,2313.0,4685.0,0.0,73.0,204.0,501.0,999.0,1902.0,0.0,1.0,11.0,28.0,62.0,112.0,0.0,0.0,2.0,9.0,23.0,38.0,0.0,0.0,1.0,1.0,1.0,5.0,0.0,0.0,0.0,0.0,0.0,0.0,14,none,50157.38698996456,108.1418790713575,France,35,hybrid,True
8,108.0,222.0,667.0,1567.0,3394.0,6864.0,0.0,64.0,193.0,583.0,1309.0,2746.0,0.0,0.0,8.0,23.0,56.0,147.0,0.0,0.0,3.0,6.0,12.0,30.0,0.0,0.0,1.0,2.0,3.0,5.0,0.0,0.0,0.0,0.0,0.0,0.0,14,none,50157.38698996456,108.1418790713575,France,35,hybrid,True
9,108.0,237.0,637.0,1447.0,3029.0,6239.0,0.0,65.0,215.0,525.0,1190.0,2502.0,0.0,0.0,5.0,26.0,62.0,148.0,0.0,0.0,2.0,11.0,19.0,41.0,0.0,0.0,0.0,1.0,2.0,6.0,0.0,0.0,0.0,0.0,0.0,0.0,14,none,50157.38698996456,108.1418790713575,France,35,hybrid,True
0,107.0,142.0,173.0,185.0,189.0,190.0,0.0,56.0,92.0,108.0,112.0,113.0,0.0,0.0,5.0,10.0,11.0,11.0,0.0,0.0,1.0,3.0,3.0,3.0,0.0,0.0,0.0,1.0,2.0,2.0,41941.0,52396.0,52396.0,52396.0,52396.0,52396.0,14,pfizer,52396.90678040777,107.59893406799917,France,35,hybrid,True
1,107.0,136.0,178.0,189.0,194.0,197.0,0.0,55.0,86.0,102.0,105.0,108.0,0.0,0.0,3.0,5.0,7.0,7.0,0.0,0.0,0.0,1.0,2.0,2.0,0.0,0.0,0.0,0.0,0.0,0.0,41819.0,52396.0,52396.0,52396.0,52396.0,52396.0,14,pfizer,52396.90678040777,107.59893406799917,France,35,hybrid,True
2,107.0,142.0,192.0,211.0,215.0,215.0,0.0,65.0,97.0,124.0,131.0,132.0,0.0,1.0,8.0,11.0,12.0,12.0,0.0,0.0,4.0,4.0,4.0,4.0,0.0,0.0,0.0,4.0,4.0,4.0,41918.0,52396.0,52396.0,52396.0,52396.0,52396.0,14,pfizer,52396.90678040777,107.59893406799917,France,35,hybrid,True
3,107.0,142.0,184.0,202.0,207.0,210.0,0.0,66.0,101.0,122.0,130.0,131.0,0.0,0.0,3.0,4.0,5.0,5.0,0.0,0.0,0.0,0.0,0.0,0.0,0.0,0.0,0.0,0.0,0.0,0.0,41708.0,52396.0,52396.0,52396.0,52396.0,52396.0,14,pfizer,52396.90678040777,107.59893406799917,France,35,hybrid,True
4,107.0,146.0,175.0,180.0,181.0,182.0,0.0,64.0,102.0,113.0,117.0,118.0,0.0,0.0,4.0,4.0,4.0,4.0,0.0,0.0,2.0,2.0,2.0,2.0,0.0,0.0,0.0,0.0,0.0,0.0,41873.0,52396.0,52396.0,52396.0,52396.0,52396.0,14,pfizer,52396.90678040777,107.59893406799917,France,35,hybrid,True
5,107.0,142.0,163.0,168.0,168.0,170.0,0.0,69.0,94.0,106.0,110.0,110.0,0.0,1.0,5.0,6.0,7.0,7.0,0.0,0.0,1.0,1.0,1.0,1.0,0.0,0.0,0.0,1.0,1.0,1.0,41897.0,52396.0,52396.0,52396.0,52396.0,52396.0,14,pfizer,52396.90678040777,107.59893406799917,France,35,hybrid,True
6,107.0,145.0,177.0,183.0,186.0,187.0,0.0,73.0,103.0,119.0,121.0,124.0,0.0,2.0,8.0,12.0,14.0,15.0,0.0,0.0,4.0,5.0,5.0,5.0,0.0,0.0,1.0,2.0,3.0,3.0,41824.0,52395.0,52396.0,52396.0,52396.0,52396.0,14,pfizer,52396.90678040777,107.59893406799917,France,35,hybrid,True
7,107.0,149.0,185.0,202.0,204.0,204.0,0.0,63.0,101.0,119.0,123.0,123.0,0.0,0.0,4.0,6.0,7.0,7.0,0.0,0.0,2.0,3.0,4.0,4.0,0.0,0.0,0.0,0.0,1.0,2.0,42155.0,52396.0,52396.0,52396.0,52396.0,52396.0,14,pfizer,52396.90678040777,107.59893406799917,France,35,hybrid,True
8,107.0,150.0,192.0,205.0,209.0,211.0,0.0,66.0,107.0,126.0,131.0,133.0,0.0,2.0,7.0,12.0,16.0,16.0,0.0,0.0,2.0,3.0,5.0,6.0,0.0,0.0,0.0,1.0,1.0,1.0,41904.0,52396.0,52396.0,52396.0,52396.0,52396.0,14,pfizer,52396.90678040777,107.59893406799917,France,35,hybrid,True
9,107.0,138.0,177.0,187.0,190.0,190.0,0.0,67.0,97.0,110.0,119.0,121.0,0.0,1.0,5.0,7.0,7.0,7.0,0.0,0.0,2.0,4.0,4.0,4.0,0.0,0.0,0.0,1.0,1.0,2.0,41951.0,52395.0,52396.0,52396.0,52396.0,52396.0,14,pfizer,52396.90678040777,107.59893406799917,France,35,hybrid,True
0,95.0,144.0,176.0,198.0,206.0,206.0,0.0,62.0,96.0,110.0,120.0,122.0,0.0,0.0,3.0,4.0,4.0,4.0,0.0,0.0,1.0,2.0,3.0,3.0,0.0,0.0,0.0,0.0,0.0,0.0,50522.0,50522.0,50522.0,50522.0,50522.0,50522.0,14,moderna,50522.39377886156,95.56353569262923,UK,35,hybrid,True
1,95.0,123.0,148.0,158.0,159.0,162.0,0.0,48.0,73.0,88.0,93.0,95.0,0.0,2.0,6.0,10.0,12.0,12.0,0.0,1.0,2.0,3.0,4.0,4.0,0.0,0.0,0.0,0.0,0.0,0.0,50522.0,50522.0,50522.0,50522.0,50522.0,50522.0,14,moderna,50522.39377886156,95.56353569262923,UK,35,hybrid,True
2,95.0,131.0,175.0,190.0,196.0,197.0,0.0,61.0,98.0,114.0,126.0,127.0,0.0,0.0,4.0,8.0,9.0,9.0,0.0,0.0,1.0,2.0,2.0,2.0,0.0,0.0,0.0,0.0,1.0,1.0,50522.0,50522.0,50522.0,50522.0,50522.0,50522.0,14,moderna,50522.39377886156,95.56353569262923,UK,35,hybrid,True
3,95.0,125.0,162.0,175.0,181.0,182.0,0.0,58.0,89.0,100.0,108.0,112.0,0.0,0.0,5.0,7.0,8.0,8.0,0.0,0.0,1.0,1.0,3.0,3.0,0.0,0.0,0.0,0.0,0.0,1.0,50522.0,50522.0,50522.0,50522.0,50522.0,50522.0,14,moderna,50522.39377886156,95.56353569262923,UK,35,hybrid,True
4,95.0,126.0,158.0,175.0,180.0,184.0,0.0,70.0,95.0,109.0,117.0,119.0,0.0,2.0,11.0,14.0,14.0,14.0,0.0,1.0,3.0,4.0,4.0,4.0,0.0,0.0,0.0,0.0,0.0,0.0,50522.0,50522.0,50522.0,50522.0,50522.0,50522.0,14,moderna,50522.39377886156,95.56353569262923,UK,35,hybrid,True
5,95.0,143.0,179.0,196.0,203.0,204.0,0.0,59.0,100.0,116.0,122.0,126.0,0.0,2.0,5.0,9.0,9.0,9.0,0.0,1.0,2.0,3.0,3.0,3.0,0.0,0.0,0.0,0.0,1.0,1.0,50522.0,50522.0,50522.0,50522.0,50522.0,50522.0,14,moderna,50522.39377886156,95.56353569262923,UK,35,hybrid,True
6,95.0,129.0,151.0,163.0,164.0,164.0,0.0,61.0,83.0,94.0,98.0,99.0,0.0,1.0,2.0,2.0,4.0,4.0,0.0,0.0,0.0,0.0,1.0,1.0,0.0,0.0,0.0,0.0,0.0,0.0,50522.0,50522.0,50522.0,50522.0,50522.0,50522.0,14,moderna,50522.39377886156,95.56353569262923,UK,35,hybrid,True
7,95.0,134.0,162.0,173.0,177.0,178.0,0.0,58.0,88.0,103.0,108.0,108.0,0.0,1.0,3.0,3.0,4.0,4.0,0.0,0.0,1.0,1.0,2.0,2.0,0.0,0.0,0.0,1.0,1.0,1.0,50522.0,50522.0,50522.0,50522.0,50522.0,50522.0,14,moderna,50522.39377886156,95.56353569262923,UK,35,hybrid,True
8,95.0,137.0,167.0,182.0,189.0,193.0,0.0,61.0,100.0,118.0,124.0,129.0,0.0,0.0,7.0,11.0,13.0,13.0,0.0,0.0,2.0,6.0,7.0,7.0,0.0,0.0,0.0,2.0,3.0,4.0,50522.0,50522.0,50522.0,50522.0,50522.0,50522.0,14,moderna,50522.39377886156,95.56353569262923,UK,35,hybrid,True
9,95.0,146.0,208.0,232.0,244.0,248.0,0.0,58.0,107.0,135.0,147.0,151.0,0.0,0.0,5.0,6.0,6.0,7.0,0.0,0.0,2.0,3.0,3.0,3.0,0.0,0.0,0.0,0.0,1.0,1.0,50522.0,50522.0,50522.0,50522.0,50522.0,50522.0,14,moderna,50522.39377886156,95.56353569262923,UK,35,hybrid,True
0,94.0,135.0,183.0,207.0,220.0,223.0,0.0,62.0,98.0,118.0,130.0,134.0,0.0,1.0,6.0,8.0,9.0,9.0,0.0,0.0,1.0,3.0,4.0,4.0,0.0,0.0,0.0,0.0,1.0,2.0,48861.0,48861.0,48861.0,48861.0,48861.0,48861.0,14,moderna,48861.598975684356,94.13149418752342,Japan,35,hybrid,True
1,94.0,128.0,167.0,187.0,197.0,201.0,0.0,61.0,102.0,119.0,126.0,132.0,0.0,2.0,9.0,15.0,16.0,16.0,0.0,0.0,2.0,3.0,4.0,4.0,0.0,0.0,0.0,0.0,1.0,1.0,48861.0,48861.0,48861.0,48861.0,48861.0,48861.0,14,moderna,48861.598975684356,94.13149418752342,Japan,35,hybrid,True
2,94.0,122.0,153.0,160.0,165.0,165.0,0.0,56.0,83.0,96.0,102.0,103.0,0.0,0.0,5.0,11.0,13.0,13.0,0.0,0.0,2.0,3.0,5.0,5.0,0.0,0.0,0.0,1.0,2.0,3.0,48861.0,48861.0,48861.0,48861.0,48861.0,48861.0,14,moderna,48861.598975684356,94.13149418752342,Japan,35,hybrid,True
3,94.0,124.0,148.0,155.0,156.0,157.0,0.0,59.0,91.0,105.0,107.0,107.0,0.0,1.0,6.0,9.0,10.0,10.0,0.0,0.0,2.0,5.0,5.0,5.0,0.0,0.0,1.0,1.0,1.0,3.0,48861.0,48861.0,48861.0,48861.0,48861.0,48861.0,14,moderna,48861.598975684356,94.13149418752342,Japan,35,hybrid,True
4,94.0,136.0,175.0,190.0,196.0,199.0,0.0,58.0,96.0,113.0,122.0,124.0,0.0,0.0,11.0,17.0,20.0,20.0,0.0,0.0,4.0,8.0,9.0,9.0,0.0,0.0,0.0,2.0,3.0,6.0,48861.0,48861.0,48861.0,48861.0,48861.0,48861.0,14,moderna,48861.598975684356,94.13149418752342,Japan,35,hybrid,True
5,94.0,140.0,173.0,186.0,191.0,191.0,0.0,65.0,108.0,127.0,132.0,134.0,0.0,0.0,12.0,15.0,18.0,18.0,0.0,0.0,4.0,6.0,9.0,9.0,0.0,0.0,0.0,0.0,2.0,2.0,48861.0,48861.0,48861.0,48861.0,48861.0,48861.0,14,moderna,48861.598975684356,94.13149418752342,Japan,35,hybrid,True
6,94.0,125.0,151.0,166.0,171.0,176.0,0.0,52.0,81.0,96.0,105.0,107.0,0.0,0.0,8.0,12.0,13.0,13.0,0.0,0.0,2.0,4.0,4.0,4.0,0.0,0.0,0.0,1.0,1.0,1.0,48861.0,48861.0,48861.0,48861.0,48861.0,48861.0,14,moderna,48861.598975684356,94.13149418752342,Japan,35,hybrid,True
7,94.0,139.0,182.0,200.0,214.0,220.0,0.0,60.0,98.0,114.0,125.0,133.0,0.0,2.0,7.0,11.0,11.0,12.0,0.0,0.0,2.0,5.0,5.0,5.0,0.0,0.0,0.0,1.0,1.0,1.0,48861.0,48861.0,48861.0,48861.0,48861.0,48861.0,14,moderna,48861.598975684356,94.13149418752342,Japan,35,hybrid,True
8,94.0,135.0,174.0,190.0,193.0,193.0,0.0,61.0,97.0,117.0,122.0,124.0,0.0,1.0,5.0,9.0,11.0,11.0,0.0,0.0,1.0,4.0,4.0,4.0,0.0,0.0,0.0,1.0,2.0,2.0,48861.0,48861.0,48861.0,48861.0,48861.0,48861.0,14,moderna,48861.598975684356,94.13149418752342,Japan,35,hybrid,True
9,94.0,129.0,166.0,186.0,193.0,193.0,0.0,56.0,82.0,102.0,107.0,108.0,0.0,1.0,5.0,7.0,9.0,9.0,0.0,0.0,3.0,4.0,5.0,5.0,0.0,0.0,0.0,1.0,2.0,2.0,48861.0,48861.0,48861.0,48861.0,48861.0,48861.0,14,moderna,48861.598975684356,94.13149418752342,Japan,35,hybrid,True
0,104.0,184.0,325.0,519.0,634.0,728.0,0.0,60.0,136.0,234.0,351.0,417.0,0.0,0.0,7.0,11.0,21.0,28.0,0.0,0.0,2.0,3.0,5.0,8.0,0.0,0.0,0.0,2.0,2.0,2.0,40282.0,50312.0,50313.0,50313.0,50313.0,50313.0,14,az,50313.975812401484,104.78615598887667,France,35,hybrid,True
1,104.0,193.0,342.0,497.0,621.0,699.0,0.0,71.0,155.0,252.0,345.0,425.0,0.0,0.0,4.0,11.0,21.0,30.0,0.0,0.0,1.0,4.0,5.0,8.0,0.0,0.0,0.0,1.0,1.0,2.0,40137.0,50313.0,50313.0,50313.0,50313.0,50313.0,14,az,50313.975812401484,104.78615598887667,France,35,hybrid,True
2,104.0,195.0,321.0,432.0,526.0,577.0,0.0,71.0,139.0,222.0,287.0,342.0,0.0,2.0,8.0,14.0,18.0,21.0,0.0,1.0,2.0,2.0,3.0,5.0,0.0,0.0,0.0,0.0,0.0,0.0,40273.0,50313.0,50313.0,50313.0,50313.0,50313.0,14,az,50313.975812401484,104.78615598887667,France,35,hybrid,True
3,104.0,189.0,316.0,460.0,538.0,584.0,0.0,59.0,144.0,223.0,314.0,353.0,0.0,0.0,9.0,14.0,25.0,29.0,0.0,0.0,2.0,6.0,7.0,8.0,0.0,0.0,0.0,0.0,1.0,2.0,40054.0,50313.0,50313.0,50313.0,50313.0,50313.0,14,az,50313.975812401484,104.78615598887667,France,35,hybrid,True
4,104.0,204.0,361.0,545.0,685.0,767.0,0.0,71.0,149.0,259.0,369.0,456.0,0.0,2.0,7.0,15.0,24.0,34.0,0.0,2.0,2.0,3.0,4.0,7.0,0.0,0.0,0.0,0.0,0.0,0.0,40232.0,50313.0,50313.0,50313.0,50313.0,50313.0,14,az,50313.975812401484,104.78615598887667,France,35,hybrid,True
5,104.0,226.0,438.0,725.0,955.0,1084.0,0.0,73.0,172.0,314.0,482.0,611.0,0.0,3.0,10.0,17.0,27.0,41.0,0.0,1.0,4.0,6.0,9.0,12.0,0.0,0.0,0.0,1.0,2.0,2.0,40238.0,50313.0,50313.0,50313.0,50313.0,50313.0,14,az,50313.975812401484,104.78615598887667,France,35,hybrid,True
6,104.0,206.0,372.0,552.0,666.0,771.0,0.0,64.0,162.0,272.0,370.0,446.0,0.0,3.0,16.0,25.0,36.0,42.0,0.0,1.0,6.0,8.0,11.0,15.0,0.0,0.0,0.0,2.0,5.0,6.0,40178.0,50313.0,50313.0,50313.0,50313.0,50313.0,14,az,50313.975812401484,104.78615598887667,France,35,hybrid,True
7,104.0,200.0,361.0,521.0,638.0,714.0,0.0,69.0,155.0,256.0,338.0,400.0,0.0,0.0,11.0,22.0,35.0,40.0,0.0,0.0,6.0,12.0,14.0,16.0,0.0,0.0,0.0,2.0,5.0,8.0,40470.0,50313.0,50313.0,50313.0,50313.0,50313.0,14,az,50313.975812401484,104.78615598887667,France,35,hybrid,True
8,104.0,167.0,275.0,416.0,531.0,601.0,0.0,63.0,123.0,203.0,278.0,338.0,0.0,1.0,9.0,15.0,22.0,28.0,0.0,1.0,5.0,7.0,7.0,11.0,0.0,0.0,0.0,0.0,1.0,4.0,40234.0,50313.0,50313.0,50313.0,50313.0,50313.0,14,az,50313.975812401484,104.78615598887667,France,35,hybrid,True
9,104.0,209.0,411.0,613.0,817.0,952.0,0.0,74.0,163.0,285.0,433.0,545.0,0.0,0.0,6.0,13.0,16.0,27.0,0.0,0.0,1.0,6.0,6.0,7.0,0.0,0.0,0.0,0.0,1.0,1.0,40288.0,50313.0,50313.0,50313.0,50313.0,50313.0,14,az,50313.975812401484,104.78615598887667,France,35,hybrid,True
0,98.0,139.0,177.0,193.0,196.0,196.0,0.0,66.0,106.0,124.0,131.0,131.0,0.0,0.0,9.0,15.0,17.0,18.0,0.0,0.0,3.0,6.0,6.0,6.0,0.0,0.0,0.0,0.0,0.0,1.0,49659.0,49659.0,49659.0,49659.0,49659.0,49659.0,14,moderna,49659.57040376447,98.74935112845768,Japan,35,hybrid,True
1,98.0,135.0,169.0,178.0,182.0,182.0,0.0,59.0,93.0,111.0,115.0,118.0,0.0,0.0,8.0,10.0,11.0,11.0,0.0,0.0,2.0,4.0,4.0,5.0,0.0,0.0,0.0,0.0,1.0,1.0,49659.0,49659.0,49659.0,49659.0,49659.0,49659.0,14,moderna,49659.57040376447,98.74935112845768,Japan,35,hybrid,True
2,98.0,132.0,160.0,171.0,172.0,172.0,0.0,61.0,92.0,101.0,107.0,108.0,0.0,0.0,7.0,8.0,11.0,11.0,0.0,0.0,2.0,3.0,4.0,4.0,0.0,0.0,0.0,1.0,2.0,3.0,49659.0,49659.0,49659.0,49659.0,49659.0,49659.0,14,moderna,49659.57040376447,98.74935112845768,Japan,35,hybrid,True
3,98.0,124.0,140.0,146.0,150.0,151.0,0.0,56.0,86.0,98.0,101.0,104.0,0.0,1.0,7.0,7.0,9.0,9.0,0.0,0.0,3.0,3.0,4.0,4.0,0.0,0.0,0.0,2.0,2.0,2.0,49659.0,49659.0,49659.0,49659.0,49659.0,49659.0,14,moderna,49659.57040376447,98.74935112845768,Japan,35,hybrid,True
4,98.0,142.0,179.0,190.0,193.0,195.0,0.0,67.0,111.0,126.0,131.0,132.0,0.0,2.0,9.0,13.0,14.0,14.0,0.0,1.0,3.0,7.0,8.0,8.0,0.0,0.0,0.0,0.0,1.0,2.0,49659.0,49659.0,49659.0,49659.0,49659.0,49659.0,14,moderna,49659.57040376447,98.74935112845768,Japan,35,hybrid,True
5,98.0,137.0,180.0,187.0,189.0,190.0,0.0,63.0,95.0,112.0,114.0,115.0,0.0,1.0,4.0,9.0,11.0,11.0,0.0,0.0,2.0,3.0,4.0,4.0,0.0,0.0,0.0,0.0,1.0,1.0,49659.0,49659.0,49659.0,49659.0,49659.0,49659.0,14,moderna,49659.57040376447,98.74935112845768,Japan,35,hybrid,True
6,98.0,134.0,170.0,179.0,180.0,180.0,0.0,68.0,91.0,107.0,111.0,111.0,0.0,3.0,8.0,9.0,9.0,9.0,0.0,0.0,3.0,4.0,4.0,4.0,0.0,0.0,0.0,0.0,0.0,0.0,49659.0,49659.0,49659.0,49659.0,49659.0,49659.0,14,moderna,49659.57040376447,98.74935112845768,Japan,35,hybrid,True
7,98.0,132.0,147.0,160.0,165.0,166.0,0.0,59.0,94.0,100.0,104.0,106.0,0.0,1.0,10.0,11.0,12.0,12.0,0.0,0.0,5.0,5.0,5.0,6.0,0.0,0.0,0.0,1.0,2.0,3.0,49659.0,49659.0,49659.0,49659.0,49659.0,49659.0,14,moderna,49659.57040376447,98.74935112845768,Japan,35,hybrid,True
8,98.0,128.0,166.0,178.0,186.0,188.0,0.0,58.0,86.0,106.0,109.0,110.0,0.0,1.0,4.0,9.0,12.0,12.0,0.0,0.0,0.0,1.0,2.0,2.0,0.0,0.0,0.0,0.0,0.0,1.0,49659.0,49659.0,49659.0,49659.0,49659.0,49659.0,14,moderna,49659.57040376447,98.74935112845768,Japan,35,hybrid,True
9,98.0,133.0,167.0,181.0,186.0,186.0,0.0,66.0,105.0,120.0,124.0,126.0,0.0,1.0,8.0,9.0,14.0,14.0,0.0,1.0,4.0,5.0,7.0,7.0,0.0,0.0,0.0,0.0,1.0,2.0,49659.0,49659.0,49659.0,49659.0,49659.0,49659.0,14,moderna,49659.57040376447,98.74935112845768,Japan,35,hybrid,True
0,96.0,239.0,693.0,1788.0,4274.0,9508.0,0.0,51.0,190.0,563.0,1480.0,3547.0,0.0,0.0,6.0,20.0,62.0,143.0,0.0,0.0,2.0,7.0,15.0,31.0,0.0,0.0,0.0,0.0,1.0,3.0,0.0,0.0,0.0,0.0,0.0,0.0,14,none,49547.3850833991,96.8224335090465,China,35,hybrid,True
1,96.0,207.0,505.0,1218.0,2965.0,6757.0,0.0,58.0,172.0,417.0,1025.0,2457.0,0.0,2.0,5.0,13.0,35.0,73.0,0.0,0.0,2.0,6.0,11.0,17.0,0.0,0.0,0.0,1.0,1.0,4.0,0.0,0.0,0.0,0.0,0.0,0.0,14,none,49547.3850833991,96.8224335090465,China,35,hybrid,True
2,96.0,242.0,698.0,1752.0,4092.0,8936.0,0.0,52.0,213.0,589.0,1459.0,3340.0,0.0,0.0,7.0,21.0,51.0,130.0,0.0,0.0,2.0,8.0,16.0,32.0,0.0,0.0,0.0,0.0,3.0,5.0,0.0,0.0,0.0,0.0,0.0,0.0,14,none,49547.3850833991,96.8224335090465,China,35,hybrid,True
3,96.0,257.0,678.0,1572.0,3725.0,7914.0,0.0,60.0,225.0,564.0,1337.0,3048.0,0.0,0.0,7.0,22.0,42.0,104.0,0.0,0.0,1.0,8.0,14.0,20.0,0.0,0.0,0.0,0.0,1.0,3.0,0.0,0.0,0.0,0.0,0.0,0.0,14,none,49547.3850833991,96.8224335090465,China,35,hybrid,True
4,96.0,242.0,674.0,1734.0,4128.0,9038.0,0.0,55.0,211.0,599.0,1426.0,3315.0,0.0,1.0,8.0,19.0,49.0,121.0,0.0,0.0,4.0,6.0,14.0,23.0,0.0,0.0,0.0,1.0,1.0,4.0,0.0,0.0,0.0,0.0,0.0,0.0,14,none,49547.3850833991,96.8224335090465,China,35,hybrid,True
5,96.0,229.0,541.0,1320.0,3236.0,7467.0,0.0,66.0,187.0,445.0,1090.0,2708.0,0.0,1.0,6.0,15.0,29.0,93.0,0.0,0.0,1.0,4.0,8.0,19.0,0.0,0.0,0.0,0.0,1.0,1.0,0.0,0.0,0.0,0.0,0.0,0.0,14,none,49547.3850833991,96.8224335090465,China,35,hybrid,True
6,96.0,210.0,538.0,1211.0,2784.0,6385.0,0.0,54.0,173.0,460.0,1001.0,2261.0,0.0,0.0,3.0,8.0,29.0,85.0,0.0,0.0,0.0,1.0,3.0,17.0,0.0,0.0,0.0,0.0,0.0,2.0,0.0,0.0,0.0,0.0,0.0,0.0,14,none,49547.3850833991,96.8224335090465,China,35,hybrid,True
7,96.0,272.0,712.0,1687.0,3854.0,8284.0,0.0,63.0,239.0,597.0,1383.0,3199.0,0.0,0.0,5.0,16.0,46.0,126.0,0.0,0.0,0.0,3.0,12.0,27.0,0.0,0.0,0.0,0.0,1.0,3.0,0.0,0.0,0.0,0.0,0.0,0.0,14,none,49547.3850833991,96.8224335090465,China,35,hybrid,True
8,96.0,235.0,662.0,1714.0,3998.0,8829.0,0.0,61.0,196.0,567.0,1490.0,3325.0,0.0,0.0,3.0,18.0,47.0,126.0,0.0,0.0,0.0,1.0,9.0,24.0,0.0,0.0,0.0,0.0,0.0,0.0,0.0,0.0,0.0,0.0,0.0,0.0,14,none,49547.3850833991,96.8224335090465,China,35,hybrid,True
9,96.0,229.0,644.0,1657.0,4070.0,9156.0,0.0,59.0,194.0,554.0,1393.0,3346.0,0.0,0.0,10.0,26.0,64.0,149.0,0.0,0.0,1.0,6.0,12.0,33.0,0.0,0.0,0.0,1.0,1.0,3.0,0.0,0.0,0.0,0.0,0.0,0.0,14,none,49547.3850833991,96.8224335090465,China,35,hybrid,True
0,106.0,158.0,206.0,233.0,240.0,242.0,0.0,64.0,112.0,140.0,149.0,152.0,0.0,1.0,5.0,7.0,9.0,9.0,0.0,0.0,0.0,1.0,1.0,1.0,0.0,0.0,0.0,0.0,0.0,1.0,24473.0,48913.0,49101.0,49102.0,49102.0,49102.0,14,moderna,49102.632633729445,106.42840216022023,China,35,hybrid,True
1,106.0,195.0,255.0,283.0,302.0,309.0,0.0,68.0,125.0,152.0,173.0,177.0,0.0,1.0,10.0,14.0,15.0,15.0,0.0,0.0,2.0,2.0,2.0,2.0,0.0,0.0,0.0,0.0,0.0,0.0,24528.0,48923.0,49101.0,49102.0,49102.0,49102.0,14,moderna,49102.632633729445,106.42840216022023,China,35,hybrid,True
2,106.0,152.0,221.0,245.0,248.0,249.0,0.0,55.0,103.0,132.0,141.0,144.0,0.0,0.0,3.0,5.0,5.0,5.0,0.0,0.0,0.0,2.0,2.0,2.0,0.0,0.0,0.0,1.0,2.0,2.0,24594.0,48934.0,49102.0,49102.0,49102.0,49102.0,14,moderna,49102.632633729445,106.42840216022023,China,35,hybrid,True
3,106.0,142.0,171.0,174.0,175.0,176.0,0.0,64.0,86.0,97.0,98.0,99.0,0.0,0.0,2.0,3.0,4.0,4.0,0.0,0.0,1.0,1.0,1.0,1.0,0.0,0.0,0.0,0.0,0.0,0.0,24519.0,48918.0,49099.0,49102.0,49102.0,49102.0,14,moderna,49102.632633729445,106.42840216022023,China,35,hybrid,True
4,106.0,170.0,224.0,238.0,251.0,254.0,0.0,67.0,117.0,144.0,150.0,154.0,0.0,0.0,5.0,5.0,7.0,7.0,0.0,0.0,1.0,1.0,1.0,1.0,0.0,0.0,0.0,1.0,1.0,1.0,24583.0,48900.0,49102.0,49102.0,49102.0,49102.0,14,moderna,49102.632633729445,106.42840216022023,China,35,hybrid,True
5,106.0,174.0,231.0,249.0,258.0,261.0,0.0,63.0,121.0,155.0,166.0,168.0,0.0,0.0,3.0,9.0,11.0,13.0,0.0,0.0,0.0,2.0,5.0,5.0,0.0,0.0,0.0,0.0,0.0,1.0,24649.0,48930.0,49102.0,49102.0,49102.0,49102.0,14,moderna,49102.632633729445,106.42840216022023,China,35,hybrid,True
6,106.0,176.0,242.0,264.0,277.0,283.0,0.0,62.0,113.0,144.0,152.0,159.0,0.0,0.0,7.0,10.0,10.0,10.0,0.0,0.0,1.0,2.0,2.0,2.0,0.0,0.0,0.0,0.0,1.0,1.0,24534.0,48903.0,49102.0,49102.0,49102.0,49102.0,14,moderna,49102.632633729445,106.42840216022023,China,35,hybrid,True
7,106.0,139.0,176.0,187.0,192.0,192.0,0.0,60.0,94.0,112.0,122.0,124.0,0.0,0.0,5.0,6.0,7.0,7.0,0.0,0.0,1.0,1.0,2.0,2.0,0.0,0.0,0.0,0.0,0.0,0.0,24802.0,48924.0,49100.0,49102.0,49102.0,49102.0,14,moderna,49102.632633729445,106.42840216022023,China,35,hybrid,True
8,106.0,152.0,188.0,208.0,212.0,214.0,0.0,68.0,110.0,121.0,130.0,131.0,0.0,0.0,2.0,3.0,5.0,6.0,0.0,0.0,1.0,1.0,1.0,2.0,0.0,0.0,0.0,0.0,0.0,0.0,24699.0,48916.0,49100.0,49102.0,49102.0,49102.0,14,moderna,49102.632633729445,106.42840216022023,China,35,hybrid,True
9,106.0,146.0,190.0,201.0,205.0,205.0,0.0,58.0,90.0,103.0,108.0,110.0,0.0,1.0,4.0,7.0,7.0,8.0,0.0,0.0,0.0,1.0,1.0,1.0,0.0,0.0,0.0,0.0,0.0,0.0,24515.0,48916.0,49101.0,49102.0,49102.0,49102.0,14,moderna,49102.632633729445,106.42840216022023,China,35,hybrid,True
0,99.0,138.0,170.0,190.0,200.0,200.0,0.0,65.0,97.0,108.0,119.0,122.0,0.0,2.0,12.0,15.0,16.0,16.0,0.0,0.0,2.0,5.0,6.0,6.0,0.0,0.0,0.0,0.0,0.0,1.0,40692.0,50836.0,50836.0,50836.0,50836.0,50836.0,14,pfizer,50836.0555837781,99.17526366649237,France,35,hybrid,True
1,99.0,143.0,174.0,186.0,187.0,188.0,0.0,63.0,108.0,124.0,128.0,128.0,0.0,2.0,5.0,7.0,9.0,9.0,0.0,1.0,3.0,3.0,3.0,3.0,0.0,0.0,0.0,2.0,2.0,2.0,40551.0,50835.0,50836.0,50836.0,50836.0,50836.0,14,pfizer,50836.0555837781,99.17526366649237,France,35,hybrid,True
2,99.0,128.0,158.0,171.0,176.0,179.0,0.0,48.0,74.0,86.0,91.0,92.0,0.0,1.0,3.0,6.0,6.0,6.0,0.0,1.0,1.0,2.0,2.0,3.0,0.0,0.0,0.0,1.0,1.0,1.0,40672.0,50836.0,50836.0,50836.0,50836.0,50836.0,14,pfizer,50836.0555837781,99.17526366649237,France,35,hybrid,True
3,99.0,142.0,180.0,194.0,197.0,198.0,0.0,68.0,107.0,126.0,134.0,134.0,0.0,3.0,9.0,13.0,17.0,18.0,0.0,2.0,4.0,5.0,6.0,6.0,0.0,0.0,0.0,0.0,1.0,1.0,40465.0,50836.0,50836.0,50836.0,50836.0,50836.0,14,pfizer,50836.0555837781,99.17526366649237,France,35,hybrid,True
4,99.0,142.0,175.0,192.0,194.0,194.0,0.0,65.0,107.0,122.0,129.0,130.0,0.0,1.0,4.0,7.0,10.0,10.0,0.0,0.0,0.0,2.0,2.0,2.0,0.0,0.0,0.0,0.0,1.0,1.0,40647.0,50836.0,50836.0,50836.0,50836.0,50836.0,14,pfizer,50836.0555837781,99.17526366649237,France,35,hybrid,True
5,99.0,128.0,153.0,159.0,162.0,162.0,0.0,68.0,93.0,106.0,107.0,107.0,0.0,1.0,6.0,7.0,7.0,7.0,0.0,0.0,4.0,4.0,4.0,4.0,0.0,0.0,0.0,1.0,3.0,3.0,40658.0,50836.0,50836.0,50836.0,50836.0,50836.0,14,pfizer,50836.0555837781,99.17526366649237,France,35,hybrid,True
6,99.0,134.0,162.0,177.0,181.0,181.0,0.0,55.0,83.0,93.0,100.0,100.0,0.0,1.0,8.0,11.0,12.0,14.0,0.0,0.0,2.0,5.0,5.0,6.0,0.0,0.0,0.0,0.0,0.0,1.0,40590.0,50836.0,50836.0,50836.0,50836.0,50836.0,14,pfizer,50836.0555837781,99.17526366649237,France,35,hybrid,True
7,99.0,137.0,163.0,170.0,171.0,172.0,0.0,59.0,94.0,105.0,106.0,106.0,0.0,1.0,4.0,8.0,9.0,9.0,0.0,0.0,4.0,5.0,5.0,5.0,0.0,0.0,0.0,2.0,2.0,2.0,40902.0,50836.0,50836.0,50836.0,50836.0,50836.0,14,pfizer,50836.0555837781,99.17526366649237,France,35,hybrid,True
8,99.0,117.0,145.0,155.0,157.0,157.0,0.0,53.0,78.0,88.0,91.0,91.0,0.0,2.0,6.0,8.0,9.0,10.0,0.0,0.0,1.0,3.0,3.0,3.0,0.0,0.0,0.0,0.0,2.0,2.0,40648.0,50836.0,50836.0,50836.0,50836.0,50836.0,14,pfizer,50836.0555837781,99.17526366649237,France,35,hybrid,True
9,99.0,141.0,181.0,190.0,190.0,190.0,0.0,66.0,105.0,122.0,124.0,124.0,0.0,1.0,4.0,6.0,6.0,6.0,0.0,0.0,3.0,3.0,3.0,3.0,0.0,0.0,0.0,0.0,1.0,1.0,40704.0,50836.0,50836.0,50836.0,50836.0,50836.0,14,pfizer,50836.0555837781,99.17526366649237,France,35,hybrid,True
0,104.0,152.0,207.0,235.0,240.0,242.0,0.0,63.0,113.0,136.0,149.0,151.0,0.0,0.0,5.0,10.0,12.0,12.0,0.0,0.0,2.0,3.0,3.0,3.0,0.0,0.0,0.0,2.0,2.0,2.0,48573.0,48573.0,48573.0,48573.0,48573.0,48573.0,14,pfizer,48573.88894276885,104.84902070928861,UK,35,hybrid,True
1,104.0,147.0,178.0,190.0,197.0,197.0,0.0,63.0,104.0,121.0,128.0,130.0,0.0,2.0,6.0,7.0,7.0,7.0,0.0,0.0,3.0,3.0,3.0,3.0,0.0,0.0,0.0,0.0,0.0,0.0,48573.0,48573.0,48573.0,48573.0,48573.0,48573.0,14,pfizer,48573.88894276885,104.84902070928861,UK,35,hybrid,True
2,104.0,156.0,215.0,228.0,236.0,237.0,0.0,60.0,99.0,128.0,136.0,139.0,0.0,1.0,8.0,9.0,10.0,11.0,0.0,1.0,3.0,4.0,5.0,5.0,0.0,0.0,0.0,0.0,3.0,4.0,48573.0,48573.0,48573.0,48573.0,48573.0,48573.0,14,pfizer,48573.88894276885,104.84902070928861,UK,35,hybrid,True
3,104.0,156.0,193.0,216.0,223.0,224.0,0.0,61.0,100.0,120.0,127.0,128.0,0.0,0.0,6.0,11.0,11.0,11.0,0.0,0.0,0.0,2.0,2.0,2.0,0.0,0.0,0.0,0.0,1.0,2.0,48573.0,48573.0,48573.0,48573.0,48573.0,48573.0,14,pfizer,48573.88894276885,104.84902070928861,UK,35,hybrid,True
4,104.0,142.0,169.0,184.0,188.0,188.0,0.0,61.0,102.0,112.0,119.0,121.0,0.0,3.0,8.0,9.0,10.0,10.0,0.0,0.0,2.0,5.0,6.0,6.0,0.0,0.0,0.0,1.0,1.0,3.0,48573.0,48573.0,48573.0,48573.0,48573.0,48573.0,14,pfizer,48573.88894276885,104.84902070928861,UK,35,hybrid,True
5,104.0,157.0,192.0,207.0,212.0,213.0,0.0,63.0,106.0,117.0,123.0,128.0,0.0,0.0,3.0,7.0,8.0,8.0,0.0,0.0,0.0,1.0,2.0,2.0,0.0,0.0,0.0,0.0,0.0,0.0,48573.0,48573.0,48573.0,48573.0,48573.0,48573.0,14,pfizer,48573.88894276885,104.84902070928861,UK,35,hybrid,True
6,104.0,146.0,169.0,174.0,181.0,181.0,0.0,70.0,102.0,113.0,116.0,118.0,0.0,0.0,5.0,7.0,8.0,8.0,0.0,0.0,1.0,3.0,3.0,3.0,0.0,0.0,0.0,1.0,2.0,3.0,48573.0,48573.0,48573.0,48573.0,48573.0,48573.0,14,pfizer,48573.88894276885,104.84902070928861,UK,35,hybrid,True
7,104.0,145.0,183.0,193.0,195.0,195.0,0.0,68.0,101.0,120.0,124.0,124.0,0.0,0.0,5.0,10.0,10.0,10.0,0.0,0.0,1.0,3.0,3.0,3.0,0.0,0.0,0.0,0.0,1.0,1.0,48573.0,48573.0,48573.0,48573.0,48573.0,48573.0,14,pfizer,48573.88894276885,104.84902070928861,UK,35,hybrid,True
8,104.0,152.0,188.0,203.0,210.0,210.0,0.0,69.0,107.0,130.0,137.0,139.0,0.0,0.0,8.0,15.0,15.0,19.0,0.0,0.0,3.0,5.0,6.0,6.0,0.0,0.0,0.0,0.0,2.0,3.0,48573.0,48573.0,48573.0,48573.0,48573.0,48573.0,14,pfizer,48573.88894276885,104.84902070928861,UK,35,hybrid,True
9,104.0,164.0,216.0,235.0,241.0,242.0,0.0,71.0,117.0,143.0,151.0,152.0,0.0,0.0,5.0,10.0,10.0,11.0,0.0,0.0,2.0,4.0,6.0,7.0,0.0,0.0,1.0,2.0,2.0,2.0,48573.0,48573.0,48573.0,48573.0,48573.0,48573.0,14,pfizer,48573.88894276885,104.84902070928861,UK,35,hybrid,True
0,108.0,270.0,671.0,1460.0,3049.0,6310.0,0.0,70.0,219.0,568.0,1218.0,2565.0,0.0,1.0,11.0,23.0,71.0,166.0,0.0,0.0,3.0,9.0,23.0,55.0,0.0,0.0,0.0,0.0,2.0,8.0,0.0,0.0,0.0,0.0,0.0,0.0,14,none,49652.966592883546,108.35600364258148,Japan,35,hybrid,True
1,108.0,244.0,598.0,1376.0,3079.0,6416.0,0.0,76.0,230.0,517.0,1223.0,2595.0,0.0,2.0,12.0,25.0,71.0,165.0,0.0,0.0,2.0,4.0,17.0,44.0,0.0,0.0,0.0,0.0,1.0,6.0,0.0,0.0,0.0,0.0,0.0,0.0,14,none,49652.966592883546,108.35600364258148,Japan,35,hybrid,True
2,108.0,215.0,515.0,1090.0,2238.0,4488.0,0.0,80.0,191.0,458.0,942.0,1884.0,0.0,1.0,15.0,25.0,59.0,125.0,0.0,1.0,7.0,15.0,25.0,39.0,0.0,0.0,0.0,0.0,0.0,6.0,0.0,0.0,0.0,0.0,0.0,0.0,14,none,49652.966592883546,108.35600364258148,Japan,35,hybrid,True
3,108.0,248.0,697.0,1674.0,3673.0,7717.0,0.0,80.0,230.0,611.0,1431.0,3092.0,0.0,2.0,11.0,28.0,77.0,183.0,0.0,0.0,2.0,8.0,21.0,49.0,0.0,0.0,0.0,1.0,2.0,7.0,0.0,0.0,0.0,0.0,0.0,0.0,14,none,49652.966592883546,108.35600364258148,Japan,35,hybrid,True
4,108.0,265.0,739.0,1708.0,3788.0,7472.0,0.0,73.0,255.0,630.0,1503.0,3130.0,0.0,1.0,8.0,30.0,85.0,202.0,0.0,0.0,4.0,10.0,37.0,66.0,0.0,0.0,0.0,1.0,1.0,13.0,0.0,0.0,0.0,0.0,0.0,0.0,14,none,49652.966592883546,108.35600364258148,Japan,35,hybrid,True
5,108.0,251.0,639.0,1483.0,3207.0,6506.0,0.0,78.0,225.0,528.0,1249.0,2698.0,0.0,1.0,6.0,27.0,66.0,152.0,0.0,0.0,1.0,4.0,12.0,45.0,0.0,0.0,0.0,0.0,2.0,4.0,0.0,0.0,0.0,0.0,0.0,0.0,14,none,49652.966592883546,108.35600364258148,Japan,35,hybrid,True
6,108.0,267.0,670.0,1579.0,3472.0,7209.0,0.0,80.0,241.0,583.0,1364.0,2962.0,0.0,3.0,14.0,37.0,80.0,177.0,0.0,0.0,3.0,11.0,25.0,49.0,0.0,0.0,0.0,1.0,3.0,9.0,0.0,0.0,0.0,0.0,0.0,0.0,14,none,49652.966592883546,108.35600364258148,Japan,35,hybrid,True
7,108.0,312.0,875.0,2165.0,4907.0,9771.0,0.0,81.0,303.0,799.0,1884.0,4121.0,0.0,2.0,15.0,47.0,114.0,238.0,0.0,0.0,1.0,11.0,37.0,78.0,0.0,0.0,0.0,0.0,4.0,15.0,0.0,0.0,0.0,0.0,0.0,0.0,14,none,49652.966592883546,108.35600364258148,Japan,35,hybrid,True
8,108.0,216.0,547.0,1276.0,2804.0,5865.0,0.0,70.0,180.0,458.0,1052.0,2332.0,0.0,1.0,10.0,26.0,66.0,133.0,0.0,0.0,2.0,7.0,21.0,48.0,0.0,0.0,0.0,0.0,1.0,5.0,0.0,0.0,0.0,0.0,0.0,0.0,14,none,49652.966592883546,108.35600364258148,Japan,35,hybrid,True
9,108.0,232.0,545.0,1183.0,2510.0,5152.0,0.0,66.0,199.0,462.0,1035.0,2163.0,0.0,2.0,13.0,28.0,72.0,140.0,0.0,1.0,4.0,8.0,20.0,38.0,0.0,0.0,0.0,0.0,0.0,3.0,0.0,0.0,0.0,0.0,0.0,0.0,14,none,49652.966592883546,108.35600364258148,Japan,35,hybrid,True
0,101.0,131.0,161.0,165.0,166.0,166.0,0.0,64.0,89.0,98.0,99.0,99.0,0.0,2.0,4.0,5.0,7.0,7.0,0.0,1.0,1.0,2.0,2.0,2.0,0.0,0.0,0.0,0.0,0.0,0.0,40391.0,50445.0,50445.0,50445.0,50445.0,50445.0,14,pfizer,50445.18835817252,101.01123160699467,France,35,hybrid,True
1,101.0,150.0,194.0,210.0,216.0,217.0,0.0,63.0,108.0,131.0,136.0,139.0,0.0,3.0,15.0,16.0,17.0,17.0,0.0,0.0,2.0,2.0,3.0,3.0,0.0,0.0,0.0,0.0,0.0,0.0,40243.0,50445.0,50445.0,50445.0,50445.0,50445.0,14,pfizer,50445.18835817252,101.01123160699467,France,35,hybrid,True
2,101.0,149.0,202.0,219.0,224.0,224.0,0.0,67.0,104.0,123.0,128.0,130.0,0.0,1.0,4.0,6.0,7.0,7.0,0.0,0.0,0.0,1.0,2.0,2.0,0.0,0.0,0.0,0.0,0.0,0.0,40380.0,50445.0,50445.0,50445.0,50445.0,50445.0,14,pfizer,50445.18835817252,101.01123160699467,France,35,hybrid,True
3,101.0,142.0,181.0,189.0,192.0,193.0,0.0,64.0,94.0,110.0,113.0,114.0,0.0,1.0,8.0,12.0,13.0,13.0,0.0,0.0,4.0,7.0,7.0,7.0,0.0,0.0,0.0,1.0,1.0,2.0,40152.0,50445.0,50445.0,50445.0,50445.0,50445.0,14,pfizer,50445.18835817252,101.01123160699467,France,35,hybrid,True
4,101.0,139.0,171.0,181.0,186.0,186.0,0.0,57.0,100.0,112.0,116.0,117.0,0.0,0.0,7.0,9.0,9.0,9.0,0.0,0.0,2.0,3.0,3.0,3.0,0.0,0.0,0.0,1.0,2.0,2.0,40333.0,50445.0,50445.0,50445.0,50445.0,50445.0,14,pfizer,50445.18835817252,101.01123160699467,France,35,hybrid,True
5,101.0,150.0,191.0,206.0,216.0,217.0,0.0,61.0,103.0,124.0,129.0,134.0,0.0,0.0,4.0,6.0,7.0,7.0,0.0,0.0,3.0,4.0,4.0,4.0,0.0,0.0,0.0,1.0,2.0,3.0,40352.0,50445.0,50445.0,50445.0,50445.0,50445.0,14,pfizer,50445.18835817252,101.01123160699467,France,35,hybrid,True
6,101.0,139.0,167.0,177.0,179.0,180.0,0.0,66.0,97.0,109.0,113.0,116.0,0.0,1.0,5.0,8.0,9.0,9.0,0.0,0.0,1.0,2.0,3.0,3.0,0.0,0.0,0.0,1.0,1.0,1.0,40286.0,50445.0,50445.0,50445.0,50445.0,50445.0,14,pfizer,50445.18835817252,101.01123160699467,France,35,hybrid,True
7,101.0,136.0,165.0,185.0,188.0,189.0,0.0,59.0,94.0,109.0,115.0,118.0,0.0,1.0,9.0,10.0,11.0,12.0,0.0,0.0,4.0,4.0,4.0,5.0,0.0,0.0,0.0,0.0,0.0,0.0,40579.0,50445.0,50445.0,50445.0,50445.0,50445.0,14,pfizer,50445.18835817252,101.01123160699467,France,35,hybrid,True
8,101.0,136.0,158.0,171.0,173.0,175.0,0.0,63.0,95.0,102.0,108.0,108.0,0.0,1.0,7.0,11.0,13.0,13.0,0.0,1.0,1.0,2.0,3.0,3.0,0.0,0.0,0.0,0.0,0.0,0.0,40331.0,50445.0,50445.0,50445.0,50445.0,50445.0,14,pfizer,50445.18835817252,101.01123160699467,France,35,hybrid,True
9,101.0,139.0,177.0,192.0,192.0,192.0,0.0,57.0,87.0,103.0,107.0,107.0,0.0,1.0,7.0,9.0,9.0,9.0,0.0,0.0,1.0,3.0,3.0,3.0,0.0,0.0,0.0,0.0,1.0,2.0,40400.0,50445.0,50445.0,50445.0,50445.0,50445.0,14,pfizer,50445.18835817252,101.01123160699467,France,35,hybrid,True
0,100.0,179.0,326.0,511.0,675.0,797.0,0.0,63.0,132.0,236.0,333.0,425.0,0.0,0.0,4.0,15.0,19.0,27.0,0.0,0.0,0.0,5.0,8.0,10.0,0.0,0.0,0.0,0.0,3.0,5.0,50673.0,50673.0,50673.0,50673.0,50673.0,50673.0,14,az,50673.49455540416,100.53192271121432,UK,35,hybrid,True
1,100.0,207.0,396.0,596.0,778.0,890.0,0.0,62.0,149.0,268.0,388.0,491.0,0.0,1.0,3.0,12.0,18.0,35.0,0.0,0.0,1.0,5.0,10.0,17.0,0.0,0.0,0.0,0.0,2.0,4.0,50673.0,50673.0,50673.0,50673.0,50673.0,50673.0,14,az,50673.49455540416,100.53192271121432,UK,35,hybrid,True
2,100.0,172.0,347.0,531.0,704.0,834.0,0.0,62.0,136.0,244.0,361.0,468.0,0.0,0.0,9.0,18.0,27.0,34.0,0.0,0.0,2.0,3.0,6.0,9.0,0.0,0.0,0.0,0.0,1.0,2.0,50673.0,50673.0,50673.0,50673.0,50673.0,50673.0,14,az,50673.49455540416,100.53192271121432,UK,35,hybrid,True
3,100.0,212.0,474.0,739.0,944.0,1106.0,0.0,68.0,179.0,330.0,484.0,600.0,0.0,1.0,7.0,19.0,33.0,48.0,0.0,0.0,2.0,3.0,8.0,11.0,0.0,0.0,0.0,1.0,1.0,3.0,50673.0,50673.0,50673.0,50673.0,50673.0,50673.0,14,az,50673.49455540416,100.53192271121432,UK,35,hybrid,True
4,100.0,192.0,399.0,669.0,873.0,1023.0,0.0,65.0,154.0,303.0,466.0,563.0,0.0,1.0,6.0,12.0,29.0,39.0,0.0,0.0,1.0,2.0,7.0,10.0,0.0,0.0,0.0,0.0,2.0,2.0,50673.0,50673.0,50673.0,50673.0,50673.0,50673.0,14,az,50673.49455540416,100.53192271121432,UK,35,hybrid,True
5,100.0,180.0,330.0,496.0,642.0,755.0,0.0,60.0,148.0,247.0,349.0,421.0,0.0,0.0,6.0,20.0,27.0,36.0,0.0,0.0,3.0,8.0,9.0,13.0,0.0,0.0,0.0,0.0,4.0,5.0,50673.0,50673.0,50673.0,50673.0,50673.0,50673.0,14,az,50673.49455540416,100.53192271121432,UK,35,hybrid,True
6,100.0,207.0,385.0,613.0,771.0,908.0,0.0,60.0,163.0,279.0,418.0,511.0,0.0,0.0,5.0,12.0,22.0,35.0,0.0,0.0,3.0,8.0,10.0,13.0,0.0,0.0,0.0,0.0,1.0,4.0,50673.0,50673.0,50673.0,50673.0,50673.0,50673.0,14,az,50673.49455540416,100.53192271121432,UK,35,hybrid,True
7,100.0,163.0,292.0,440.0,583.0,692.0,0.0,56.0,128.0,211.0,306.0,385.0,0.0,0.0,7.0,14.0,21.0,30.0,0.0,0.0,0.0,2.0,5.0,6.0,0.0,0.0,0.0,0.0,0.0,2.0,50673.0,50673.0,50673.0,50673.0,50673.0,50673.0,14,az,50673.49455540416,100.53192271121432,UK,35,hybrid,True
8,100.0,185.0,359.0,541.0,685.0,791.0,0.0,60.0,128.0,244.0,356.0,441.0,0.0,1.0,6.0,11.0,16.0,29.0,0.0,0.0,1.0,1.0,3.0,4.0,0.0,0.0,0.0,0.0,1.0,1.0,50673.0,50673.0,50673.0,50673.0,50673.0,50673.0,14,az,50673.49455540416,100.53192271121432,UK,35,hybrid,True
9,100.0,177.0,370.0,613.0,831.0,1012.0,0.0,55.0,136.0,275.0,430.0,553.0,0.0,1.0,6.0,11.0,28.0,33.0,0.0,0.0,0.0,4.0,8.0,8.0,0.0,0.0,0.0,0.0,0.0,2.0,50673.0,50673.0,50673.0,50673.0,50673.0,50673.0,14,az,50673.49455540416,100.53192271121432,UK,35,hybrid,True
0,104.0,193.0,356.0,551.0,683.0,776.0,0.0,77.0,166.0,283.0,384.0,450.0,0.0,0.0,19.0,30.0,35.0,47.0,0.0,0.0,4.0,10.0,13.0,17.0,0.0,0.0,0.0,2.0,5.0,6.0,50730.0,50730.0,50730.0,50730.0,50730.0,50730.0,14,az,50730.32289518535,104.35331616065005,Japan,35,hybrid,True
1,104.0,215.0,387.0,534.0,711.0,835.0,0.0,71.0,177.0,278.0,375.0,478.0,0.0,3.0,14.0,21.0,33.0,43.0,0.0,0.0,3.0,7.0,10.0,15.0,0.0,0.0,0.0,1.0,2.0,5.0,50730.0,50730.0,50730.0,50730.0,50730.0,50730.0,14,az,50730.32289518535,104.35331616065005,Japan,35,hybrid,True
2,104.0,195.0,414.0,603.0,824.0,958.0,0.0,62.0,170.0,312.0,458.0,564.0,0.0,2.0,10.0,25.0,38.0,51.0,0.0,1.0,4.0,4.0,9.0,16.0,0.0,0.0,0.0,2.0,2.0,4.0,50730.0,50730.0,50730.0,50730.0,50730.0,50730.0,14,az,50730.32289518535,104.35331616065005,Japan,35,hybrid,True
3,104.0,158.0,287.0,421.0,500.0,569.0,0.0,63.0,130.0,218.0,295.0,337.0,0.0,2.0,4.0,9.0,17.0,23.0,0.0,0.0,2.0,2.0,6.0,7.0,0.0,0.0,0.0,0.0,0.0,1.0,50730.0,50730.0,50730.0,50730.0,50730.0,50730.0,14,az,50730.32289518535,104.35331616065005,Japan,35,hybrid,True
4,104.0,194.0,333.0,511.0,662.0,757.0,0.0,72.0,159.0,255.0,372.0,456.0,0.0,0.0,12.0,28.0,37.0,49.0,0.0,0.0,7.0,12.0,16.0,20.0,0.0,0.0,0.0,1.0,2.0,3.0,50730.0,50730.0,50730.0,50730.0,50730.0,50730.0,14,az,50730.32289518535,104.35331616065005,Japan,35,hybrid,True
5,104.0,195.0,339.0,533.0,697.0,805.0,0.0,68.0,152.0,256.0,381.0,466.0,0.0,1.0,5.0,18.0,33.0,41.0,0.0,0.0,1.0,3.0,10.0,15.0,0.0,0.0,0.0,1.0,1.0,2.0,50730.0,50730.0,50730.0,50730.0,50730.0,50730.0,14,az,50730.32289518535,104.35331616065005,Japan,35,hybrid,True
6,104.0,169.0,306.0,445.0,600.0,700.0,0.0,67.0,131.0,220.0,310.0,388.0,0.0,2.0,15.0,22.0,32.0,43.0,0.0,1.0,8.0,11.0,14.0,20.0,0.0,0.0,1.0,4.0,4.0,5.0,50730.0,50730.0,50730.0,50730.0,50730.0,50730.0,14,az,50730.32289518535,104.35331616065005,Japan,35,hybrid,True
7,104.0,174.0,306.0,433.0,548.0,626.0,0.0,61.0,121.0,224.0,292.0,362.0,0.0,2.0,3.0,8.0,17.0,24.0,0.0,0.0,1.0,2.0,6.0,9.0,0.0,0.0,0.0,0.0,1.0,1.0,50730.0,50730.0,50730.0,50730.0,50730.0,50730.0,14,az,50730.32289518535,104.35331616065005,Japan,35,hybrid,True
8,104.0,189.0,333.0,481.0,594.0,678.0,0.0,68.0,157.0,250.0,336.0,398.0,0.0,3.0,12.0,21.0,33.0,44.0,0.0,0.0,3.0,8.0,10.0,12.0,0.0,0.0,0.0,0.0,3.0,4.0,50730.0,50730.0,50730.0,50730.0,50730.0,50730.0,14,az,50730.32289518535,104.35331616065005,Japan,35,hybrid,True
9,104.0,189.0,321.0,454.0,553.0,645.0,0.0,75.0,152.0,240.0,338.0,389.0,0.0,1.0,7.0,18.0,27.0,30.0,0.0,0.0,3.0,7.0,10.0,12.0,0.0,0.0,0.0,1.0,3.0,5.0,50730.0,50730.0,50730.0,50730.0,50730.0,50730.0,14,az,50730.32289518535,104.35331616065005,Japan,35,hybrid,True
0,99.0,244.0,649.0,1604.0,3682.0,7848.0,0.0,63.0,201.0,532.0,1316.0,3023.0,0.0,2.0,9.0,29.0,62.0,147.0,0.0,0.0,1.0,6.0,10.0,37.0,0.0,0.0,0.0,0.0,4.0,5.0,0.0,0.0,0.0,0.0,0.0,0.0,14,none,49681.71109471098,99.91601731894005,UK,35,hybrid,True
1,99.0,183.0,371.0,912.0,1887.0,3914.0,0.0,68.0,167.0,341.0,778.0,1585.0,0.0,1.0,7.0,17.0,32.0,70.0,0.0,0.0,0.0,3.0,7.0,14.0,0.0,0.0,0.0,0.0,1.0,4.0,0.0,0.0,0.0,0.0,0.0,0.0,14,none,49681.71109471098,99.91601731894005,UK,35,hybrid,True
2,99.0,254.0,593.0,1381.0,3064.0,6527.0,0.0,55.0,194.0,494.0,1153.0,2499.0,0.0,2.0,6.0,21.0,51.0,124.0,0.0,0.0,0.0,3.0,12.0,30.0,0.0,0.0,0.0,0.0,0.0,3.0,0.0,0.0,0.0,0.0,0.0,0.0,14,none,49681.71109471098,99.91601731894005,UK,35,hybrid,True
3,99.0,196.0,578.0,1496.0,3538.0,7468.0,0.0,54.0,156.0,505.0,1252.0,2892.0,0.0,3.0,8.0,24.0,60.0,135.0,0.0,1.0,3.0,8.0,22.0,34.0,0.0,0.0,0.0,1.0,2.0,7.0,0.0,0.0,0.0,0.0,0.0,0.0,14,none,49681.71109471098,99.91601731894005,UK,35,hybrid,True
4,99.0,223.0,529.0,1333.0,3069.0,6513.0,0.0,61.0,192.0,468.0,1115.0,2494.0,0.0,2.0,6.0,29.0,52.0,116.0,0.0,1.0,3.0,9.0,18.0,33.0,0.0,0.0,1.0,2.0,2.0,6.0,0.0,0.0,0.0,0.0,0.0,0.0,14,none,49681.71109471098,99.91601731894005,UK,35,hybrid,True
5,99.0,213.0,468.0,1103.0,2511.0,5568.0,0.0,70.0,166.0,377.0,932.0,2108.0,0.0,1.0,9.0,20.0,39.0,96.0,0.0,0.0,3.0,7.0,12.0,31.0,0.0,0.0,0.0,1.0,1.0,3.0,0.0,0.0,0.0,0.0,0.0,0.0,14,none,49681.71109471098,99.91601731894005,UK,35,hybrid,True
6,99.0,250.0,736.0,1845.0,4299.0,9275.0,0.0,73.0,233.0,633.0,1562.0,3599.0,0.0,1.0,9.0,31.0,68.0,163.0,0.0,0.0,0.0,9.0,21.0,44.0,0.0,0.0,0.0,1.0,3.0,7.0,0.0,0.0,0.0,0.0,0.0,0.0,14,none,49681.71109471098,99.91601731894005,UK,35,hybrid,True
7,99.0,220.0,591.0,1417.0,3293.0,7094.0,0.0,66.0,209.0,502.0,1216.0,2751.0,0.0,0.0,8.0,20.0,60.0,116.0,0.0,0.0,4.0,7.0,17.0,38.0,0.0,0.0,0.0,0.0,4.0,6.0,0.0,0.0,0.0,0.0,0.0,0.0,14,none,49681.71109471098,99.91601731894005,UK,35,hybrid,True
8,99.0,256.0,731.0,1771.0,4066.0,8523.0,0.0,66.0,240.0,648.0,1509.0,3375.0,0.0,1.0,13.0,28.0,75.0,153.0,0.0,0.0,4.0,9.0,24.0,42.0,0.0,0.0,0.0,4.0,5.0,12.0,0.0,0.0,0.0,0.0,0.0,0.0,14,none,49681.71109471098,99.91601731894005,UK,35,hybrid,True
9,99.0,221.0,630.0,1572.0,3680.0,7909.0,0.0,66.0,192.0,550.0,1317.0,3060.0,0.0,0.0,4.0,19.0,54.0,134.0,0.0,0.0,1.0,6.0,12.0,32.0,0.0,0.0,0.0,0.0,1.0,6.0,0.0,0.0,0.0,0.0,0.0,0.0,14,none,49681.71109471098,99.91601731894005,UK,35,hybrid,True
0,93.0,152.0,222.0,255.0,272.0,275.0,0.0,63.0,117.0,148.0,163.0,169.0,0.0,0.0,6.0,8.0,12.0,12.0,0.0,0.0,2.0,4.0,4.0,4.0,0.0,0.0,0.0,2.0,2.0,3.0,49289.0,49289.0,49289.0,49289.0,49289.0,49289.0,14,moderna,49289.43460395471,93.06089263729783,UK,35,hybrid,True
1,93.0,126.0,158.0,171.0,176.0,178.0,0.0,54.0,75.0,86.0,88.0,89.0,0.0,3.0,7.0,10.0,14.0,14.0,0.0,2.0,3.0,4.0,6.0,6.0,0.0,0.0,0.0,0.0,0.0,1.0,49289.0,49289.0,49289.0,49289.0,49289.0,49289.0,14,moderna,49289.43460395471,93.06089263729783,UK,35,hybrid,True
2,93.0,129.0,160.0,173.0,180.0,183.0,0.0,65.0,97.0,113.0,121.0,125.0,0.0,1.0,7.0,8.0,8.0,8.0,0.0,0.0,1.0,2.0,2.0,2.0,0.0,0.0,0.0,1.0,2.0,2.0,49289.0,49289.0,49289.0,49289.0,49289.0,49289.0,14,moderna,49289.43460395471,93.06089263729783,UK,35,hybrid,True
3,93.0,143.0,175.0,182.0,183.0,183.0,0.0,58.0,94.0,110.0,111.0,112.0,0.0,1.0,8.0,13.0,13.0,13.0,0.0,0.0,1.0,2.0,2.0,2.0,0.0,0.0,0.0,0.0,1.0,1.0,49289.0,49289.0,49289.0,49289.0,49289.0,49289.0,14,moderna,49289.43460395471,93.06089263729783,UK,35,hybrid,True
4,93.0,134.0,145.0,149.0,154.0,154.0,0.0,55.0,88.0,91.0,94.0,95.0,0.0,1.0,5.0,6.0,7.0,7.0,0.0,1.0,3.0,3.0,3.0,3.0,0.0,0.0,0.0,0.0,0.0,0.0,49289.0,49289.0,49289.0,49289.0,49289.0,49289.0,14,moderna,49289.43460395471,93.06089263729783,UK,35,hybrid,True
5,93.0,119.0,138.0,146.0,154.0,159.0,0.0,51.0,80.0,85.0,90.0,93.0,0.0,1.0,2.0,4.0,4.0,4.0,0.0,0.0,0.0,0.0,0.0,0.0,0.0,0.0,0.0,0.0,0.0,0.0,49289.0,49289.0,49289.0,49289.0,49289.0,49289.0,14,moderna,49289.43460395471,93.06089263729783,UK,35,hybrid,True
6,93.0,131.0,169.0,177.0,183.0,183.0,0.0,49.0,94.0,109.0,113.0,113.0,0.0,0.0,3.0,5.0,7.0,8.0,0.0,0.0,0.0,2.0,3.0,3.0,0.0,0.0,0.0,0.0,0.0,0.0,49289.0,49289.0,49289.0,49289.0,49289.0,49289.0,14,moderna,49289.43460395471,93.06089263729783,UK,35,hybrid,True
7,93.0,135.0,184.0,202.0,211.0,211.0,0.0,59.0,91.0,116.0,126.0,126.0,0.0,1.0,9.0,11.0,12.0,12.0,0.0,0.0,3.0,4.0,4.0,5.0,0.0,0.0,0.0,0.0,2.0,3.0,49289.0,49289.0,49289.0,49289.0,49289.0,49289.0,14,moderna,49289.43460395471,93.06089263729783,UK,35,hybrid,True
8,93.0,137.0,171.0,184.0,192.0,200.0,0.0,67.0,101.0,113.0,119.0,123.0,0.0,0.0,7.0,9.0,11.0,12.0,0.0,0.0,0.0,0.0,1.0,1.0,0.0,0.0,0.0,0.0,0.0,0.0,49289.0,49289.0,49289.0,49289.0,49289.0,49289.0,14,moderna,49289.43460395471,93.06089263729783,UK,35,hybrid,True
9,93.0,125.0,168.0,180.0,184.0,188.0,0.0,63.0,99.0,121.0,127.0,127.0,0.0,1.0,4.0,7.0,9.0,10.0,0.0,0.0,1.0,2.0,2.0,3.0,0.0,0.0,0.0,1.0,1.0,2.0,49289.0,49289.0,49289.0,49289.0,49289.0,49289.0,14,moderna,49289.43460395471,93.06089263729783,UK,35,hybrid,True
0,112.0,161.0,221.0,260.0,269.0,272.0,0.0,65.0,119.0,152.0,169.0,171.0,0.0,0.0,4.0,8.0,11.0,13.0,0.0,0.0,2.0,3.0,3.0,4.0,0.0,0.0,0.0,0.0,2.0,2.0,24554.0,49046.0,49250.0,49251.0,49251.0,49251.0,14,pfizer,49251.775606550706,112.37251126251856,China,35,hybrid,True
1,112.0,179.0,246.0,275.0,281.0,281.0,0.0,60.0,129.0,161.0,174.0,174.0,0.0,0.0,7.0,9.0,13.0,13.0,0.0,0.0,0.0,0.0,1.0,1.0,0.0,0.0,0.0,0.0,0.0,0.0,24599.0,49067.0,49250.0,49251.0,49251.0,49251.0,14,pfizer,49251.775606550706,112.37251126251856,China,35,hybrid,True
2,112.0,166.0,211.0,226.0,228.0,229.0,0.0,69.0,108.0,128.0,133.0,133.0,0.0,1.0,6.0,9.0,10.0,10.0,0.0,0.0,0.0,1.0,1.0,2.0,0.0,0.0,0.0,0.0,0.0,1.0,24669.0,49056.0,49249.0,49251.0,49251.0,49251.0,14,pfizer,49251.775606550706,112.37251126251856,China,35,hybrid,True
3,112.0,167.0,206.0,216.0,220.0,220.0,0.0,66.0,117.0,128.0,134.0,137.0,0.0,0.0,9.0,11.0,11.0,11.0,0.0,0.0,1.0,3.0,4.0,4.0,0.0,0.0,0.0,0.0,1.0,1.0,24595.0,49066.0,49251.0,49251.0,49251.0,49251.0,14,pfizer,49251.775606550706,112.37251126251856,China,35,hybrid,True
4,112.0,172.0,228.0,257.0,263.0,265.0,0.0,66.0,113.0,139.0,149.0,150.0,0.0,1.0,3.0,4.0,5.0,5.0,0.0,0.0,1.0,1.0,1.0,1.0,0.0,0.0,0.0,0.0,1.0,1.0,24667.0,49057.0,49249.0,49251.0,49251.0,49251.0,14,pfizer,49251.775606550706,112.37251126251856,China,35,hybrid,True
5,112.0,174.0,227.0,241.0,245.0,246.0,0.0,65.0,118.0,142.0,147.0,149.0,0.0,3.0,6.0,10.0,10.0,11.0,0.0,0.0,1.0,1.0,1.0,1.0,0.0,0.0,0.0,0.0,0.0,0.0,24726.0,49032.0,49250.0,49251.0,49251.0,49251.0,14,pfizer,49251.775606550706,112.37251126251856,China,35,hybrid,True
6,112.0,168.0,214.0,234.0,240.0,242.0,0.0,62.0,121.0,137.0,149.0,152.0,0.0,2.0,3.0,4.0,6.0,6.0,0.0,0.0,1.0,1.0,1.0,1.0,0.0,0.0,0.0,0.0,0.0,0.0,24603.0,49056.0,49250.0,49251.0,49251.0,49251.0,14,pfizer,49251.775606550706,112.37251126251856,China,35,hybrid,True
7,112.0,163.0,222.0,247.0,256.0,257.0,0.0,62.0,106.0,138.0,144.0,147.0,0.0,0.0,1.0,6.0,7.0,7.0,0.0,0.0,0.0,0.0,0.0,0.0,0.0,0.0,0.0,0.0,0.0,0.0,24874.0,49050.0,49249.0,49251.0,49251.0,49251.0,14,pfizer,49251.775606550706,112.37251126251856,China,35,hybrid,True
8,112.0,171.0,236.0,271.0,275.0,276.0,0.0,69.0,121.0,150.0,164.0,164.0,0.0,0.0,4.0,5.0,7.0,8.0,0.0,0.0,0.0,1.0,1.0,1.0,0.0,0.0,0.0,0.0,1.0,1.0,24782.0,49038.0,49249.0,49251.0,49251.0,49251.0,14,pfizer,49251.775606550706,112.37251126251856,China,35,hybrid,True
9,112.0,171.0,236.0,266.0,274.0,278.0,0.0,65.0,118.0,145.0,164.0,169.0,0.0,1.0,7.0,12.0,14.0,16.0,0.0,0.0,0.0,3.0,4.0,4.0,0.0,0.0,0.0,0.0,1.0,1.0,24597.0,49076.0,49249.0,49251.0,49251.0,49251.0,14,pfizer,49251.775606550706,112.37251126251856,China,35,hybrid,True
0,99.0,205.0,402.0,617.0,806.0,927.0,0.0,64.0,167.0,290.0,410.0,525.0,0.0,4.0,12.0,20.0,33.0,41.0,0.0,1.0,6.0,8.0,13.0,17.0,0.0,0.0,0.0,1.0,2.0,4.0,49987.0,49987.0,49987.0,49987.0,49987.0,49987.0,14,az,49987.6941745318,99.43411993476239,Japan,35,hybrid,True
1,99.0,194.0,345.0,502.0,616.0,688.0,0.0,72.0,151.0,261.0,363.0,433.0,0.0,2.0,8.0,11.0,16.0,29.0,0.0,0.0,3.0,3.0,5.0,9.0,0.0,0.0,0.0,0.0,0.0,0.0,49987.0,49987.0,49987.0,49987.0,49987.0,49987.0,14,az,49987.6941745318,99.43411993476239,Japan,35,hybrid,True
2,99.0,185.0,341.0,519.0,656.0,757.0,0.0,56.0,139.0,247.0,357.0,444.0,0.0,1.0,6.0,20.0,38.0,44.0,0.0,0.0,1.0,5.0,13.0,14.0,0.0,0.0,0.0,0.0,1.0,5.0,49987.0,49987.0,49987.0,49987.0,49987.0,49987.0,14,az,49987.6941745318,99.43411993476239,Japan,35,hybrid,True
3,99.0,181.0,348.0,521.0,662.0,778.0,0.0,59.0,145.0,247.0,351.0,432.0,0.0,3.0,9.0,17.0,27.0,41.0,0.0,1.0,2.0,6.0,12.0,17.0,0.0,0.0,0.0,0.0,0.0,1.0,49987.0,49987.0,49987.0,49987.0,49987.0,49987.0,14,az,49987.6941745318,99.43411993476239,Japan,35,hybrid,True
4,99.0,175.0,317.0,456.0,566.0,660.0,0.0,61.0,139.0,235.0,324.0,408.0,0.0,2.0,6.0,15.0,22.0,33.0,0.0,0.0,2.0,5.0,8.0,10.0,0.0,0.0,0.0,1.0,2.0,2.0,49987.0,49987.0,49987.0,49987.0,49987.0,49987.0,14,az,49987.6941745318,99.43411993476239,Japan,35,hybrid,True
5,99.0,210.0,397.0,610.0,779.0,889.0,0.0,61.0,157.0,284.0,411.0,498.0,0.0,0.0,6.0,17.0,32.0,46.0,0.0,0.0,2.0,7.0,13.0,17.0,0.0,0.0,1.0,1.0,1.0,3.0,49987.0,49987.0,49987.0,49987.0,49987.0,49987.0,14,az,49987.6941745318,99.43411993476239,Japan,35,hybrid,True
6,99.0,181.0,319.0,471.0,616.0,722.0,0.0,70.0,148.0,247.0,337.0,419.0,0.0,0.0,7.0,10.0,16.0,27.0,0.0,0.0,3.0,5.0,7.0,13.0,0.0,0.0,0.0,2.0,2.0,2.0,49987.0,49987.0,49987.0,49987.0,49987.0,49987.0,14,az,49987.6941745318,99.43411993476239,Japan,35,hybrid,True
7,99.0,171.0,304.0,460.0,612.0,715.0,0.0,63.0,144.0,224.0,335.0,414.0,0.0,1.0,10.0,22.0,33.0,40.0,0.0,0.0,3.0,8.0,12.0,15.0,0.0,0.0,0.0,1.0,2.0,3.0,49987.0,49987.0,49987.0,49987.0,49987.0,49987.0,14,az,49987.6941745318,99.43411993476239,Japan,35,hybrid,True
8,99.0,180.0,282.0,401.0,486.0,546.0,0.0,63.0,132.0,205.0,267.0,315.0,0.0,3.0,13.0,18.0,27.0,33.0,0.0,1.0,3.0,6.0,8.0,9.0,0.0,0.0,0.0,0.0,1.0,1.0,49987.0,49987.0,49987.0,49987.0,49987.0,49987.0,14,az,49987.6941745318,99.43411993476239,Japan,35,hybrid,True
9,99.0,201.0,321.0,451.0,578.0,674.0,0.0,67.0,160.0,244.0,326.0,399.0,0.0,0.0,8.0,16.0,28.0,40.0,0.0,0.0,2.0,6.0,8.0,11.0,0.0,0.0,0.0,1.0,2.0,3.0,49987.0,49987.0,49987.0,49987.0,49987.0,49987.0,14,az,49987.6941745318,99.43411993476239,Japan,35,hybrid,True
0,98.0,150.0,183.0,200.0,205.0,206.0,0.0,69.0,105.0,117.0,125.0,128.0,0.0,4.0,8.0,8.0,10.0,10.0,0.0,3.0,5.0,6.0,7.0,7.0,0.0,0.0,0.0,1.0,3.0,3.0,49286.0,49286.0,49286.0,49286.0,49286.0,49286.0,14,moderna,49286.87961631629,98.61114756054837,UK,35,hybrid,True
1,98.0,142.0,178.0,191.0,197.0,197.0,0.0,60.0,99.0,119.0,126.0,128.0,0.0,0.0,4.0,5.0,6.0,7.0,0.0,0.0,1.0,1.0,2.0,2.0,0.0,0.0,0.0,1.0,1.0,1.0,49286.0,49286.0,49286.0,49286.0,49286.0,49286.0,14,moderna,49286.87961631629,98.61114756054837,UK,35,hybrid,True
2,98.0,136.0,181.0,207.0,214.0,215.0,0.0,56.0,94.0,116.0,127.0,130.0,0.0,1.0,5.0,7.0,9.0,9.0,0.0,0.0,2.0,3.0,3.0,3.0,0.0,0.0,0.0,0.0,0.0,0.0,49286.0,49286.0,49286.0,49286.0,49286.0,49286.0,14,moderna,49286.87961631629,98.61114756054837,UK,35,hybrid,True
3,98.0,133.0,157.0,167.0,176.0,178.0,0.0,58.0,92.0,99.0,106.0,113.0,0.0,1.0,5.0,6.0,7.0,8.0,0.0,1.0,1.0,1.0,2.0,2.0,0.0,0.0,0.0,1.0,1.0,2.0,49286.0,49286.0,49286.0,49286.0,49286.0,49286.0,14,moderna,49286.87961631629,98.61114756054837,UK,35,hybrid,True
4,98.0,130.0,173.0,193.0,198.0,198.0,0.0,62.0,94.0,114.0,119.0,121.0,0.0,2.0,4.0,5.0,7.0,8.0,0.0,0.0,0.0,0.0,1.0,2.0,0.0,0.0,0.0,0.0,0.0,0.0,49286.0,49286.0,49286.0,49286.0,49286.0,49286.0,14,moderna,49286.87961631629,98.61114756054837,UK,35,hybrid,True
5,98.0,137.0,162.0,172.0,176.0,177.0,0.0,48.0,82.0,98.0,100.0,102.0,0.0,1.0,6.0,10.0,11.0,11.0,0.0,0.0,0.0,1.0,2.0,2.0,0.0,0.0,0.0,0.0,1.0,1.0,49286.0,49286.0,49286.0,49286.0,49286.0,49286.0,14,moderna,49286.87961631629,98.61114756054837,UK,35,hybrid,True
6,98.0,143.0,183.0,202.0,210.0,211.0,0.0,57.0,91.0,111.0,121.0,123.0,0.0,0.0,3.0,3.0,4.0,6.0,0.0,0.0,0.0,0.0,0.0,0.0,0.0,0.0,0.0,0.0,0.0,0.0,49286.0,49286.0,49286.0,49286.0,49286.0,49286.0,14,moderna,49286.87961631629,98.61114756054837,UK,35,hybrid,True
7,98.0,137.0,182.0,193.0,198.0,198.0,0.0,54.0,93.0,116.0,120.0,120.0,0.0,1.0,11.0,15.0,16.0,16.0,0.0,0.0,2.0,6.0,6.0,6.0,0.0,0.0,1.0,1.0,3.0,4.0,49286.0,49286.0,49286.0,49286.0,49286.0,49286.0,14,moderna,49286.87961631629,98.61114756054837,UK,35,hybrid,True
8,98.0,135.0,181.0,199.0,211.0,216.0,0.0,71.0,107.0,129.0,136.0,144.0,0.0,1.0,6.0,8.0,11.0,11.0,0.0,0.0,0.0,1.0,2.0,2.0,0.0,0.0,0.0,0.0,0.0,0.0,49286.0,49286.0,49286.0,49286.0,49286.0,49286.0,14,moderna,49286.87961631629,98.61114756054837,UK,35,hybrid,True
9,98.0,139.0,182.0,205.0,213.0,216.0,0.0,60.0,99.0,115.0,123.0,125.0,0.0,0.0,7.0,9.0,12.0,13.0,0.0,0.0,1.0,1.0,2.0,2.0,0.0,0.0,0.0,0.0,0.0,0.0,49286.0,49286.0,49286.0,49286.0,49286.0,49286.0,14,moderna,49286.87961631629,98.61114756054837,UK,35,hybrid,True
0,93.0,144.0,192.0,209.0,220.0,224.0,0.0,47.0,91.0,119.0,124.0,133.0,0.0,0.0,1.0,6.0,8.0,10.0,0.0,0.0,0.0,3.0,4.0,5.0,0.0,0.0,0.0,0.0,1.0,1.0,24940.0,49801.0,49999.0,49999.0,49999.0,49999.0,14,moderna,49999.6974094165,93.95292329340438,China,35,hybrid,True
1,93.0,135.0,167.0,183.0,187.0,187.0,0.0,49.0,87.0,103.0,110.0,113.0,0.0,0.0,2.0,4.0,6.0,6.0,0.0,0.0,0.0,2.0,2.0,2.0,0.0,0.0,0.0,0.0,1.0,1.0,24974.0,49813.0,49999.0,49999.0,49999.0,49999.0,14,moderna,49999.6974094165,93.95292329340438,China,35,hybrid,True
2,93.0,128.0,169.0,189.0,195.0,196.0,0.0,47.0,87.0,106.0,115.0,118.0,0.0,0.0,2.0,5.0,5.0,7.0,0.0,0.0,0.0,1.0,1.0,1.0,0.0,0.0,0.0,0.0,0.0,0.0,25034.0,49793.0,49997.0,49999.0,49999.0,49999.0,14,moderna,49999.6974094165,93.95292329340438,China,35,hybrid,True
3,93.0,144.0,200.0,211.0,214.0,216.0,0.0,54.0,97.0,127.0,130.0,130.0,0.0,3.0,8.0,10.0,10.0,10.0,0.0,0.0,3.0,3.0,3.0,3.0,0.0,0.0,0.0,1.0,2.0,2.0,24981.0,49810.0,49999.0,49999.0,49999.0,49999.0,14,moderna,49999.6974094165,93.95292329340438,China,35,hybrid,True
4,93.0,128.0,169.0,189.0,195.0,197.0,0.0,51.0,85.0,100.0,106.0,108.0,0.0,0.0,2.0,4.0,5.0,5.0,0.0,0.0,0.0,1.0,1.0,1.0,0.0,0.0,0.0,0.0,0.0,1.0,25034.0,49826.0,49997.0,49999.0,49999.0,49999.0,14,moderna,49999.6974094165,93.95292329340438,China,35,hybrid,True
5,93.0,143.0,183.0,208.0,210.0,211.0,0.0,57.0,91.0,110.0,122.0,122.0,0.0,0.0,5.0,6.0,6.0,6.0,0.0,0.0,0.0,0.0,0.0,0.0,0.0,0.0,0.0,0.0,0.0,0.0,25094.0,49804.0,49998.0,49999.0,49999.0,49999.0,14,moderna,49999.6974094165,93.95292329340438,China,35,hybrid,True
6,93.0,144.0,212.0,251.0,258.0,260.0,0.0,48.0,97.0,131.0,145.0,148.0,0.0,0.0,2.0,5.0,5.0,5.0,0.0,0.0,0.0,1.0,1.0,1.0,0.0,0.0,0.0,0.0,0.0,0.0,24961.0,49805.0,49997.0,49999.0,49999.0,49999.0,14,moderna,49999.6974094165,93.95292329340438,China,35,hybrid,True
7,93.0,116.0,153.0,169.0,174.0,178.0,0.0,49.0,82.0,95.0,102.0,104.0,0.0,2.0,6.0,7.0,7.0,8.0,0.0,1.0,2.0,2.0,2.0,2.0,0.0,0.0,0.0,1.0,1.0,1.0,25266.0,49806.0,49999.0,49999.0,49999.0,49999.0,14,moderna,49999.6974094165,93.95292329340438,China,35,hybrid,True
8,93.0,136.0,178.0,196.0,202.0,204.0,0.0,45.0,80.0,100.0,104.0,106.0,0.0,0.0,4.0,5.0,7.0,8.0,0.0,0.0,2.0,2.0,2.0,3.0,0.0,0.0,0.0,0.0,0.0,0.0,25144.0,49775.0,49998.0,49999.0,49999.0,49999.0,14,moderna,49999.6974094165,93.95292329340438,China,35,hybrid,True
9,93.0,154.0,201.0,227.0,241.0,244.0,0.0,55.0,115.0,140.0,151.0,155.0,0.0,0.0,4.0,8.0,8.0,9.0,0.0,0.0,1.0,3.0,3.0,3.0,0.0,0.0,0.0,0.0,0.0,1.0,24980.0,49819.0,49997.0,49999.0,49999.0,49999.0,14,moderna,49999.6974094165,93.95292329340438,China,35,hybrid,True
0,100.0,211.0,419.0,610.0,774.0,876.0,0.0,65.0,169.0,297.0,421.0,503.0,0.0,0.0,5.0,15.0,25.0,34.0,0.0,0.0,0.0,4.0,5.0,8.0,0.0,0.0,0.0,0.0,0.0,0.0,24133.0,48251.0,48419.0,48422.0,48422.0,48422.0,14,az,48422.86012073863,100.31874294289194,China,35,hybrid,True
1,100.0,243.0,463.0,729.0,965.0,1139.0,0.0,62.0,174.0,318.0,474.0,618.0,0.0,0.0,3.0,16.0,26.0,38.0,0.0,0.0,0.0,3.0,3.0,6.0,0.0,0.0,0.0,0.0,0.0,0.0,24190.0,48218.0,48421.0,48422.0,48422.0,48422.0,14,az,48422.86012073863,100.31874294289194,China,35,hybrid,True
2,100.0,164.0,268.0,388.0,520.0,610.0,0.0,57.0,121.0,184.0,265.0,333.0,0.0,1.0,4.0,7.0,15.0,23.0,0.0,0.0,3.0,4.0,5.0,6.0,0.0,0.0,0.0,1.0,1.0,2.0,24245.0,48195.0,48421.0,48422.0,48422.0,48422.0,14,az,48422.86012073863,100.31874294289194,China,35,hybrid,True
3,100.0,181.0,353.0,577.0,795.0,950.0,0.0,60.0,149.0,271.0,396.0,515.0,0.0,1.0,3.0,5.0,10.0,25.0,0.0,0.0,1.0,3.0,3.0,5.0,0.0,0.0,0.0,0.0,1.0,1.0,24170.0,48235.0,48419.0,48422.0,48422.0,48422.0,14,az,48422.86012073863,100.31874294289194,China,35,hybrid,True
4,100.0,200.0,388.0,575.0,746.0,904.0,0.0,59.0,138.0,259.0,371.0,470.0,0.0,0.0,7.0,12.0,23.0,30.0,0.0,0.0,1.0,3.0,8.0,9.0,0.0,0.0,0.0,1.0,2.0,3.0,24233.0,48227.0,48421.0,48422.0,48422.0,48422.0,14,az,48422.86012073863,100.31874294289194,China,35,hybrid,True
5,100.0,217.0,378.0,557.0,692.0,826.0,0.0,63.0,162.0,252.0,364.0,446.0,0.0,2.0,5.0,13.0,18.0,24.0,0.0,0.0,3.0,4.0,5.0,5.0,0.0,0.0,0.0,2.0,2.0,2.0,24290.0,48225.0,48422.0,48422.0,48422.0,48422.0,14,az,48422.86012073863,100.31874294289194,China,35,hybrid,True
6,100.0,192.0,415.0,708.0,954.0,1146.0,0.0,59.0,147.0,298.0,473.0,601.0,0.0,1.0,3.0,10.0,23.0,29.0,0.0,0.0,1.0,3.0,6.0,8.0,0.0,0.0,0.0,1.0,1.0,2.0,24201.0,48224.0,48420.0,48422.0,48422.0,48422.0,14,az,48422.86012073863,100.31874294289194,China,35,hybrid,True
7,100.0,195.0,362.0,567.0,743.0,866.0,0.0,69.0,156.0,274.0,398.0,481.0,0.0,0.0,3.0,10.0,22.0,28.0,0.0,0.0,0.0,2.0,4.0,8.0,0.0,0.0,0.0,0.0,0.0,1.0,24464.0,48220.0,48420.0,48422.0,48422.0,48422.0,14,az,48422.86012073863,100.31874294289194,China,35,hybrid,True
8,100.0,173.0,339.0,555.0,764.0,905.0,0.0,62.0,132.0,241.0,352.0,469.0,0.0,0.0,4.0,7.0,14.0,21.0,0.0,0.0,2.0,2.0,5.0,7.0,0.0,0.0,0.0,1.0,1.0,2.0,24353.0,48213.0,48422.0,48422.0,48422.0,48422.0,14,az,48422.86012073863,100.31874294289194,China,35,hybrid,True
9,100.0,198.0,399.0,668.0,945.0,1106.0,0.0,66.0,167.0,311.0,481.0,626.0,0.0,0.0,9.0,15.0,34.0,41.0,0.0,0.0,4.0,5.0,7.0,9.0,0.0,0.0,0.0,1.0,3.0,4.0,24170.0,48235.0,48422.0,48422.0,48422.0,48422.0,14,az,48422.86012073863,100.31874294289194,China,35,hybrid,True
0,99.0,268.0,791.0,1954.0,4736.0,10334.0,0.0,66.0,255.0,685.0,1678.0,3922.0,0.0,1.0,5.0,21.0,45.0,127.0,0.0,0.0,1.0,4.0,6.0,24.0,0.0,0.0,0.0,0.0,0.0,0.0,0.0,0.0,0.0,0.0,0.0,0.0,14,none,49679.6377630344,99.70532598089088,China,35,hybrid,True
1,99.0,255.0,739.0,1908.0,4590.0,10117.0,0.0,70.0,236.0,648.0,1644.0,3816.0,0.0,0.0,9.0,20.0,71.0,156.0,0.0,0.0,0.0,5.0,10.0,31.0,0.0,0.0,0.0,0.0,0.0,2.0,0.0,0.0,0.0,0.0,0.0,0.0,14,none,49679.6377630344,99.70532598089088,China,35,hybrid,True
2,99.0,265.0,818.0,2269.0,5684.0,12526.0,0.0,66.0,245.0,724.0,1916.0,4657.0,0.0,1.0,7.0,21.0,72.0,181.0,0.0,0.0,2.0,3.0,14.0,28.0,0.0,0.0,0.0,0.0,1.0,4.0,0.0,0.0,0.0,0.0,0.0,0.0,14,none,49679.6377630344,99.70532598089088,China,35,hybrid,True
3,99.0,236.0,725.0,1871.0,4529.0,9796.0,0.0,55.0,206.0,582.0,1562.0,3664.0,0.0,1.0,3.0,15.0,54.0,151.0,0.0,0.0,0.0,4.0,15.0,34.0,0.0,0.0,0.0,0.0,4.0,5.0,0.0,0.0,0.0,0.0,0.0,0.0,14,none,49679.6377630344,99.70532598089088,China,35,hybrid,True
4,99.0,222.0,607.0,1451.0,3539.0,8212.0,0.0,65.0,188.0,508.0,1244.0,2923.0,0.0,0.0,5.0,21.0,43.0,110.0,0.0,0.0,1.0,3.0,8.0,20.0,0.0,0.0,0.0,0.0,1.0,1.0,0.0,0.0,0.0,0.0,0.0,0.0,14,none,49679.6377630344,99.70532598089088,China,35,hybrid,True
5,99.0,231.0,617.0,1730.0,4182.0,9329.0,0.0,64.0,198.0,513.0,1407.0,3473.0,0.0,0.0,9.0,22.0,61.0,138.0,0.0,0.0,1.0,3.0,7.0,24.0,0.0,0.0,0.0,0.0,0.0,0.0,0.0,0.0,0.0,0.0,0.0,0.0,14,none,49679.6377630344,99.70532598089088,China,35,hybrid,True
6,99.0,246.0,664.0,1666.0,4104.0,9102.0,0.0,70.0,204.0,568.0,1446.0,3442.0,0.0,3.0,10.0,23.0,44.0,131.0,0.0,0.0,1.0,4.0,11.0,30.0,0.0,0.0,0.0,0.0,1.0,4.0,0.0,0.0,0.0,0.0,0.0,0.0,14,none,49679.6377630344,99.70532598089088,China,35,hybrid,True
7,99.0,236.0,696.0,1875.0,4519.0,10019.0,0.0,70.0,214.0,626.0,1588.0,3810.0,0.0,0.0,8.0,19.0,62.0,160.0,0.0,0.0,1.0,1.0,11.0,36.0,0.0,0.0,0.0,0.0,0.0,1.0,0.0,0.0,0.0,0.0,0.0,0.0,14,none,49679.6377630344,99.70532598089088,China,35,hybrid,True
8,99.0,198.0,537.0,1317.0,3074.0,6763.0,0.0,65.0,188.0,477.0,1120.0,2549.0,0.0,0.0,4.0,16.0,40.0,99.0,0.0,0.0,2.0,4.0,10.0,21.0,0.0,0.0,0.0,0.0,1.0,1.0,0.0,0.0,0.0,0.0,0.0,0.0,14,none,49679.6377630344,99.70532598089088,China,35,hybrid,True
9,99.0,236.0,761.0,2096.0,5090.0,11233.0,0.0,67.0,210.0,667.0,1728.0,4181.0,0.0,0.0,7.0,27.0,59.0,166.0,0.0,0.0,2.0,7.0,12.0,37.0,0.0,0.0,0.0,0.0,1.0,3.0,0.0,0.0,0.0,0.0,0.0,0.0,14,none,49679.6377630344,99.70532598089088,China,35,hybrid,True
0,97.0,134.0,165.0,178.0,182.0,182.0,0.0,57.0,90.0,104.0,106.0,107.0,0.0,0.0,2.0,5.0,6.0,7.0,0.0,0.0,0.0,0.0,0.0,1.0,0.0,0.0,0.0,0.0,0.0,0.0,39222.0,49002.0,49002.0,49002.0,49002.0,49002.0,14,pfizer,49002.02689164489,97.47988538303575,France,35,hybrid,True
1,97.0,150.0,185.0,196.0,197.0,197.0,0.0,53.0,96.0,121.0,125.0,125.0,0.0,1.0,4.0,6.0,6.0,6.0,0.0,0.0,1.0,2.0,2.0,2.0,0.0,0.0,0.0,1.0,1.0,1.0,39102.0,49002.0,49002.0,49002.0,49002.0,49002.0,14,pfizer,49002.02689164489,97.47988538303575,France,35,hybrid,True
2,97.0,119.0,158.0,167.0,169.0,169.0,0.0,59.0,83.0,101.0,104.0,104.0,0.0,0.0,4.0,7.0,8.0,8.0,0.0,0.0,3.0,4.0,4.0,4.0,0.0,0.0,0.0,0.0,1.0,2.0,39221.0,49002.0,49002.0,49002.0,49002.0,49002.0,14,pfizer,49002.02689164489,97.47988538303575,France,35,hybrid,True
3,97.0,128.0,161.0,171.0,176.0,181.0,0.0,59.0,87.0,101.0,106.0,108.0,0.0,0.0,3.0,4.0,8.0,10.0,0.0,0.0,1.0,2.0,2.0,3.0,0.0,0.0,0.0,0.0,1.0,1.0,39011.0,49002.0,49002.0,49002.0,49002.0,49002.0,14,pfizer,49002.02689164489,97.47988538303575,France,35,hybrid,True
4,97.0,141.0,173.0,182.0,184.0,184.0,0.0,65.0,100.0,112.0,116.0,116.0,0.0,1.0,6.0,9.0,10.0,10.0,0.0,0.0,1.0,2.0,3.0,3.0,0.0,0.0,0.0,0.0,2.0,2.0,39172.0,49002.0,49002.0,49002.0,49002.0,49002.0,14,pfizer,49002.02689164489,97.47988538303575,France,35,hybrid,True
5,97.0,133.0,163.0,175.0,178.0,179.0,0.0,55.0,91.0,106.0,112.0,113.0,0.0,2.0,5.0,7.0,8.0,8.0,0.0,0.0,1.0,2.0,2.0,2.0,0.0,0.0,0.0,0.0,1.0,1.0,39162.0,49002.0,49002.0,49002.0,49002.0,49002.0,14,pfizer,49002.02689164489,97.47988538303575,France,35,hybrid,True
6,97.0,138.0,169.0,181.0,184.0,185.0,0.0,60.0,94.0,110.0,115.0,116.0,0.0,2.0,5.0,7.0,8.0,8.0,0.0,1.0,2.0,4.0,4.0,4.0,0.0,0.0,1.0,1.0,2.0,2.0,39142.0,49002.0,49002.0,49002.0,49002.0,49002.0,14,pfizer,49002.02689164489,97.47988538303575,France,35,hybrid,True
7,97.0,120.0,156.0,171.0,174.0,176.0,0.0,63.0,90.0,108.0,112.0,115.0,0.0,2.0,3.0,4.0,4.0,5.0,0.0,0.0,0.0,0.0,1.0,1.0,0.0,0.0,0.0,0.0,0.0,1.0,39409.0,49002.0,49002.0,49002.0,49002.0,49002.0,14,pfizer,49002.02689164489,97.47988538303575,France,35,hybrid,True
8,97.0,143.0,184.0,194.0,198.0,201.0,0.0,58.0,101.0,120.0,126.0,127.0,0.0,0.0,3.0,5.0,7.0,8.0,0.0,0.0,1.0,1.0,2.0,2.0,0.0,0.0,0.0,0.0,2.0,2.0,39210.0,49002.0,49002.0,49002.0,49002.0,49002.0,14,pfizer,49002.02689164489,97.47988538303575,France,35,hybrid,True
9,97.0,136.0,164.0,174.0,176.0,176.0,0.0,66.0,97.0,113.0,116.0,117.0,0.0,1.0,8.0,9.0,9.0,10.0,0.0,0.0,3.0,6.0,6.0,6.0,0.0,0.0,0.0,0.0,0.0,0.0,39226.0,49001.0,49002.0,49002.0,49002.0,49002.0,14,pfizer,49002.02689164489,97.47988538303575,France,35,hybrid,True
0,102.0,170.0,232.0,275.0,285.0,290.0,0.0,59.0,111.0,133.0,147.0,151.0,0.0,0.0,8.0,11.0,13.0,14.0,0.0,0.0,2.0,4.0,4.0,5.0,0.0,0.0,0.0,0.0,1.0,2.0,49543.0,49543.0,49543.0,49543.0,49543.0,49543.0,14,pfizer,49543.36235736952,102.87904939938173,UK,35,hybrid,True
1,102.0,138.0,185.0,198.0,199.0,199.0,0.0,60.0,100.0,113.0,117.0,117.0,0.0,1.0,6.0,8.0,10.0,10.0,0.0,0.0,3.0,3.0,5.0,5.0,0.0,0.0,0.0,0.0,0.0,0.0,49543.0,49543.0,49543.0,49543.0,49543.0,49543.0,14,pfizer,49543.36235736952,102.87904939938173,UK,35,hybrid,True
2,102.0,143.0,187.0,197.0,199.0,200.0,0.0,60.0,93.0,106.0,111.0,113.0,0.0,2.0,5.0,10.0,14.0,15.0,0.0,0.0,1.0,4.0,7.0,7.0,0.0,0.0,0.0,0.0,1.0,1.0,49543.0,49543.0,49543.0,49543.0,49543.0,49543.0,14,pfizer,49543.36235736952,102.87904939938173,UK,35,hybrid,True
3,102.0,133.0,162.0,169.0,178.0,182.0,0.0,61.0,86.0,101.0,106.0,110.0,0.0,4.0,9.0,12.0,13.0,14.0,0.0,1.0,3.0,4.0,4.0,4.0,0.0,0.0,0.0,1.0,2.0,2.0,49543.0,49543.0,49543.0,49543.0,49543.0,49543.0,14,pfizer,49543.36235736952,102.87904939938173,UK,35,hybrid,True
4,102.0,150.0,195.0,210.0,215.0,215.0,0.0,61.0,115.0,136.0,140.0,142.0,0.0,1.0,7.0,10.0,11.0,12.0,0.0,0.0,2.0,3.0,3.0,4.0,0.0,0.0,0.0,2.0,3.0,3.0,49543.0,49543.0,49543.0,49543.0,49543.0,49543.0,14,pfizer,49543.36235736952,102.87904939938173,UK,35,hybrid,True
5,102.0,143.0,173.0,189.0,191.0,191.0,0.0,63.0,96.0,111.0,118.0,118.0,0.0,0.0,5.0,11.0,13.0,13.0,0.0,0.0,1.0,2.0,3.0,3.0,0.0,0.0,1.0,2.0,2.0,2.0,49543.0,49543.0,49543.0,49543.0,49543.0,49543.0,14,pfizer,49543.36235736952,102.87904939938173,UK,35,hybrid,True
6,102.0,134.0,166.0,179.0,181.0,181.0,0.0,61.0,95.0,104.0,109.0,110.0,0.0,1.0,8.0,9.0,9.0,9.0,0.0,1.0,4.0,5.0,5.0,5.0,0.0,0.0,0.0,0.0,1.0,1.0,49543.0,49543.0,49543.0,49543.0,49543.0,49543.0,14,pfizer,49543.36235736952,102.87904939938173,UK,35,hybrid,True
7,102.0,134.0,166.0,174.0,174.0,175.0,0.0,64.0,91.0,104.0,106.0,106.0,0.0,3.0,7.0,8.0,9.0,10.0,0.0,0.0,2.0,5.0,5.0,5.0,0.0,0.0,0.0,0.0,2.0,2.0,49543.0,49543.0,49543.0,49543.0,49543.0,49543.0,14,pfizer,49543.36235736952,102.87904939938173,UK,35,hybrid,True
8,102.0,149.0,199.0,217.0,227.0,228.0,0.0,67.0,106.0,131.0,138.0,143.0,0.0,1.0,5.0,6.0,6.0,6.0,0.0,0.0,2.0,2.0,2.0,2.0,0.0,0.0,0.0,1.0,1.0,1.0,49543.0,49543.0,49543.0,49543.0,49543.0,49543.0,14,pfizer,49543.36235736952,102.87904939938173,UK,35,hybrid,True
9,102.0,155.0,201.0,217.0,223.0,223.0,0.0,51.0,97.0,118.0,124.0,127.0,0.0,0.0,4.0,9.0,10.0,10.0,0.0,0.0,1.0,3.0,3.0,4.0,0.0,0.0,0.0,0.0,0.0,0.0,49543.0,49543.0,49543.0,49543.0,49543.0,49543.0,14,pfizer,49543.36235736952,102.87904939938173,UK,35,hybrid,True
0,97.0,269.0,741.0,1840.0,4179.0,9096.0,0.0,60.0,210.0,613.0,1500.0,3395.0,0.0,0.0,8.0,22.0,50.0,136.0,0.0,0.0,1.0,5.0,10.0,33.0,0.0,0.0,0.0,1.0,3.0,5.0,0.0,0.0,0.0,0.0,0.0,0.0,14,none,51182.12572410758,97.21294988869144,China,35,hybrid,True
1,97.0,225.0,542.0,1480.0,3682.0,8301.0,0.0,63.0,191.0,466.0,1240.0,3025.0,0.0,1.0,1.0,15.0,36.0,107.0,0.0,0.0,1.0,2.0,6.0,22.0,0.0,0.0,0.0,0.0,0.0,1.0,0.0,0.0,0.0,0.0,0.0,0.0,14,none,51182.12572410758,97.21294988869144,China,35,hybrid,True
2,97.0,198.0,457.0,1105.0,2857.0,6601.0,0.0,66.0,174.0,396.0,989.0,2396.0,0.0,1.0,7.0,19.0,38.0,95.0,0.0,0.0,2.0,6.0,11.0,23.0,0.0,0.0,0.0,1.0,1.0,4.0,0.0,0.0,0.0,0.0,0.0,0.0,14,none,51182.12572410758,97.21294988869144,China,35,hybrid,True
3,97.0,258.0,674.0,1554.0,3708.0,8102.0,0.0,54.0,205.0,544.0,1313.0,3005.0,0.0,2.0,11.0,25.0,53.0,115.0,0.0,0.0,2.0,4.0,13.0,26.0,0.0,0.0,0.0,0.0,0.0,1.0,0.0,0.0,0.0,0.0,0.0,0.0,14,none,51182.12572410758,97.21294988869144,China,35,hybrid,True
4,97.0,239.0,692.0,1832.0,4431.0,9826.0,0.0,56.0,203.0,600.0,1520.0,3614.0,0.0,0.0,4.0,22.0,67.0,143.0,0.0,0.0,1.0,3.0,11.0,22.0,0.0,0.0,0.0,0.0,0.0,3.0,0.0,0.0,0.0,0.0,0.0,0.0,14,none,51182.12572410758,97.21294988869144,China,35,hybrid,True
5,97.0,229.0,574.0,1255.0,2813.0,6467.0,0.0,70.0,184.0,449.0,1021.0,2405.0,0.0,0.0,6.0,18.0,44.0,112.0,0.0,0.0,1.0,5.0,10.0,28.0,0.0,0.0,0.0,0.0,0.0,1.0,0.0,0.0,0.0,0.0,0.0,0.0,14,none,51182.12572410758,97.21294988869144,China,35,hybrid,True
6,97.0,211.0,536.0,1189.0,2614.0,5668.0,0.0,63.0,173.0,434.0,956.0,2066.0,0.0,1.0,8.0,15.0,39.0,82.0,0.0,0.0,1.0,1.0,4.0,7.0,0.0,0.0,0.0,0.0,1.0,2.0,0.0,0.0,0.0,0.0,0.0,0.0,14,none,51182.12572410758,97.21294988869144,China,35,hybrid,True
7,97.0,302.0,854.0,2104.0,5091.0,10944.0,0.0,82.0,282.0,729.0,1799.0,4223.0,0.0,2.0,9.0,32.0,78.0,165.0,0.0,0.0,1.0,5.0,14.0,37.0,0.0,0.0,0.0,0.0,1.0,1.0,0.0,0.0,0.0,0.0,0.0,0.0,14,none,51182.12572410758,97.21294988869144,China,35,hybrid,True
8,97.0,284.0,803.0,2099.0,5140.0,11333.0,0.0,58.0,265.0,705.0,1797.0,4251.0,0.0,2.0,9.0,21.0,63.0,166.0,0.0,0.0,2.0,4.0,12.0,31.0,0.0,0.0,0.0,0.0,0.0,4.0,0.0,0.0,0.0,0.0,0.0,0.0,14,none,51182.12572410758,97.21294988869144,China,35,hybrid,True
9,97.0,268.0,732.0,1874.0,4318.0,9366.0,0.0,63.0,220.0,620.0,1551.0,3550.0,0.0,0.0,5.0,22.0,58.0,146.0,0.0,0.0,2.0,4.0,10.0,26.0,0.0,0.0,0.0,0.0,0.0,0.0,0.0,0.0,0.0,0.0,0.0,0.0,14,none,51182.12572410758,97.21294988869144,China,35,hybrid,True
0,100.0,164.0,217.0,241.0,253.0,256.0,0.0,64.0,114.0,139.0,154.0,154.0,0.0,0.0,8.0,10.0,13.0,13.0,0.0,0.0,2.0,3.0,4.0,4.0,0.0,0.0,0.0,0.0,2.0,2.0,50268.0,50268.0,50268.0,50268.0,50268.0,50268.0,14,moderna,50268.630900625016,100.17799405111697,UK,35,hybrid,True
1,100.0,133.0,156.0,170.0,181.0,181.0,0.0,63.0,93.0,109.0,115.0,119.0,0.0,0.0,4.0,5.0,5.0,5.0,0.0,0.0,3.0,3.0,3.0,3.0,0.0,0.0,1.0,2.0,3.0,3.0,50268.0,50268.0,50268.0,50268.0,50268.0,50268.0,14,moderna,50268.630900625016,100.17799405111697,UK,35,hybrid,True
2,100.0,139.0,184.0,217.0,246.0,249.0,0.0,64.0,96.0,120.0,142.0,150.0,0.0,0.0,8.0,13.0,16.0,17.0,0.0,0.0,2.0,3.0,4.0,5.0,0.0,0.0,0.0,0.0,0.0,0.0,50268.0,50268.0,50268.0,50268.0,50268.0,50268.0,14,moderna,50268.630900625016,100.17799405111697,UK,35,hybrid,True
3,100.0,130.0,166.0,185.0,190.0,193.0,0.0,60.0,93.0,112.0,120.0,125.0,0.0,1.0,7.0,7.0,7.0,7.0,0.0,0.0,2.0,2.0,2.0,2.0,0.0,0.0,0.0,0.0,0.0,0.0,50268.0,50268.0,50268.0,50268.0,50268.0,50268.0,14,moderna,50268.630900625016,100.17799405111697,UK,35,hybrid,True
4,100.0,153.0,195.0,210.0,214.0,214.0,0.0,63.0,100.0,121.0,125.0,128.0,0.0,1.0,4.0,5.0,6.0,6.0,0.0,1.0,1.0,1.0,1.0,1.0,0.0,0.0,0.0,0.0,0.0,0.0,50268.0,50268.0,50268.0,50268.0,50268.0,50268.0,14,moderna,50268.630900625016,100.17799405111697,UK,35,hybrid,True
5,100.0,147.0,182.0,203.0,212.0,224.0,0.0,64.0,103.0,122.0,129.0,139.0,0.0,2.0,8.0,14.0,15.0,15.0,0.0,0.0,0.0,2.0,4.0,4.0,0.0,0.0,0.0,0.0,0.0,2.0,50268.0,50268.0,50268.0,50268.0,50268.0,50268.0,14,moderna,50268.630900625016,100.17799405111697,UK,35,hybrid,True
6,100.0,143.0,177.0,190.0,204.0,206.0,0.0,62.0,100.0,125.0,133.0,136.0,0.0,2.0,4.0,10.0,12.0,12.0,0.0,1.0,1.0,1.0,1.0,1.0,0.0,0.0,0.0,0.0,0.0,0.0,50268.0,50268.0,50268.0,50268.0,50268.0,50268.0,14,moderna,50268.630900625016,100.17799405111697,UK,35,hybrid,True
7,100.0,166.0,222.0,246.0,258.0,261.0,0.0,60.0,109.0,135.0,150.0,155.0,0.0,0.0,6.0,8.0,8.0,13.0,0.0,0.0,1.0,2.0,2.0,5.0,0.0,0.0,0.0,1.0,1.0,1.0,50268.0,50268.0,50268.0,50268.0,50268.0,50268.0,14,moderna,50268.630900625016,100.17799405111697,UK,35,hybrid,True
8,100.0,153.0,186.0,199.0,202.0,202.0,0.0,60.0,103.0,119.0,120.0,121.0,0.0,2.0,5.0,8.0,9.0,9.0,0.0,0.0,0.0,2.0,2.0,2.0,0.0,0.0,0.0,0.0,1.0,1.0,50268.0,50268.0,50268.0,50268.0,50268.0,50268.0,14,moderna,50268.630900625016,100.17799405111697,UK,35,hybrid,True
9,100.0,132.0,170.0,183.0,185.0,185.0,0.0,57.0,91.0,108.0,112.0,113.0,0.0,1.0,5.0,7.0,7.0,8.0,0.0,1.0,3.0,3.0,3.0,4.0,0.0,0.0,0.0,1.0,2.0,2.0,50268.0,50268.0,50268.0,50268.0,50268.0,50268.0,14,moderna,50268.630900625016,100.17799405111697,UK,35,hybrid,True
0,104.0,252.0,740.0,1838.0,4201.0,8803.0,0.0,64.0,219.0,626.0,1525.0,3468.0,0.0,2.0,7.0,33.0,73.0,164.0,0.0,0.0,2.0,6.0,17.0,41.0,0.0,0.0,0.0,0.0,4.0,7.0,0.0,0.0,0.0,0.0,0.0,0.0,14,none,51398.62106054952,104.8355188562424,UK,35,hybrid,True
1,104.0,279.0,784.0,1863.0,4304.0,9158.0,0.0,72.0,244.0,678.0,1598.0,3607.0,0.0,1.0,6.0,20.0,62.0,163.0,0.0,0.0,1.0,5.0,14.0,47.0,0.0,0.0,0.0,0.0,2.0,5.0,0.0,0.0,0.0,0.0,0.0,0.0,14,none,51398.62106054952,104.8355188562424,UK,35,hybrid,True
2,104.0,281.0,848.0,2090.0,4739.0,9993.0,0.0,68.0,268.0,743.0,1751.0,3915.0,0.0,1.0,7.0,29.0,77.0,185.0,0.0,0.0,2.0,8.0,23.0,47.0,0.0,0.0,0.0,1.0,2.0,3.0,0.0,0.0,0.0,0.0,0.0,0.0,14,none,51398.62106054952,104.8355188562424,UK,35,hybrid,True
3,104.0,272.0,763.0,1889.0,4277.0,9536.0,0.0,67.0,259.0,676.0,1600.0,3587.0,0.0,1.0,6.0,22.0,65.0,142.0,0.0,0.0,0.0,2.0,12.0,31.0,0.0,0.0,0.0,0.0,1.0,5.0,0.0,0.0,0.0,0.0,0.0,0.0,14,none,51398.62106054952,104.8355188562424,UK,35,hybrid,True
4,104.0,219.0,553.0,1403.0,3224.0,6974.0,0.0,70.0,205.0,478.0,1183.0,2667.0,0.0,0.0,2.0,14.0,46.0,114.0,0.0,0.0,0.0,0.0,6.0,21.0,0.0,0.0,0.0,0.0,0.0,2.0,0.0,0.0,0.0,0.0,0.0,0.0,14,none,51398.62106054952,104.8355188562424,UK,35,hybrid,True
5,104.0,243.0,596.0,1316.0,2866.0,6366.0,0.0,79.0,214.0,493.0,1108.0,2380.0,0.0,1.0,10.0,23.0,56.0,110.0,0.0,0.0,6.0,13.0,22.0,35.0,0.0,0.0,0.0,1.0,3.0,7.0,0.0,0.0,0.0,0.0,0.0,0.0,14,none,51398.62106054952,104.8355188562424,UK,35,hybrid,True
6,104.0,277.0,815.0,1920.0,4324.0,9013.0,0.0,58.0,250.0,687.0,1585.0,3581.0,0.0,0.0,5.0,33.0,86.0,188.0,0.0,0.0,3.0,8.0,17.0,49.0,0.0,0.0,0.0,2.0,4.0,6.0,0.0,0.0,0.0,0.0,0.0,0.0,14,none,51398.62106054952,104.8355188562424,UK,35,hybrid,True
7,104.0,206.0,496.0,1153.0,2642.0,5671.0,0.0,50.0,159.0,404.0,977.0,2152.0,0.0,0.0,8.0,20.0,40.0,100.0,0.0,0.0,1.0,6.0,13.0,28.0,0.0,0.0,0.0,0.0,1.0,3.0,0.0,0.0,0.0,0.0,0.0,0.0,14,none,51398.62106054952,104.8355188562424,UK,35,hybrid,True
8,104.0,252.0,699.0,1616.0,3637.0,7843.0,0.0,73.0,213.0,582.0,1347.0,3018.0,0.0,1.0,7.0,24.0,65.0,136.0,0.0,0.0,1.0,5.0,13.0,37.0,0.0,0.0,0.0,1.0,2.0,4.0,0.0,0.0,0.0,0.0,0.0,0.0,14,none,51398.62106054952,104.8355188562424,UK,35,hybrid,True
9,104.0,290.0,721.0,1785.0,4121.0,8627.0,0.0,62.0,243.0,625.0,1518.0,3428.0,0.0,1.0,5.0,25.0,66.0,172.0,0.0,0.0,1.0,8.0,22.0,40.0,0.0,0.0,0.0,0.0,1.0,4.0,0.0,0.0,0.0,0.0,0.0,0.0,14,none,51398.62106054952,104.8355188562424,UK,35,hybrid,True
0,105.0,140.0,167.0,185.0,188.0,188.0,0.0,65.0,107.0,125.0,128.0,129.0,0.0,0.0,5.0,5.0,6.0,6.0,0.0,0.0,2.0,3.0,3.0,3.0,0.0,0.0,0.0,0.0,1.0,1.0,49557.0,49557.0,49557.0,49557.0,49557.0,49557.0,14,pfizer,49557.29564680467,105.36613510983013,UK,35,hybrid,True
1,105.0,153.0,186.0,201.0,205.0,206.0,0.0,65.0,101.0,116.0,122.0,124.0,0.0,0.0,5.0,8.0,8.0,9.0,0.0,0.0,1.0,2.0,2.0,3.0,0.0,0.0,0.0,0.0,0.0,1.0,49557.0,49557.0,49557.0,49557.0,49557.0,49557.0,14,pfizer,49557.29564680467,105.36613510983013,UK,35,hybrid,True
2,105.0,146.0,175.0,192.0,194.0,194.0,0.0,61.0,97.0,113.0,123.0,123.0,0.0,1.0,7.0,11.0,13.0,13.0,0.0,0.0,1.0,2.0,3.0,3.0,0.0,0.0,0.0,1.0,1.0,1.0,49557.0,49557.0,49557.0,49557.0,49557.0,49557.0,14,pfizer,49557.29564680467,105.36613510983013,UK,35,hybrid,True
3,105.0,151.0,216.0,234.0,245.0,249.0,0.0,67.0,118.0,141.0,149.0,153.0,0.0,1.0,4.0,6.0,7.0,7.0,0.0,0.0,3.0,3.0,4.0,4.0,0.0,0.0,0.0,0.0,0.0,0.0,49557.0,49557.0,49557.0,49557.0,49557.0,49557.0,14,pfizer,49557.29564680467,105.36613510983013,UK,35,hybrid,True
4,105.0,168.0,210.0,230.0,237.0,238.0,0.0,65.0,114.0,141.0,148.0,150.0,0.0,0.0,7.0,9.0,10.0,11.0,0.0,0.0,1.0,3.0,4.0,4.0,0.0,0.0,0.0,0.0,1.0,2.0,49557.0,49557.0,49557.0,49557.0,49557.0,49557.0,14,pfizer,49557.29564680467,105.36613510983013,UK,35,hybrid,True
5,105.0,148.0,202.0,229.0,232.0,233.0,0.0,70.0,113.0,139.0,146.0,148.0,0.0,1.0,7.0,8.0,9.0,9.0,0.0,0.0,0.0,1.0,1.0,1.0,0.0,0.0,0.0,0.0,0.0,1.0,49557.0,49557.0,49557.0,49557.0,49557.0,49557.0,14,pfizer,49557.29564680467,105.36613510983013,UK,35,hybrid,True
6,105.0,135.0,176.0,192.0,202.0,204.0,0.0,61.0,97.0,115.0,121.0,128.0,0.0,0.0,7.0,11.0,11.0,12.0,0.0,0.0,2.0,2.0,2.0,2.0,0.0,0.0,0.0,0.0,0.0,0.0,49557.0,49557.0,49557.0,49557.0,49557.0,49557.0,14,pfizer,49557.29564680467,105.36613510983013,UK,35,hybrid,True
7,105.0,158.0,195.0,204.0,205.0,205.0,0.0,59.0,109.0,118.0,120.0,120.0,0.0,1.0,6.0,10.0,11.0,11.0,0.0,0.0,2.0,4.0,5.0,5.0,0.0,0.0,0.0,0.0,1.0,2.0,49557.0,49557.0,49557.0,49557.0,49557.0,49557.0,14,pfizer,49557.29564680467,105.36613510983013,UK,35,hybrid,True
8,105.0,139.0,186.0,205.0,214.0,219.0,0.0,74.0,109.0,131.0,135.0,138.0,0.0,3.0,9.0,12.0,13.0,13.0,0.0,0.0,1.0,3.0,3.0,4.0,0.0,0.0,0.0,0.0,1.0,2.0,49557.0,49557.0,49557.0,49557.0,49557.0,49557.0,14,pfizer,49557.29564680467,105.36613510983013,UK,35,hybrid,True
9,105.0,148.0,192.0,212.0,218.0,218.0,0.0,67.0,105.0,132.0,139.0,139.0,0.0,1.0,5.0,7.0,9.0,9.0,0.0,0.0,2.0,2.0,3.0,3.0,0.0,0.0,0.0,1.0,1.0,1.0,49557.0,49557.0,49557.0,49557.0,49557.0,49557.0,14,pfizer,49557.29564680467,105.36613510983013,UK,35,hybrid,True
0,96.0,132.0,174.0,184.0,190.0,192.0,0.0,53.0,93.0,112.0,114.0,115.0,0.0,2.0,12.0,14.0,15.0,16.0,0.0,1.0,7.0,8.0,9.0,10.0,0.0,0.0,1.0,3.0,5.0,5.0,50376.0,50376.0,50376.0,50376.0,50376.0,50376.0,14,pfizer,50376.81884344747,96.56187865225824,Japan,35,hybrid,True
1,96.0,132.0,164.0,177.0,186.0,187.0,0.0,62.0,93.0,115.0,120.0,124.0,0.0,2.0,7.0,10.0,12.0,12.0,0.0,0.0,0.0,2.0,2.0,2.0,0.0,0.0,0.0,0.0,1.0,1.0,50376.0,50376.0,50376.0,50376.0,50376.0,50376.0,14,pfizer,50376.81884344747,96.56187865225824,Japan,35,hybrid,True
2,96.0,142.0,188.0,210.0,215.0,215.0,0.0,71.0,101.0,124.0,135.0,135.0,0.0,2.0,5.0,7.0,10.0,11.0,0.0,0.0,1.0,2.0,2.0,3.0,0.0,0.0,0.0,1.0,2.0,2.0,50376.0,50376.0,50376.0,50376.0,50376.0,50376.0,14,pfizer,50376.81884344747,96.56187865225824,Japan,35,hybrid,True
3,96.0,125.0,159.0,182.0,187.0,188.0,0.0,66.0,90.0,109.0,114.0,115.0,0.0,2.0,8.0,10.0,12.0,13.0,0.0,0.0,2.0,2.0,3.0,3.0,0.0,0.0,0.0,1.0,1.0,1.0,50376.0,50376.0,50376.0,50376.0,50376.0,50376.0,14,pfizer,50376.81884344747,96.56187865225824,Japan,35,hybrid,True
4,96.0,118.0,149.0,157.0,164.0,165.0,0.0,61.0,86.0,102.0,104.0,108.0,0.0,1.0,4.0,9.0,10.0,10.0,0.0,1.0,1.0,3.0,3.0,3.0,0.0,0.0,0.0,0.0,1.0,2.0,50376.0,50376.0,50376.0,50376.0,50376.0,50376.0,14,pfizer,50376.81884344747,96.56187865225824,Japan,35,hybrid,True
5,96.0,130.0,158.0,175.0,184.0,189.0,0.0,66.0,102.0,121.0,129.0,135.0,0.0,0.0,8.0,10.0,13.0,13.0,0.0,0.0,1.0,4.0,6.0,7.0,0.0,0.0,0.0,1.0,1.0,2.0,50376.0,50376.0,50376.0,50376.0,50376.0,50376.0,14,pfizer,50376.81884344747,96.56187865225824,Japan,35,hybrid,True
6,96.0,128.0,159.0,170.0,173.0,174.0,0.0,58.0,98.0,114.0,117.0,119.0,0.0,2.0,8.0,11.0,11.0,11.0,0.0,1.0,3.0,4.0,4.0,4.0,0.0,0.0,2.0,2.0,2.0,2.0,50376.0,50376.0,50376.0,50376.0,50376.0,50376.0,14,pfizer,50376.81884344747,96.56187865225824,Japan,35,hybrid,True
7,96.0,125.0,152.0,165.0,169.0,173.0,0.0,47.0,79.0,87.0,94.0,97.0,0.0,1.0,8.0,10.0,10.0,11.0,0.0,1.0,2.0,3.0,3.0,4.0,0.0,0.0,0.0,2.0,2.0,3.0,50376.0,50376.0,50376.0,50376.0,50376.0,50376.0,14,pfizer,50376.81884344747,96.56187865225824,Japan,35,hybrid,True
8,96.0,136.0,184.0,202.0,213.0,215.0,0.0,56.0,97.0,114.0,121.0,124.0,0.0,0.0,9.0,12.0,13.0,13.0,0.0,0.0,6.0,7.0,8.0,8.0,0.0,0.0,0.0,2.0,4.0,4.0,50376.0,50376.0,50376.0,50376.0,50376.0,50376.0,14,pfizer,50376.81884344747,96.56187865225824,Japan,35,hybrid,True
9,96.0,148.0,191.0,209.0,210.0,213.0,0.0,61.0,104.0,126.0,133.0,136.0,0.0,0.0,3.0,7.0,8.0,8.0,0.0,0.0,2.0,3.0,4.0,5.0,0.0,0.0,0.0,0.0,0.0,1.0,50376.0,50376.0,50376.0,50376.0,50376.0,50376.0,14,pfizer,50376.81884344747,96.56187865225824,Japan,35,hybrid,True
