,id,day,wind_speed,temperature,bucket_volume,water_volume,height,diameter,surface_area
0,0.0,0.0,2.0,60.0,8006.386576785431,8006.386576785431,10.0,6.0,28.274333882308138
1,0.0,1.0,0.5,50.0,8006.386576785431,8001.047903739436,10.0,6.0,28.274333882308138
2,0.0,2.0,0.0,50.0,8006.386576785431,8001.047903739436,10.0,6.0,28.274333882308138
3,0.0,3.0,0.5,40.0,8006.386576785431,7997.315609670556,10.0,6.0,28.274333882308138
4,0.0,4.0,0.5,40.0,8006.386576785431,7993.583315601676,10.0,6.0,28.274333882308138
5,0.0,5.0,1.0,70.0,8006.386576785431,7975.593351209038,10.0,6.0,28.274333882308138
6,0.0,6.0,1.0,40.0,8006.386576785431,7969.184513836713,10.0,6.0,28.274333882308138
7,0.0,7.0,1.5,70.0,8006.386576785431,7944.502449170591,10.0,6.0,28.274333882308138
8,0.0,8.0,0.5,50.0,8006.386576785431,7939.163776124596,10.0,6.0,28.274333882308138
9,0.0,9.0,0.0,70.0,8006.386576785431,7939.163776124596,10.0,6.0,28.274333882308138
10,0.0,10.0,0.0,70.0,8006.386576785431,7939.163776124596,10.0,6.0,28.274333882308138
11,1.0,0.0,1.5,50.0,8006.386576785431,8006.386576785431,10.0,6.0,28.274333882308138
12,1.0,1.0,2.0,80.0,8006.386576785431,7964.124809871031,10.0,6.0,28.274333882308138
13,1.0,2.0,0.0,50.0,8006.386576785431,7964.124809871031,10.0,6.0,28.274333882308138
14,1.0,3.0,2.0,80.0,8006.386576785431,7921.863042956631,10.0,6.0,28.274333882308138
15,1.0,4.0,1.5,60.0,8006.386576785431,7904.1219358732105,10.0,6.0,28.274333882308138
16,1.0,5.0,1.0,40.0,8006.386576785431,7897.713098500886,10.0,6.0,28.274333882308138
17,1.0,6.0,0.0,70.0,8006.386576785431,7897.713098500886,10.0,6.0,28.274333882308138
18,1.0,7.0,1.0,40.0,8006.386576785431,7891.304261128562,10.0,6.0,28.274333882308138
19,1.0,8.0,0.0,50.0,8006.386576785431,7891.304261128562,10.0,6.0,28.274333882308138
20,1.0,9.0,2.0,70.0,8006.386576785431,7860.41313786803,10.0,6.0,28.274333882308138
21,1.0,10.0,2.0,60.0,8006.386576785431,7838.209050280316,10.0,6.0,28.274333882308138
22,2.0,0.0,0.5,70.0,8006.386576785431,8006.386576785431,10.0,6.0,28.274333882308138
23,2.0,1.0,2.0,70.0,8006.386576785431,7975.4954535249,10.0,6.0,28.274333882308138
24,2.0,2.0,1.5,50.0,8006.386576785431,7962.918139537063,10.0,6.0,28.274333882308138
25,2.0,3.0,1.0,60.0,8006.386576785431,7949.987216251914,10.0,6.0,28.274333882308138
26,2.0,4.0,2.0,50.0,8006.386576785431,7934.245933586129,10.0,6.0,28.274333882308138
27,2.0,5.0,1.0,80.0,8006.386576785431,7909.6340839117765,10.0,6.0,28.274333882308138
28,2.0,6.0,1.5,60.0,8006.386576785431,7891.892976828356,10.0,6.0,28.274333882308138
29,2.0,7.0,1.5,40.0,8006.386576785431,7883.100111261423,10.0,6.0,28.274333882308138
30,2.0,8.0,0.5,60.0,8006.386576785431,7875.569570934293,10.0,6.0,28.274333882308138
31,2.0,9.0,1.5,40.0,8006.386576785431,7866.77670536736,10.0,6.0,28.274333882308138
32,2.0,10.0,1.0,70.0,8006.386576785431,7848.786740974721,10.0,6.0,28.274333882308138
33,3.0,0.0,2.0,40.0,8006.386576785431,8006.386576785431,10.0,6.0,28.274333882308138
34,3.0,1.0,2.0,40.0,8006.386576785431,7995.381764274174,10.0,6.0,28.274333882308138
35,3.0,2.0,0.5,60.0,8006.386576785431,7987.851223947044,10.0,6.0,28.274333882308138
36,3.0,3.0,1.5,40.0,8006.386576785431,7979.058358380111,10.0,6.0,28.274333882308138
37,3.0,4.0,0.5,60.0,8006.386576785431,7971.52781805298,10.0,6.0,28.274333882308138
38,3.0,5.0,2.0,60.0,8006.386576785431,7949.323730465266,10.0,6.0,28.274333882308138
39,3.0,6.0,1.0,60.0,8006.386576785431,7936.3928071801165,10.0,6.0,28.274333882308138
40,3.0,7.0,1.5,40.0,8006.386576785431,7927.599941613184,10.0,6.0,28.274333882308138
41,3.0,8.0,0.5,40.0,8006.386576785431,7923.8676475443035,10.0,6.0,28.274333882308138
42,3.0,9.0,1.5,50.0,8006.386576785431,7911.290333556467,10.0,6.0,28.274333882308138
43,3.0,10.0,0.5,80.0,8006.386576785431,7896.957209586052,10.0,6.0,28.274333882308138
44,4.0,0.0,2.0,40.0,8006.386576785431,8006.386576785431,10.0,6.0,28.274333882308138
45,4.0,1.0,0.5,40.0,8006.386576785431,8002.654282716551,10.0,6.0,28.274333882308138
46,4.0,2.0,1.0,40.0,8006.386576785431,7996.245445344227,10.0,6.0,28.274333882308138
47,4.0,3.0,2.0,50.0,8006.386576785431,7980.504162678441,10.0,6.0,28.274333882308138
48,4.0,4.0,1.5,80.0,8006.386576785431,7946.736932685267,10.0,6.0,28.274333882308138
49,4.0,5.0,1.5,70.0,8006.386576785431,7922.054868019144,10.0,6.0,28.274333882308138
50,4.0,6.0,0.5,70.0,8006.386576785431,7911.578110145405,10.0,6.0,28.274333882308138
51,4.0,7.0,0.5,40.0,8006.386576785431,7907.845816076525,10.0,6.0,28.274333882308138
52,4.0,8.0,1.5,40.0,8006.386576785431,7899.052950509592,10.0,6.0,28.274333882308138
53,4.0,9.0,1.0,40.0,8006.386576785431,7892.644113137268,10.0,6.0,28.274333882308138
54,4.0,10.0,0.0,70.0,8006.386576785431,7892.644113137268,10.0,6.0,28.274333882308138
55,5.0,0.0,1.5,60.0,8006.386576785431,8006.386576785431,10.0,6.0,28.274333882308138
56,5.0,1.0,2.0,60.0,8006.386576785431,7984.182489197717,10.0,6.0,28.274333882308138
57,5.0,2.0,2.0,50.0,8006.386576785431,7968.441206531931,10.0,6.0,28.274333882308138
58,5.0,3.0,0.0,80.0,8006.386576785431,7968.441206531931,10.0,6.0,28.274333882308138
59,5.0,4.0,0.5,70.0,8006.386576785431,7957.964448658192,10.0,6.0,28.274333882308138
60,5.0,5.0,0.0,50.0,8006.386576785431,7957.964448658192,10.0,6.0,28.274333882308138
61,5.0,6.0,0.0,80.0,8006.386576785431,7957.964448658192,10.0,6.0,28.274333882308138
62,5.0,7.0,1.0,50.0,8006.386576785431,7948.797248350725,10.0,6.0,28.274333882308138
63,5.0,8.0,1.0,60.0,8006.386576785431,7935.866325065575,10.0,6.0,28.274333882308138
64,5.0,9.0,1.5,60.0,8006.386576785431,7918.125217982155,10.0,6.0,28.274333882308138
65,5.0,10.0,2.0,70.0,8006.386576785431,7887.2340947216235,10.0,6.0,28.274333882308138
66,6.0,0.0,1.5,60.0,8006.386576785431,8006.386576785431,10.0,6.0,28.274333882308138
67,6.0,1.0,1.5,60.0,8006.386576785431,7988.645469702011,10.0,6.0,28.274333882308138
68,6.0,2.0,2.0,40.0,8006.386576785431,7977.640657190754,10.0,6.0,28.274333882308138
69,6.0,3.0,0.0,50.0,8006.386576785431,7977.640657190754,10.0,6.0,28.274333882308138
70,6.0,4.0,1.5,80.0,8006.386576785431,7943.873427197579,10.0,6.0,28.274333882308138
71,6.0,5.0,1.0,40.0,8006.386576785431,7937.464589825255,10.0,6.0,28.274333882308138
72,6.0,6.0,1.5,60.0,8006.386576785431,7919.723482741834,10.0,6.0,28.274333882308138
73,6.0,7.0,2.0,70.0,8006.386576785431,7888.832359481303,10.0,6.0,28.274333882308138
74,6.0,8.0,1.5,60.0,8006.386576785431,7871.091252397882,10.0,6.0,28.274333882308138
75,6.0,9.0,1.5,70.0,8006.386576785431,7846.40918773176,10.0,6.0,28.274333882308138
76,6.0,10.0,1.0,80.0,8006.386576785431,7821.797338057408,10.0,6.0,28.274333882308138
77,7.0,0.0,0.5,60.0,8006.386576785431,8006.386576785431,10.0,6.0,28.274333882308138
78,7.0,1.0,1.5,40.0,8006.386576785431,7997.593711218498,10.0,6.0,28.274333882308138
79,7.0,2.0,1.5,40.0,8006.386576785431,7988.800845651565,10.0,6.0,28.274333882308138
80,7.0,3.0,0.5,70.0,8006.386576785431,7978.324087777826,10.0,6.0,28.274333882308138
81,7.0,4.0,1.0,80.0,8006.386576785431,7953.712238103474,10.0,6.0,28.274333882308138
82,7.0,5.0,0.0,80.0,8006.386576785431,7953.712238103474,10.0,6.0,28.274333882308138
83,7.0,6.0,1.0,50.0,8006.386576785431,7944.545037796007,10.0,6.0,28.274333882308138
84,7.0,7.0,1.0,80.0,8006.386576785431,7919.933188121655,10.0,6.0,28.274333882308138
85,7.0,8.0,1.5,60.0,8006.386576785431,7902.192081038234,10.0,6.0,28.274333882308138
86,7.0,9.0,0.0,50.0,8006.386576785431,7902.192081038234,10.0,6.0,28.274333882308138
87,7.0,10.0,1.5,60.0,8006.386576785431,7884.450973954814,10.0,6.0,28.274333882308138
88,8.0,0.0,2.0,60.0,8006.386576785431,8006.386576785431,10.0,6.0,28.274333882308138
89,8.0,1.0,2.0,60.0,8006.386576785431,7984.182489197717,10.0,6.0,28.274333882308138
90,8.0,2.0,2.0,80.0,8006.386576785431,7941.9207222833165,10.0,6.0,28.274333882308138
91,8.0,3.0,2.0,40.0,8006.386576785431,7930.915909772059,10.0,6.0,28.274333882308138
92,8.0,4.0,2.0,70.0,8006.386576785431,7900.024786511528,10.0,6.0,28.274333882308138
93,8.0,5.0,1.5,60.0,8006.386576785431,7882.2836794281075,10.0,6.0,28.274333882308138
94,8.0,6.0,1.0,50.0,8006.386576785431,7873.11647912064,10.0,6.0,28.274333882308138
95,8.0,7.0,1.5,50.0,8006.386576785431,7860.539165132804,10.0,6.0,28.274333882308138
96,8.0,8.0,2.0,60.0,8006.386576785431,7838.335077545089,10.0,6.0,28.274333882308138
97,8.0,9.0,1.0,70.0,8006.386576785431,7820.345113152451,10.0,6.0,28.274333882308138
98,8.0,10.0,0.5,50.0,8006.386576785431,7815.006440106456,10.0,6.0,28.274333882308138
99,9.0,0.0,2.0,50.0,8006.386576785431,8006.386576785431,10.0,6.0,28.274333882308138
100,9.0,1.0,1.5,40.0,8006.386576785431,7997.593711218498,10.0,6.0,28.274333882308138
101,9.0,2.0,2.0,50.0,8006.386576785431,7981.852428552713,10.0,6.0,28.274333882308138
102,9.0,3.0,0.0,60.0,8006.386576785431,7981.852428552713,10.0,6.0,28.274333882308138
103,9.0,4.0,0.5,50.0,8006.386576785431,7976.513755506718,10.0,6.0,28.274333882308138
104,9.0,5.0,1.0,40.0,8006.386576785431,7970.104918134393,10.0,6.0,28.274333882308138
105,9.0,6.0,0.5,80.0,8006.386576785431,7955.7717941639785,10.0,6.0,28.274333882308138
106,9.0,7.0,1.5,50.0,8006.386576785431,7943.194480176142,10.0,6.0,28.274333882308138
107,9.0,8.0,0.5,70.0,8006.386576785431,7932.717722302403,10.0,6.0,28.274333882308138
108,9.0,9.0,1.0,40.0,8006.386576785431,7926.308884930078,10.0,6.0,28.274333882308138
109,9.0,10.0,2.0,60.0,8006.386576785431,7904.104797342364,10.0,6.0,28.274333882308138
110,10.0,0.0,2.0,50.0,8006.386576785431,8006.386576785431,10.0,6.0,28.274333882308138
111,10.0,1.0,0.0,60.0,8006.386576785431,8006.386576785431,10.0,6.0,28.274333882308138
112,10.0,2.0,1.0,60.0,8006.386576785431,7993.455653500282,10.0,6.0,28.274333882308138
113,10.0,3.0,0.5,70.0,8006.386576785431,7982.978895626543,10.0,6.0,28.274333882308138
114,10.0,4.0,1.5,50.0,8006.386576785431,7970.401581638706,10.0,6.0,28.274333882308138
115,10.0,5.0,0.0,60.0,8006.386576785431,7970.401581638706,10.0,6.0,28.274333882308138
116,10.0,6.0,1.5,40.0,8006.386576785431,7961.608716071773,10.0,6.0,28.274333882308138
117,10.0,7.0,1.5,40.0,8006.386576785431,7952.8158505048405,10.0,6.0,28.274333882308138
118,10.0,8.0,0.5,60.0,8006.386576785431,7945.28531017771,10.0,6.0,28.274333882308138
119,10.0,9.0,2.0,70.0,8006.386576785431,7914.394186917179,10.0,6.0,28.274333882308138
120,10.0,10.0,0.0,50.0,8006.386576785431,7914.394186917179,10.0,6.0,28.274333882308138
121,11.0,0.0,1.5,40.0,8006.386576785431,8006.386576785431,10.0,6.0,28.274333882308138
122,11.0,1.0,1.5,80.0,8006.386576785431,7972.619346792257,10.0,6.0,28.274333882308138
123,11.0,2.0,1.0,80.0,8006.386576785431,7948.007497117905,10.0,6.0,28.274333882308138
124,11.0,3.0,2.0,40.0,8006.386576785431,7937.002684606648,10.0,6.0,28.274333882308138
125,11.0,4.0,0.0,70.0,8006.386576785431,7937.002684606648,10.0,6.0,28.274333882308138
126,11.0,5.0,0.5,80.0,8006.386576785431,7922.669560636233,10.0,6.0,28.274333882308138
127,11.0,6.0,0.5,60.0,8006.386576785431,7915.139020309102,10.0,6.0,28.274333882308138
128,11.0,7.0,0.5,50.0,8006.386576785431,7909.800347263107,10.0,6.0,28.274333882308138
129,11.0,8.0,0.5,40.0,8006.386576785431,7906.068053194227,10.0,6.0,28.274333882308138
130,11.0,9.0,0.5,80.0,8006.386576785431,7891.734929223812,10.0,6.0,28.274333882308138
131,11.0,10.0,1.0,80.0,8006.386576785431,7867.12307954946,10.0,6.0,28.274333882308138
132,12.0,0.0,0.5,80.0,8006.386576785431,8006.386576785431,10.0,6.0,28.274333882308138
133,12.0,1.0,0.0,60.0,8006.386576785431,8006.386576785431,10.0,6.0,28.274333882308138
134,12.0,2.0,0.5,70.0,8006.386576785431,7995.909818911692,10.0,6.0,28.274333882308138
135,12.0,3.0,1.0,70.0,8006.386576785431,7977.919854519054,10.0,6.0,28.274333882308138
136,12.0,4.0,2.0,40.0,8006.386576785431,7966.915042007797,10.0,6.0,28.274333882308138
137,12.0,5.0,1.5,80.0,8006.386576785431,7933.147812014622,10.0,6.0,28.274333882308138
138,12.0,6.0,1.0,40.0,8006.386576785431,7926.738974642298,10.0,6.0,28.274333882308138
139,12.0,7.0,2.0,70.0,8006.386576785431,7895.847851381766,10.0,6.0,28.274333882308138
140,12.0,8.0,0.5,40.0,8006.386576785431,7892.115557312886,10.0,6.0,28.274333882308138
141,12.0,9.0,2.0,60.0,8006.386576785431,7869.911469725172,10.0,6.0,28.274333882308138
142,12.0,10.0,0.5,70.0,8006.386576785431,7859.434711851432,10.0,6.0,28.274333882308138
143,13.0,0.0,0.5,70.0,8006.386576785431,8006.386576785431,10.0,6.0,28.274333882308138
144,13.0,1.0,1.5,40.0,8006.386576785431,7997.593711218498,10.0,6.0,28.274333882308138
145,13.0,2.0,2.0,80.0,8006.386576785431,7955.331944304098,10.0,6.0,28.274333882308138
146,13.0,3.0,0.0,60.0,8006.386576785431,7955.331944304098,10.0,6.0,28.274333882308138
147,13.0,4.0,0.0,60.0,8006.386576785431,7955.331944304098,10.0,6.0,28.274333882308138
148,13.0,5.0,2.0,50.0,8006.386576785431,7939.590661638313,10.0,6.0,28.274333882308138
149,13.0,6.0,0.0,60.0,8006.386576785431,7939.590661638313,10.0,6.0,28.274333882308138
150,13.0,7.0,1.0,80.0,8006.386576785431,7914.978811963961,10.0,6.0,28.274333882308138
151,13.0,8.0,0.0,60.0,8006.386576785431,7914.978811963961,10.0,6.0,28.274333882308138
152,13.0,9.0,0.5,70.0,8006.386576785431,7904.5020540902215,10.0,6.0,28.274333882308138
153,13.0,10.0,2.0,80.0,8006.386576785431,7862.240287175821,10.0,6.0,28.274333882308138
154,14.0,0.0,1.5,70.0,8006.386576785431,8006.386576785431,10.0,6.0,28.274333882308138
155,14.0,1.0,0.0,40.0,8006.386576785431,8006.386576785431,10.0,6.0,28.274333882308138
156,14.0,2.0,1.0,50.0,8006.386576785431,7997.219376477964,10.0,6.0,28.274333882308138
157,14.0,3.0,1.5,70.0,8006.386576785431,7972.537311811841,10.0,6.0,28.274333882308138
158,14.0,4.0,1.5,60.0,8006.386576785431,7954.796204728421,10.0,6.0,28.274333882308138
159,14.0,5.0,2.0,50.0,8006.386576785431,7939.054922062635,10.0,6.0,28.274333882308138
160,14.0,6.0,1.0,40.0,8006.386576785431,7932.646084690311,10.0,6.0,28.274333882308138
161,14.0,7.0,1.0,40.0,8006.386576785431,7926.237247317987,10.0,6.0,28.274333882308138
162,14.0,8.0,0.0,40.0,8006.386576785431,7926.237247317987,10.0,6.0,28.274333882308138
163,14.0,9.0,0.5,70.0,8006.386576785431,7915.7604894442475,10.0,6.0,28.274333882308138
164,14.0,10.0,0.0,40.0,8006.386576785431,7915.7604894442475,10.0,6.0,28.274333882308138
165,15.0,0.0,0.0,70.0,8006.386576785431,8006.386576785431,10.0,6.0,28.274333882308138
166,15.0,1.0,0.0,60.0,8006.386576785431,8006.386576785431,10.0,6.0,28.274333882308138
167,15.0,2.0,1.0,80.0,8006.386576785431,7981.774727111079,10.0,6.0,28.274333882308138
168,15.0,3.0,1.5,80.0,8006.386576785431,7948.007497117905,10.0,6.0,28.274333882308138
169,15.0,4.0,1.5,60.0,8006.386576785431,7930.266390034484,10.0,6.0,28.274333882308138
170,15.0,5.0,1.5,50.0,8006.386576785431,7917.689076046648,10.0,6.0,28.274333882308138
171,15.0,6.0,0.0,70.0,8006.386576785431,7917.689076046648,10.0,6.0,28.274333882308138
172,15.0,7.0,1.0,40.0,8006.386576785431,7911.280238674323,10.0,6.0,28.274333882308138
173,15.0,8.0,2.0,60.0,8006.386576785431,7889.076151086609,10.0,6.0,28.274333882308138
174,15.0,9.0,0.5,50.0,8006.386576785431,7883.7374780406135,10.0,6.0,28.274333882308138
175,15.0,10.0,2.0,80.0,8006.386576785431,7841.475711126213,10.0,6.0,28.274333882308138
176,16.0,0.0,2.0,80.0,8006.386576785431,8006.386576785431,10.0,6.0,28.274333882308138
177,16.0,1.0,0.0,60.0,8006.386576785431,8006.386576785431,10.0,6.0,28.274333882308138
178,16.0,2.0,0.5,60.0,8006.386576785431,7998.856036458301,10.0,6.0,28.274333882308138
179,16.0,3.0,1.0,70.0,8006.386576785431,7980.866072065663,10.0,6.0,28.274333882308138
180,16.0,4.0,1.0,60.0,8006.386576785431,7967.935148780513,10.0,6.0,28.274333882308138
181,16.0,5.0,2.0,40.0,8006.386576785431,7956.930336269256,10.0,6.0,28.274333882308138
182,16.0,6.0,0.5,80.0,8006.386576785431,7942.597212298841,10.0,6.0,28.274333882308138
183,16.0,7.0,2.0,40.0,8006.386576785431,7931.592399787584,10.0,6.0,28.274333882308138
184,16.0,8.0,1.0,40.0,8006.386576785431,7925.18356241526,10.0,6.0,28.274333882308138
185,16.0,9.0,1.5,80.0,8006.386576785431,7891.416332422085,10.0,6.0,28.274333882308138
186,16.0,10.0,0.5,50.0,8006.386576785431,7886.07765937609,10.0,6.0,28.274333882308138
187,17.0,0.0,0.0,50.0,8006.386576785431,8006.386576785431,10.0,6.0,28.274333882308138
188,17.0,1.0,1.5,40.0,8006.386576785431,7997.593711218498,10.0,6.0,28.274333882308138
189,17.0,2.0,1.0,40.0,8006.386576785431,7991.184873846174,10.0,6.0,28.274333882308138
190,17.0,3.0,0.5,80.0,8006.386576785431,7976.851749875759,10.0,6.0,28.274333882308138
191,17.0,4.0,1.0,80.0,8006.386576785431,7952.239900201407,10.0,6.0,28.274333882308138
192,17.0,5.0,1.5,70.0,8006.386576785431,7927.5578355352845,10.0,6.0,28.274333882308138
193,17.0,6.0,2.0,60.0,8006.386576785431,7905.35374794757,10.0,6.0,28.274333882308138
194,17.0,7.0,0.0,60.0,8006.386576785431,7905.35374794757,10.0,6.0,28.274333882308138
195,17.0,8.0,0.0,40.0,8006.386576785431,7905.35374794757,10.0,6.0,28.274333882308138
196,17.0,9.0,1.5,70.0,8006.386576785431,7880.671683281447,10.0,6.0,28.274333882308138
197,17.0,10.0,2.0,80.0,8006.386576785431,7838.409916367047,10.0,6.0,28.274333882308138
198,18.0,0.0,1.5,80.0,8006.386576785431,8006.386576785431,10.0,6.0,28.274333882308138
199,18.0,1.0,1.5,60.0,8006.386576785431,7988.645469702011,10.0,6.0,28.274333882308138
200,18.0,2.0,2.0,80.0,8006.386576785431,7946.383702787611,10.0,6.0,28.274333882308138
201,18.0,3.0,2.0,50.0,8006.386576785431,7930.642420121825,10.0,6.0,28.274333882308138
202,18.0,4.0,0.5,60.0,8006.386576785431,7923.111879794695,10.0,6.0,28.274333882308138
203,18.0,5.0,1.5,70.0,8006.386576785431,7898.429815128572,10.0,6.0,28.274333882308138
204,18.0,6.0,0.0,40.0,8006.386576785431,7898.429815128572,10.0,6.0,28.274333882308138
205,18.0,7.0,0.0,60.0,8006.386576785431,7898.429815128572,10.0,6.0,28.274333882308138
206,18.0,8.0,0.5,60.0,8006.386576785431,7890.899274801442,10.0,6.0,28.274333882308138
207,18.0,9.0,2.0,50.0,8006.386576785431,7875.157992135656,10.0,6.0,28.274333882308138
208,18.0,10.0,1.5,70.0,8006.386576785431,7850.475927469533,10.0,6.0,28.274333882308138
209,19.0,0.0,0.5,60.0,8006.386576785431,8006.386576785431,10.0,6.0,28.274333882308138
210,19.0,1.0,0.5,60.0,8006.386576785431,7998.856036458301,10.0,6.0,28.274333882308138
211,19.0,2.0,1.0,50.0,8006.386576785431,7989.688836150834,10.0,6.0,28.274333882308138
212,19.0,3.0,1.5,80.0,8006.386576785431,7955.921606157659,10.0,6.0,28.274333882308138
213,19.0,4.0,2.0,80.0,8006.386576785431,7913.659839243259,10.0,6.0,28.274333882308138
214,19.0,5.0,1.5,40.0,8006.386576785431,7904.866973676326,10.0,6.0,28.274333882308138
215,19.0,6.0,0.0,80.0,8006.386576785431,7904.866973676326,10.0,6.0,28.274333882308138
216,19.0,7.0,0.0,70.0,8006.386576785431,7904.866973676326,10.0,6.0,28.274333882308138
217,19.0,8.0,0.5,40.0,8006.386576785431,7901.134679607446,10.0,6.0,28.274333882308138
218,19.0,9.0,0.0,80.0,8006.386576785431,7901.134679607446,10.0,6.0,28.274333882308138
219,19.0,10.0,0.0,40.0,8006.386576785431,7901.134679607446,10.0,6.0,28.274333882308138
220,20.0,0.0,1.5,70.0,8006.386576785431,8006.386576785431,10.0,6.0,28.274333882308138
221,20.0,1.0,0.5,60.0,8006.386576785431,7998.856036458301,10.0,6.0,28.274333882308138
222,20.0,2.0,2.0,60.0,8006.386576785431,7976.651948870586,10.0,6.0,28.274333882308138
223,20.0,3.0,0.0,80.0,8006.386576785431,7976.651948870586,10.0,6.0,28.274333882308138
224,20.0,4.0,0.0,70.0,8006.386576785431,7976.651948870586,10.0,6.0,28.274333882308138
225,20.0,5.0,2.0,70.0,8006.386576785431,7945.760825610055,10.0,6.0,28.274333882308138
226,20.0,6.0,2.0,50.0,8006.386576785431,7930.019542944269,10.0,6.0,28.274333882308138
227,20.0,7.0,1.0,80.0,8006.386576785431,7905.407693269917,10.0,6.0,28.274333882308138
228,20.0,8.0,1.5,60.0,8006.386576785431,7887.666586186497,10.0,6.0,28.274333882308138
229,20.0,9.0,2.0,60.0,8006.386576785431,7865.462498598782,10.0,6.0,28.274333882308138
230,20.0,10.0,0.5,70.0,8006.386576785431,7854.985740725043,10.0,6.0,28.274333882308138
231,21.0,0.0,1.0,70.0,8006.386576785431,8006.386576785431,10.0,6.0,28.274333882308138
232,21.0,1.0,1.0,80.0,8006.386576785431,7981.774727111079,10.0,6.0,28.274333882308138
233,21.0,2.0,1.0,60.0,8006.386576785431,7968.84380382593,10.0,6.0,28.274333882308138
234,21.0,3.0,0.5,70.0,8006.386576785431,7958.367045952191,10.0,6.0,28.274333882308138
235,21.0,4.0,1.5,70.0,8006.386576785431,7933.684981286068,10.0,6.0,28.274333882308138
236,21.0,5.0,0.5,40.0,8006.386576785431,7929.952687217188,10.0,6.0,28.274333882308138
237,21.0,6.0,2.0,50.0,8006.386576785431,7914.211404551403,10.0,6.0,28.274333882308138
238,21.0,7.0,1.5,40.0,8006.386576785431,7905.41853898447,10.0,6.0,28.274333882308138
239,21.0,8.0,1.5,40.0,8006.386576785431,7896.625673417537,10.0,6.0,28.274333882308138
240,21.0,9.0,1.0,70.0,8006.386576785431,7878.6357090248985,10.0,6.0,28.274333882308138
241,21.0,10.0,1.5,70.0,8006.386576785431,7853.953644358776,10.0,6.0,28.274333882308138
242,22.0,0.0,0.5,80.0,8006.386576785431,8006.386576785431,10.0,6.0,28.274333882308138
243,22.0,1.0,1.5,70.0,8006.386576785431,7981.704512119309,10.0,6.0,28.274333882308138
244,22.0,2.0,1.0,70.0,8006.386576785431,7963.71454772667,10.0,6.0,28.274333882308138
245,22.0,3.0,2.0,40.0,8006.386576785431,7952.709735215413,10.0,6.0,28.274333882308138
246,22.0,4.0,2.0,40.0,8006.386576785431,7941.704922704156,10.0,6.0,28.274333882308138
247,22.0,5.0,2.0,40.0,8006.386576785431,7930.700110192899,10.0,6.0,28.274333882308138
248,22.0,6.0,2.0,50.0,8006.386576785431,7914.9588275271135,10.0,6.0,28.274333882308138
249,22.0,7.0,2.0,70.0,8006.386576785431,7884.067704266582,10.0,6.0,28.274333882308138
250,22.0,8.0,1.5,60.0,8006.386576785431,7866.3265971831615,10.0,6.0,28.274333882308138
251,22.0,9.0,2.0,60.0,8006.386576785431,7844.122509595447,10.0,6.0,28.274333882308138
252,22.0,10.0,1.0,50.0,8006.386576785431,7834.95530928798,10.0,6.0,28.274333882308138
253,23.0,0.0,1.5,50.0,8006.386576785431,8006.386576785431,10.0,6.0,28.274333882308138
254,23.0,1.0,0.0,70.0,8006.386576785431,8006.386576785431,10.0,6.0,28.274333882308138
255,23.0,2.0,1.5,40.0,8006.386576785431,7997.593711218498,10.0,6.0,28.274333882308138
256,23.0,3.0,0.5,40.0,8006.386576785431,7993.861417149618,10.0,6.0,28.274333882308138
257,23.0,4.0,2.0,60.0,8006.386576785431,7971.657329561904,10.0,6.0,28.274333882308138
258,23.0,5.0,0.0,50.0,8006.386576785431,7971.657329561904,10.0,6.0,28.274333882308138
259,23.0,6.0,2.0,60.0,8006.386576785431,7949.453241974189,10.0,6.0,28.274333882308138
260,23.0,7.0,1.5,60.0,8006.386576785431,7931.7121348907685,10.0,6.0,28.274333882308138
261,23.0,8.0,1.0,60.0,8006.386576785431,7918.781211605619,10.0,6.0,28.274333882308138
262,23.0,9.0,0.5,50.0,8006.386576785431,7913.442538559624,10.0,6.0,28.274333882308138
263,23.0,10.0,0.0,60.0,8006.386576785431,7913.442538559624,10.0,6.0,28.274333882308138
264,24.0,0.0,0.0,50.0,8006.386576785431,8006.386576785431,10.0,6.0,28.274333882308138
265,24.0,1.0,0.5,50.0,8006.386576785431,8001.047903739436,10.0,6.0,28.274333882308138
266,24.0,2.0,1.0,80.0,8006.386576785431,7976.436054065084,10.0,6.0,28.274333882308138
267,24.0,3.0,1.5,80.0,8006.386576785431,7942.6688240719095,10.0,6.0,28.274333882308138
268,24.0,4.0,0.0,80.0,8006.386576785431,7942.6688240719095,10.0,6.0,28.274333882308138
269,24.0,5.0,1.5,80.0,8006.386576785431,7908.901594078735,10.0,6.0,28.274333882308138
270,24.0,6.0,0.0,50.0,8006.386576785431,7908.901594078735,10.0,6.0,28.274333882308138
271,24.0,7.0,2.0,60.0,8006.386576785431,7886.69750649102,10.0,6.0,28.274333882308138
272,24.0,8.0,2.0,70.0,8006.386576785431,7855.806383230489,10.0,6.0,28.274333882308138
273,24.0,9.0,1.0,60.0,8006.386576785431,7842.87545994534,10.0,6.0,28.274333882308138
274,24.0,10.0,1.0,60.0,8006.386576785431,7829.94453666019,10.0,6.0,28.274333882308138
275,25.0,0.0,0.0,60.0,8006.386576785431,8006.386576785431,10.0,6.0,28.274333882308138
276,25.0,1.0,0.0,70.0,8006.386576785431,8006.386576785431,10.0,6.0,28.274333882308138
277,25.0,2.0,1.0,80.0,8006.386576785431,7981.774727111079,10.0,6.0,28.274333882308138
278,25.0,3.0,1.0,70.0,8006.386576785431,7963.784762718441,10.0,6.0,28.274333882308138
279,25.0,4.0,1.5,50.0,8006.386576785431,7951.2074487306045,10.0,6.0,28.274333882308138
280,25.0,5.0,0.0,40.0,8006.386576785431,7951.2074487306045,10.0,6.0,28.274333882308138
281,25.0,6.0,0.5,50.0,8006.386576785431,7945.868775684609,10.0,6.0,28.274333882308138
282,25.0,7.0,1.0,70.0,8006.386576785431,7927.878811291971,10.0,6.0,28.274333882308138
283,25.0,8.0,1.0,40.0,8006.386576785431,7921.469973919647,10.0,6.0,28.274333882308138
284,25.0,9.0,2.0,50.0,8006.386576785431,7905.728691253861,10.0,6.0,28.274333882308138
285,25.0,10.0,2.0,80.0,8006.386576785431,7863.466924339461,10.0,6.0,28.274333882308138
286,26.0,0.0,2.0,60.0,8006.386576785431,8006.386576785431,10.0,6.0,28.274333882308138
287,26.0,1.0,2.0,70.0,8006.386576785431,7975.4954535249,10.0,6.0,28.274333882308138
288,26.0,2.0,2.0,40.0,8006.386576785431,7964.490641013643,10.0,6.0,28.274333882308138
289,26.0,3.0,2.0,60.0,8006.386576785431,7942.286553425928,10.0,6.0,28.274333882308138
290,26.0,4.0,0.0,40.0,8006.386576785431,7942.286553425928,10.0,6.0,28.274333882308138
291,26.0,5.0,1.0,80.0,8006.386576785431,7917.674703751576,10.0,6.0,28.274333882308138
292,26.0,6.0,1.5,40.0,8006.386576785431,7908.881838184643,10.0,6.0,28.274333882308138
293,26.0,7.0,1.0,60.0,8006.386576785431,7895.950914899494,10.0,6.0,28.274333882308138
294,26.0,8.0,0.0,60.0,8006.386576785431,7895.950914899494,10.0,6.0,28.274333882308138
295,26.0,9.0,1.0,80.0,8006.386576785431,7871.339065225142,10.0,6.0,28.274333882308138
296,26.0,10.0,1.0,60.0,8006.386576785431,7858.408141939993,10.0,6.0,28.274333882308138
297,27.0,0.0,1.0,80.0,8006.386576785431,8006.386576785431,10.0,6.0,28.274333882308138
298,27.0,1.0,0.5,50.0,8006.386576785431,8001.047903739436,10.0,6.0,28.274333882308138
299,27.0,2.0,2.0,70.0,8006.386576785431,7970.156780478905,10.0,6.0,28.274333882308138
300,27.0,3.0,0.0,70.0,8006.386576785431,7970.156780478905,10.0,6.0,28.274333882308138
301,27.0,4.0,2.0,50.0,8006.386576785431,7954.415497813119,10.0,6.0,28.274333882308138
302,27.0,5.0,0.5,70.0,8006.386576785431,7943.93873993938,10.0,6.0,28.274333882308138
303,27.0,6.0,0.0,50.0,8006.386576785431,7943.93873993938,10.0,6.0,28.274333882308138
304,27.0,7.0,0.5,40.0,8006.386576785431,7940.2064458705,10.0,6.0,28.274333882308138
305,27.0,8.0,0.5,50.0,8006.386576785431,7934.867772824505,10.0,6.0,28.274333882308138
306,27.0,9.0,0.5,40.0,8006.386576785431,7931.135478755625,10.0,6.0,28.274333882308138
307,27.0,10.0,1.0,40.0,8006.386576785431,7924.7266413833,10.0,6.0,28.274333882308138
308,28.0,0.0,1.5,60.0,8006.386576785431,8006.386576785431,10.0,6.0,28.274333882308138
309,28.0,1.0,0.0,60.0,8006.386576785431,8006.386576785431,10.0,6.0,28.274333882308138
310,28.0,2.0,1.0,60.0,8006.386576785431,7993.455653500282,10.0,6.0,28.274333882308138
311,28.0,3.0,1.0,50.0,8006.386576785431,7984.288453192815,10.0,6.0,28.274333882308138
312,28.0,4.0,1.0,60.0,8006.386576785431,7971.357529907666,10.0,6.0,28.274333882308138
313,28.0,5.0,0.5,80.0,8006.386576785431,7957.024405937251,10.0,6.0,28.274333882308138
314,28.0,6.0,1.0,80.0,8006.386576785431,7932.412556262899,10.0,6.0,28.274333882308138
315,28.0,7.0,2.0,50.0,8006.386576785431,7916.671273597113,10.0,6.0,28.274333882308138
316,28.0,8.0,0.0,40.0,8006.386576785431,7916.671273597113,10.0,6.0,28.274333882308138
317,28.0,9.0,0.0,70.0,8006.386576785431,7916.671273597113,10.0,6.0,28.274333882308138
318,28.0,10.0,1.0,80.0,8006.386576785431,7892.059423922761,10.0,6.0,28.274333882308138
319,29.0,0.0,0.5,80.0,8006.386576785431,8006.386576785431,10.0,6.0,28.274333882308138
320,29.0,1.0,2.0,50.0,8006.386576785431,7990.645294119646,10.0,6.0,28.274333882308138
321,29.0,2.0,1.0,80.0,8006.386576785431,7966.033444445294,10.0,6.0,28.274333882308138
322,29.0,3.0,0.5,80.0,8006.386576785431,7951.700320474879,10.0,6.0,28.274333882308138
323,29.0,4.0,2.0,50.0,8006.386576785431,7935.959037809093,10.0,6.0,28.274333882308138
324,29.0,5.0,0.5,70.0,8006.386576785431,7925.482279935354,10.0,6.0,28.274333882308138
325,29.0,6.0,0.0,40.0,8006.386576785431,7925.482279935354,10.0,6.0,28.274333882308138
326,29.0,7.0,1.0,70.0,8006.386576785431,7907.492315542716,10.0,6.0,28.274333882308138
327,29.0,8.0,1.0,50.0,8006.386576785431,7898.325115235249,10.0,6.0,28.274333882308138
328,29.0,9.0,1.5,40.0,8006.386576785431,7889.532249668316,10.0,6.0,28.274333882308138
329,29.0,10.0,0.0,80.0,8006.386576785431,7889.532249668316,10.0,6.0,28.274333882308138
330,30.0,0.0,0.5,70.0,8006.386576785431,8006.386576785431,10.0,6.0,28.274333882308138
331,30.0,1.0,1.5,70.0,8006.386576785431,7981.704512119309,10.0,6.0,28.274333882308138
332,30.0,2.0,0.5,40.0,8006.386576785431,7977.972218050429,10.0,6.0,28.274333882308138
333,30.0,3.0,0.5,70.0,8006.386576785431,7967.495460176689,10.0,6.0,28.274333882308138
334,30.0,4.0,2.0,70.0,8006.386576785431,7936.604336916158,10.0,6.0,28.274333882308138
335,30.0,5.0,0.5,60.0,8006.386576785431,7929.073796589028,10.0,6.0,28.274333882308138
336,30.0,6.0,0.5,50.0,8006.386576785431,7923.735123543032,10.0,6.0,28.274333882308138
337,30.0,7.0,0.0,70.0,8006.386576785431,7923.735123543032,10.0,6.0,28.274333882308138
338,30.0,8.0,2.0,40.0,8006.386576785431,7912.730311031775,10.0,6.0,28.274333882308138
339,30.0,9.0,1.5,50.0,8006.386576785431,7900.152997043939,10.0,6.0,28.274333882308138
340,30.0,10.0,1.5,40.0,8006.386576785431,7891.360131477006,10.0,6.0,28.274333882308138
341,31.0,0.0,2.0,70.0,8006.386576785431,8006.386576785431,10.0,6.0,28.274333882308138
342,31.0,1.0,1.0,50.0,8006.386576785431,7997.219376477964,10.0,6.0,28.274333882308138
343,31.0,2.0,1.5,50.0,8006.386576785431,7984.6420624901275,10.0,6.0,28.274333882308138
344,31.0,3.0,0.0,60.0,8006.386576785431,7984.6420624901275,10.0,6.0,28.274333882308138
345,31.0,4.0,1.5,70.0,8006.386576785431,7959.959997824005,10.0,6.0,28.274333882308138
346,31.0,5.0,0.0,50.0,8006.386576785431,7959.959997824005,10.0,6.0,28.274333882308138
347,31.0,6.0,1.0,80.0,8006.386576785431,7935.348148149653,10.0,6.0,28.274333882308138
348,31.0,7.0,1.5,80.0,8006.386576785431,7901.580918156478,10.0,6.0,28.274333882308138
349,31.0,8.0,0.0,70.0,8006.386576785431,7901.580918156478,10.0,6.0,28.274333882308138
350,31.0,9.0,0.5,60.0,8006.386576785431,7894.050377829348,10.0,6.0,28.274333882308138
351,31.0,10.0,1.0,70.0,8006.386576785431,7876.0604134367095,10.0,6.0,28.274333882308138
352,32.0,0.0,2.0,60.0,8006.386576785431,8006.386576785431,10.0,6.0,28.274333882308138
353,32.0,1.0,1.5,60.0,8006.386576785431,7988.645469702011,10.0,6.0,28.274333882308138
354,32.0,2.0,1.0,80.0,8006.386576785431,7964.033620027659,10.0,6.0,28.274333882308138
355,32.0,3.0,0.5,80.0,8006.386576785431,7949.700496057244,10.0,6.0,28.274333882308138
356,32.0,4.0,0.5,40.0,8006.386576785431,7945.968201988364,10.0,6.0,28.274333882308138
357,32.0,5.0,0.0,80.0,8006.386576785431,7945.968201988364,10.0,6.0,28.274333882308138
358,32.0,6.0,2.0,80.0,8006.386576785431,7903.706435073964,10.0,6.0,28.274333882308138
359,32.0,7.0,1.5,50.0,8006.386576785431,7891.129121086127,10.0,6.0,28.274333882308138
360,32.0,8.0,1.5,70.0,8006.386576785431,7866.447056420005,10.0,6.0,28.274333882308138
361,32.0,9.0,2.0,40.0,8006.386576785431,7855.4422439087475,10.0,6.0,28.274333882308138
362,32.0,10.0,1.0,70.0,8006.386576785431,7837.452279516109,10.0,6.0,28.274333882308138
363,33.0,0.0,1.5,50.0,8006.386576785431,8006.386576785431,10.0,6.0,28.274333882308138
364,33.0,1.0,0.5,40.0,8006.386576785431,8002.654282716551,10.0,6.0,28.274333882308138
365,33.0,2.0,2.0,40.0,8006.386576785431,7991.649470205294,10.0,6.0,28.274333882308138
366,33.0,3.0,0.5,70.0,8006.386576785431,7981.172712331555,10.0,6.0,28.274333882308138
367,33.0,4.0,0.0,50.0,8006.386576785431,7981.172712331555,10.0,6.0,28.274333882308138
368,33.0,5.0,0.5,40.0,8006.386576785431,7977.440418262675,10.0,6.0,28.274333882308138
369,33.0,6.0,1.5,40.0,8006.386576785431,7968.647552695742,10.0,6.0,28.274333882308138
370,33.0,7.0,0.5,50.0,8006.386576785431,7963.308879649747,10.0,6.0,28.274333882308138
371,33.0,8.0,0.0,60.0,8006.386576785431,7963.308879649747,10.0,6.0,28.274333882308138
372,33.0,9.0,1.5,50.0,8006.386576785431,7950.73156566191,10.0,6.0,28.274333882308138
373,33.0,10.0,1.5,80.0,8006.386576785431,7916.964335668736,10.0,6.0,28.274333882308138
374,34.0,0.0,0.5,40.0,8006.386576785431,8006.386576785431,10.0,6.0,28.274333882308138
375,34.0,1.0,1.5,70.0,8006.386576785431,7981.704512119309,10.0,6.0,28.274333882308138
376,34.0,2.0,0.5,80.0,8006.386576785431,7967.371388148894,10.0,6.0,28.274333882308138
377,34.0,3.0,2.0,50.0,8006.386576785431,7951.630105483108,10.0,6.0,28.274333882308138
378,34.0,4.0,2.0,50.0,8006.386576785431,7935.888822817323,10.0,6.0,28.274333882308138
379,34.0,5.0,2.0,40.0,8006.386576785431,7924.884010306066,10.0,6.0,28.274333882308138
380,34.0,6.0,0.5,40.0,8006.386576785431,7921.151716237186,10.0,6.0,28.274333882308138
381,34.0,7.0,1.0,40.0,8006.386576785431,7914.742878864861,10.0,6.0,28.274333882308138
382,34.0,8.0,1.0,70.0,8006.386576785431,7896.752914472223,10.0,6.0,28.274333882308138
383,34.0,9.0,1.0,60.0,8006.386576785431,7883.821991187074,10.0,6.0,28.274333882308138
384,34.0,10.0,1.5,40.0,8006.386576785431,7875.029125620141,10.0,6.0,28.274333882308138
385,35.0,0.0,1.5,40.0,8006.386576785431,8006.386576785431,10.0,6.0,28.274333882308138
386,35.0,1.0,2.0,80.0,8006.386576785431,7964.124809871031,10.0,6.0,28.274333882308138
387,35.0,2.0,1.5,80.0,8006.386576785431,7930.357579877857,10.0,6.0,28.274333882308138
388,35.0,3.0,1.0,50.0,8006.386576785431,7921.190379570389,10.0,6.0,28.274333882308138
389,35.0,4.0,1.0,40.0,8006.386576785431,7914.781542198065,10.0,6.0,28.274333882308138
390,35.0,5.0,0.0,50.0,8006.386576785431,7914.781542198065,10.0,6.0,28.274333882308138
391,35.0,6.0,1.5,50.0,8006.386576785431,7902.204228210228,10.0,6.0,28.274333882308138
392,35.0,7.0,2.0,50.0,8006.386576785431,7886.462945544443,10.0,6.0,28.274333882308138
393,35.0,8.0,2.0,70.0,8006.386576785431,7855.571822283911,10.0,6.0,28.274333882308138
394,35.0,9.0,1.0,80.0,8006.386576785431,7830.959972609559,10.0,6.0,28.274333882308138
395,35.0,10.0,1.5,40.0,8006.386576785431,7822.167107042626,10.0,6.0,28.274333882308138
396,36.0,0.0,1.0,50.0,8006.386576785431,8006.386576785431,10.0,6.0,28.274333882308138
397,36.0,1.0,1.0,50.0,8006.386576785431,7997.219376477964,10.0,6.0,28.274333882308138
398,36.0,2.0,0.5,80.0,8006.386576785431,7982.886252507549,10.0,6.0,28.274333882308138
399,36.0,3.0,2.0,40.0,8006.386576785431,7971.881439996292,10.0,6.0,28.274333882308138
400,36.0,4.0,2.0,40.0,8006.386576785431,7960.876627485035,10.0,6.0,28.274333882308138
401,36.0,5.0,0.0,50.0,8006.386576785431,7960.876627485035,10.0,6.0,28.274333882308138
402,36.0,6.0,0.5,40.0,8006.386576785431,7957.144333416155,10.0,6.0,28.274333882308138
403,36.0,7.0,1.5,40.0,8006.386576785431,7948.351467849222,10.0,6.0,28.274333882308138
404,36.0,8.0,1.5,70.0,8006.386576785431,7923.669403183099,10.0,6.0,28.274333882308138
405,36.0,9.0,0.0,70.0,8006.386576785431,7923.669403183099,10.0,6.0,28.274333882308138
406,36.0,10.0,0.5,40.0,8006.386576785431,7919.937109114219,10.0,6.0,28.274333882308138
407,37.0,0.0,1.0,70.0,8006.386576785431,8006.386576785431,10.0,6.0,28.274333882308138
408,37.0,1.0,2.0,60.0,8006.386576785431,7984.182489197717,10.0,6.0,28.274333882308138
409,37.0,2.0,0.0,50.0,8006.386576785431,7984.182489197717,10.0,6.0,28.274333882308138
410,37.0,3.0,0.5,40.0,8006.386576785431,7980.450195128837,10.0,6.0,28.274333882308138
411,37.0,4.0,1.0,40.0,8006.386576785431,7974.041357756512,10.0,6.0,28.274333882308138
412,37.0,5.0,0.5,60.0,8006.386576785431,7966.510817429382,10.0,6.0,28.274333882308138
413,37.0,6.0,0.5,40.0,8006.386576785431,7962.778523360502,10.0,6.0,28.274333882308138
414,37.0,7.0,1.0,60.0,8006.386576785431,7949.847600075353,10.0,6.0,28.274333882308138
415,37.0,8.0,1.5,50.0,8006.386576785431,7937.270286087516,10.0,6.0,28.274333882308138
416,37.0,9.0,0.0,80.0,8006.386576785431,7937.270286087516,10.0,6.0,28.274333882308138
417,37.0,10.0,1.0,40.0,8006.386576785431,7930.861448715192,10.0,6.0,28.274333882308138
418,38.0,0.0,0.5,50.0,8006.386576785431,8006.386576785431,10.0,6.0,28.274333882308138
419,38.0,1.0,0.5,60.0,8006.386576785431,7998.856036458301,10.0,6.0,28.274333882308138
420,38.0,2.0,0.0,80.0,8006.386576785431,7998.856036458301,10.0,6.0,28.274333882308138
421,38.0,3.0,2.0,50.0,8006.386576785431,7983.114753792515,10.0,6.0,28.274333882308138
422,38.0,4.0,1.0,70.0,8006.386576785431,7965.124789399877,10.0,6.0,28.274333882308138
423,38.0,5.0,1.5,80.0,8006.386576785431,7931.357559406702,10.0,6.0,28.274333882308138
424,38.0,6.0,0.0,70.0,8006.386576785431,7931.357559406702,10.0,6.0,28.274333882308138
425,38.0,7.0,0.5,40.0,8006.386576785431,7927.625265337822,10.0,6.0,28.274333882308138
426,38.0,8.0,1.5,80.0,8006.386576785431,7893.858035344648,10.0,6.0,28.274333882308138
427,38.0,9.0,1.5,80.0,8006.386576785431,7860.090805351473,10.0,6.0,28.274333882308138
428,38.0,10.0,0.5,80.0,8006.386576785431,7845.757681381058,10.0,6.0,28.274333882308138
429,39.0,0.0,1.0,50.0,8006.386576785431,8006.386576785431,10.0,6.0,28.274333882308138
430,39.0,1.0,0.5,80.0,8006.386576785431,7992.0534528150165,10.0,6.0,28.274333882308138
431,39.0,2.0,1.0,40.0,8006.386576785431,7985.644615442692,10.0,6.0,28.274333882308138
432,39.0,3.0,2.0,50.0,8006.386576785431,7969.903332776907,10.0,6.0,28.274333882308138
433,39.0,4.0,1.0,80.0,8006.386576785431,7945.291483102555,10.0,6.0,28.274333882308138
434,39.0,5.0,0.5,40.0,8006.386576785431,7941.559189033675,10.0,6.0,28.274333882308138
435,39.0,6.0,1.0,80.0,8006.386576785431,7916.9473393593225,10.0,6.0,28.274333882308138
436,39.0,7.0,2.0,80.0,8006.386576785431,7874.685572444922,10.0,6.0,28.274333882308138
437,39.0,8.0,0.0,50.0,8006.386576785431,7874.685572444922,10.0,6.0,28.274333882308138
438,39.0,9.0,1.5,60.0,8006.386576785431,7856.944465361502,10.0,6.0,28.274333882308138
439,39.0,10.0,0.5,80.0,8006.386576785431,7842.611341391087,10.0,6.0,28.274333882308138
440,40.0,0.0,1.5,60.0,8006.386576785431,8006.386576785431,10.0,6.0,28.274333882308138
441,40.0,1.0,0.5,80.0,8006.386576785431,7992.0534528150165,10.0,6.0,28.274333882308138
442,40.0,2.0,0.0,70.0,8006.386576785431,7992.0534528150165,10.0,6.0,28.274333882308138
443,40.0,3.0,1.0,70.0,8006.386576785431,7974.063488422378,10.0,6.0,28.274333882308138
444,40.0,4.0,0.5,40.0,8006.386576785431,7970.331194353498,10.0,6.0,28.274333882308138
445,40.0,5.0,0.5,70.0,8006.386576785431,7959.854436479759,10.0,6.0,28.274333882308138
446,40.0,6.0,0.0,70.0,8006.386576785431,7959.854436479759,10.0,6.0,28.274333882308138
447,40.0,7.0,1.5,70.0,8006.386576785431,7935.172371813636,10.0,6.0,28.274333882308138
448,40.0,8.0,0.5,40.0,8006.386576785431,7931.440077744756,10.0,6.0,28.274333882308138
449,40.0,9.0,1.0,80.0,8006.386576785431,7906.828228070404,10.0,6.0,28.274333882308138
450,40.0,10.0,0.0,70.0,8006.386576785431,7906.828228070404,10.0,6.0,28.274333882308138
451,41.0,0.0,0.5,50.0,8006.386576785431,8006.386576785431,10.0,6.0,28.274333882308138
452,41.0,1.0,1.5,60.0,8006.386576785431,7988.645469702011,10.0,6.0,28.274333882308138
453,41.0,2.0,2.0,70.0,8006.386576785431,7957.754346441479,10.0,6.0,28.274333882308138
454,41.0,3.0,0.5,80.0,8006.386576785431,7943.4212224710645,10.0,6.0,28.274333882308138
455,41.0,4.0,2.0,70.0,8006.386576785431,7912.530099210533,10.0,6.0,28.274333882308138
456,41.0,5.0,1.0,40.0,8006.386576785431,7906.121261838209,10.0,6.0,28.274333882308138
457,41.0,6.0,0.5,70.0,8006.386576785431,7895.64450396447,10.0,6.0,28.274333882308138
458,41.0,7.0,0.5,80.0,8006.386576785431,7881.311379994055,10.0,6.0,28.274333882308138
459,41.0,8.0,2.0,50.0,8006.386576785431,7865.570097328269,10.0,6.0,28.274333882308138
460,41.0,9.0,1.5,40.0,8006.386576785431,7856.777231761336,10.0,6.0,28.274333882308138
461,41.0,10.0,0.5,80.0,8006.386576785431,7842.444107790921,10.0,6.0,28.274333882308138
462,42.0,0.0,2.0,70.0,8006.386576785431,8006.386576785431,10.0,6.0,28.274333882308138
463,42.0,1.0,0.0,60.0,8006.386576785431,8006.386576785431,10.0,6.0,28.274333882308138
464,42.0,2.0,0.0,60.0,8006.386576785431,8006.386576785431,10.0,6.0,28.274333882308138
465,42.0,3.0,1.5,50.0,8006.386576785431,7993.809262797595,10.0,6.0,28.274333882308138
466,42.0,4.0,1.0,40.0,8006.386576785431,7987.40042542527,10.0,6.0,28.274333882308138
467,42.0,5.0,1.0,80.0,8006.386576785431,7962.788575750918,10.0,6.0,28.274333882308138
468,42.0,6.0,0.0,50.0,8006.386576785431,7962.788575750918,10.0,6.0,28.274333882308138
469,42.0,7.0,1.0,50.0,8006.386576785431,7953.621375443451,10.0,6.0,28.274333882308138
470,42.0,8.0,0.0,40.0,8006.386576785431,7953.621375443451,10.0,6.0,28.274333882308138
471,42.0,9.0,0.5,70.0,8006.386576785431,7943.144617569712,10.0,6.0,28.274333882308138
472,42.0,10.0,2.0,40.0,8006.386576785431,7932.139805058455,10.0,6.0,28.274333882308138
473,43.0,0.0,1.5,60.0,8006.386576785431,8006.386576785431,10.0,6.0,28.274333882308138
474,43.0,1.0,1.5,40.0,8006.386576785431,7997.593711218498,10.0,6.0,28.274333882308138
475,43.0,2.0,2.0,70.0,8006.386576785431,7966.702587957967,10.0,6.0,28.274333882308138
476,43.0,3.0,0.0,40.0,8006.386576785431,7966.702587957967,10.0,6.0,28.274333882308138
477,43.0,4.0,2.0,50.0,8006.386576785431,7950.961305292181,10.0,6.0,28.274333882308138
478,43.0,5.0,0.5,60.0,8006.386576785431,7943.430764965051,10.0,6.0,28.274333882308138
479,43.0,6.0,2.0,40.0,8006.386576785431,7932.425952453794,10.0,6.0,28.274333882308138
480,43.0,7.0,0.5,60.0,8006.386576785431,7924.895412126663,10.0,6.0,28.274333882308138
481,43.0,8.0,1.0,60.0,8006.386576785431,7911.964488841514,10.0,6.0,28.274333882308138
482,43.0,9.0,0.0,50.0,8006.386576785431,7911.964488841514,10.0,6.0,28.274333882308138
483,43.0,10.0,1.0,70.0,8006.386576785431,7893.974524448876,10.0,6.0,28.274333882308138
484,44.0,0.0,1.0,40.0,8006.386576785431,8006.386576785431,10.0,6.0,28.274333882308138
485,44.0,1.0,1.5,70.0,8006.386576785431,7981.704512119309,10.0,6.0,28.274333882308138
486,44.0,2.0,2.0,70.0,8006.386576785431,7950.813388858777,10.0,6.0,28.274333882308138
487,44.0,3.0,2.0,40.0,8006.386576785431,7939.80857634752,10.0,6.0,28.274333882308138
488,44.0,4.0,2.0,70.0,8006.386576785431,7908.917453086989,10.0,6.0,28.274333882308138
489,44.0,5.0,0.0,40.0,8006.386576785431,7908.917453086989,10.0,6.0,28.274333882308138
490,44.0,6.0,1.0,40.0,8006.386576785431,7902.508615714664,10.0,6.0,28.274333882308138
491,44.0,7.0,1.5,80.0,8006.386576785431,7868.74138572149,10.0,6.0,28.274333882308138
492,44.0,8.0,2.0,40.0,8006.386576785431,7857.736573210233,10.0,6.0,28.274333882308138
493,44.0,9.0,0.0,80.0,8006.386576785431,7857.736573210233,10.0,6.0,28.274333882308138
494,44.0,10.0,2.0,70.0,8006.386576785431,7826.845449949701,10.0,6.0,28.274333882308138
495,45.0,0.0,2.0,40.0,8006.386576785431,8006.386576785431,10.0,6.0,28.274333882308138
496,45.0,1.0,1.5,70.0,8006.386576785431,7981.704512119309,10.0,6.0,28.274333882308138
497,45.0,2.0,2.0,70.0,8006.386576785431,7950.813388858777,10.0,6.0,28.274333882308138
498,45.0,3.0,1.0,70.0,8006.386576785431,7932.823424466139,10.0,6.0,28.274333882308138
499,45.0,4.0,2.0,40.0,8006.386576785431,7921.818611954882,10.0,6.0,28.274333882308138
500,45.0,5.0,0.0,50.0,8006.386576785431,7921.818611954882,10.0,6.0,28.274333882308138
501,45.0,6.0,0.0,70.0,8006.386576785431,7921.818611954882,10.0,6.0,28.274333882308138
502,45.0,7.0,0.0,80.0,8006.386576785431,7921.818611954882,10.0,6.0,28.274333882308138
503,45.0,8.0,2.0,50.0,8006.386576785431,7906.077329289096,10.0,6.0,28.274333882308138
504,45.0,9.0,0.5,80.0,8006.386576785431,7891.744205318681,10.0,6.0,28.274333882308138
505,45.0,10.0,0.0,50.0,8006.386576785431,7891.744205318681,10.0,6.0,28.274333882308138
506,46.0,0.0,2.0,50.0,8006.386576785431,8006.386576785431,10.0,6.0,28.274333882308138
507,46.0,1.0,0.0,40.0,8006.386576785431,8006.386576785431,10.0,6.0,28.274333882308138
508,46.0,2.0,1.5,60.0,8006.386576785431,7988.645469702011,10.0,6.0,28.274333882308138
509,46.0,3.0,1.5,40.0,8006.386576785431,7979.852604135078,10.0,6.0,28.274333882308138
510,46.0,4.0,2.0,70.0,8006.386576785431,7948.961480874546,10.0,6.0,28.274333882308138
511,46.0,5.0,2.0,50.0,8006.386576785431,7933.220198208761,10.0,6.0,28.274333882308138
512,46.0,6.0,1.5,60.0,8006.386576785431,7915.47909112534,10.0,6.0,28.274333882308138
513,46.0,7.0,1.0,70.0,8006.386576785431,7897.489126732702,10.0,6.0,28.274333882308138
514,46.0,8.0,1.0,80.0,8006.386576785431,7872.87727705835,10.0,6.0,28.274333882308138
515,46.0,9.0,1.5,40.0,8006.386576785431,7864.084411491417,10.0,6.0,28.274333882308138
516,46.0,10.0,2.0,70.0,8006.386576785431,7833.193288230886,10.0,6.0,28.274333882308138
517,47.0,0.0,2.0,40.0,8006.386576785431,8006.386576785431,10.0,6.0,28.274333882308138
518,47.0,1.0,1.0,60.0,8006.386576785431,7993.455653500282,10.0,6.0,28.274333882308138
519,47.0,2.0,1.0,60.0,8006.386576785431,7980.524730215133,10.0,6.0,28.274333882308138
520,47.0,3.0,1.0,50.0,8006.386576785431,7971.357529907666,10.0,6.0,28.274333882308138
521,47.0,4.0,2.0,60.0,8006.386576785431,7949.153442319951,10.0,6.0,28.274333882308138
522,47.0,5.0,0.5,70.0,8006.386576785431,7938.676684446212,10.0,6.0,28.274333882308138
523,47.0,6.0,2.0,40.0,8006.386576785431,7927.671871934955,10.0,6.0,28.274333882308138
524,47.0,7.0,2.0,40.0,8006.386576785431,7916.6670594236975,10.0,6.0,28.274333882308138
525,47.0,8.0,0.5,70.0,8006.386576785431,7906.190301549958,10.0,6.0,28.274333882308138
526,47.0,9.0,1.5,80.0,8006.386576785431,7872.423071556784,10.0,6.0,28.274333882308138
527,47.0,10.0,0.5,80.0,8006.386576785431,7858.089947586369,10.0,6.0,28.274333882308138
528,48.0,0.0,0.5,80.0,8006.386576785431,8006.386576785431,10.0,6.0,28.274333882308138
529,48.0,1.0,0.5,50.0,8006.386576785431,8001.047903739436,10.0,6.0,28.274333882308138
530,48.0,2.0,1.5,50.0,8006.386576785431,7988.4705897516,10.0,6.0,28.274333882308138
531,48.0,3.0,0.0,60.0,8006.386576785431,7988.4705897516,10.0,6.0,28.274333882308138
532,48.0,4.0,1.5,40.0,8006.386576785431,7979.677724184667,10.0,6.0,28.274333882308138
533,48.0,5.0,1.5,50.0,8006.386576785431,7967.10041019683,10.0,6.0,28.274333882308138
534,48.0,6.0,0.0,50.0,8006.386576785431,7967.10041019683,10.0,6.0,28.274333882308138
535,48.0,7.0,1.0,40.0,8006.386576785431,7960.691572824506,10.0,6.0,28.274333882308138
536,48.0,8.0,0.0,50.0,8006.386576785431,7960.691572824506,10.0,6.0,28.274333882308138
537,48.0,9.0,2.0,40.0,8006.386576785431,7949.686760313249,10.0,6.0,28.274333882308138
538,48.0,10.0,0.5,40.0,8006.386576785431,7945.954466244369,10.0,6.0,28.274333882308138
539,49.0,0.0,0.5,40.0,8006.386576785431,8006.386576785431,10.0,6.0,28.274333882308138
540,49.0,1.0,1.0,70.0,8006.386576785431,7988.396612392793,10.0,6.0,28.274333882308138
541,49.0,2.0,2.0,80.0,8006.386576785431,7946.134845478393,10.0,6.0,28.274333882308138
542,49.0,3.0,1.0,50.0,8006.386576785431,7936.967645170926,10.0,6.0,28.274333882308138
543,49.0,4.0,2.0,80.0,8006.386576785431,7894.7058782565255,10.0,6.0,28.274333882308138
544,49.0,5.0,0.5,60.0,8006.386576785431,7887.175337929395,10.0,6.0,28.274333882308138
545,49.0,6.0,1.0,40.0,8006.386576785431,7880.766500557071,10.0,6.0,28.274333882308138
546,49.0,7.0,2.0,70.0,8006.386576785431,7849.875377296539,10.0,6.0,28.274333882308138
547,49.0,8.0,0.5,50.0,8006.386576785431,7844.536704250544,10.0,6.0,28.274333882308138
548,49.0,9.0,0.5,70.0,8006.386576785431,7834.059946376805,10.0,6.0,28.274333882308138
549,49.0,10.0,0.5,40.0,8006.386576785431,7830.327652307925,10.0,6.0,28.274333882308138
550,50.0,0.0,0.0,40.0,8006.386576785431,8006.386576785431,10.0,6.0,28.274333882308138
551,50.0,1.0,1.5,70.0,8006.386576785431,7981.704512119309,10.0,6.0,28.274333882308138
552,50.0,2.0,0.5,80.0,8006.386576785431,7967.371388148894,10.0,6.0,28.274333882308138
553,50.0,3.0,0.5,50.0,8006.386576785431,7962.032715102899,10.0,6.0,28.274333882308138
554,50.0,4.0,1.0,50.0,8006.386576785431,7952.865514795431,10.0,6.0,28.274333882308138
555,50.0,5.0,1.5,80.0,8006.386576785431,7919.098284802257,10.0,6.0,28.274333882308138
556,50.0,6.0,0.5,80.0,8006.386576785431,7904.765160831842,10.0,6.0,28.274333882308138
557,50.0,7.0,1.0,80.0,8006.386576785431,7880.15331115749,10.0,6.0,28.274333882308138
558,50.0,8.0,1.5,80.0,8006.386576785431,7846.386081164315,10.0,6.0,28.274333882308138
559,50.0,9.0,1.0,40.0,8006.386576785431,7839.977243791991,10.0,6.0,28.274333882308138
560,50.0,10.0,0.0,40.0,8006.386576785431,7839.977243791991,10.0,6.0,28.274333882308138
561,51.0,0.0,1.0,80.0,8006.386576785431,8006.386576785431,10.0,6.0,28.274333882308138
562,51.0,1.0,1.0,60.0,8006.386576785431,7993.455653500282,10.0,6.0,28.274333882308138
563,51.0,2.0,0.0,50.0,8006.386576785431,7993.455653500282,10.0,6.0,28.274333882308138
564,51.0,3.0,2.0,70.0,8006.386576785431,7962.564530239751,10.0,6.0,28.274333882308138
565,51.0,4.0,1.0,70.0,8006.386576785431,7944.574565847112,10.0,6.0,28.274333882308138
566,51.0,5.0,1.5,40.0,8006.386576785431,7935.781700280179,10.0,6.0,28.274333882308138
567,51.0,6.0,1.0,70.0,8006.386576785431,7917.791735887541,10.0,6.0,28.274333882308138
568,51.0,7.0,2.0,70.0,8006.386576785431,7886.90061262701,10.0,6.0,28.274333882308138
569,51.0,8.0,2.0,70.0,8006.386576785431,7856.009489366478,10.0,6.0,28.274333882308138
570,51.0,9.0,0.0,60.0,8006.386576785431,7856.009489366478,10.0,6.0,28.274333882308138
571,51.0,10.0,1.5,80.0,8006.386576785431,7822.242259373304,10.0,6.0,28.274333882308138
572,52.0,0.0,0.5,70.0,8006.386576785431,8006.386576785431,10.0,6.0,28.274333882308138
573,52.0,1.0,0.5,70.0,8006.386576785431,7995.909818911692,10.0,6.0,28.274333882308138
574,52.0,2.0,2.0,60.0,8006.386576785431,7973.7057313239775,10.0,6.0,28.274333882308138
575,52.0,3.0,0.0,60.0,8006.386576785431,7973.7057313239775,10.0,6.0,28.274333882308138
576,52.0,4.0,0.5,70.0,8006.386576785431,7963.228973450238,10.0,6.0,28.274333882308138
577,52.0,5.0,2.0,60.0,8006.386576785431,7941.024885862524,10.0,6.0,28.274333882308138
578,52.0,6.0,1.0,40.0,8006.386576785431,7934.616048490199,10.0,6.0,28.274333882308138
579,52.0,7.0,1.5,60.0,8006.386576785431,7916.874941406779,10.0,6.0,28.274333882308138
580,52.0,8.0,1.5,70.0,8006.386576785431,7892.192876740656,10.0,6.0,28.274333882308138
581,52.0,9.0,0.5,40.0,8006.386576785431,7888.460582671776,10.0,6.0,28.274333882308138
582,52.0,10.0,2.0,50.0,8006.386576785431,7872.719300005991,10.0,6.0,28.274333882308138
583,53.0,0.0,2.0,70.0,8006.386576785431,8006.386576785431,10.0,6.0,28.274333882308138
584,53.0,1.0,1.0,60.0,8006.386576785431,7993.455653500282,10.0,6.0,28.274333882308138
585,53.0,2.0,2.0,40.0,8006.386576785431,7982.450840989025,10.0,6.0,28.274333882308138
586,53.0,3.0,0.5,60.0,8006.386576785431,7974.9203006618945,10.0,6.0,28.274333882308138
587,53.0,4.0,1.0,60.0,8006.386576785431,7961.989377376745,10.0,6.0,28.274333882308138
588,53.0,5.0,2.0,40.0,8006.386576785431,7950.984564865488,10.0,6.0,28.274333882308138
589,53.0,6.0,2.0,60.0,8006.386576785431,7928.780477277774,10.0,6.0,28.274333882308138
590,53.0,7.0,0.5,40.0,8006.386576785431,7925.0481832088935,10.0,6.0,28.274333882308138
591,53.0,8.0,1.5,60.0,8006.386576785431,7907.307076125473,10.0,6.0,28.274333882308138
592,53.0,9.0,1.0,80.0,8006.386576785431,7882.695226451121,10.0,6.0,28.274333882308138
593,53.0,10.0,0.0,50.0,8006.386576785431,7882.695226451121,10.0,6.0,28.274333882308138
594,54.0,0.0,1.5,50.0,8006.386576785431,8006.386576785431,10.0,6.0,28.274333882308138
595,54.0,1.0,1.5,60.0,8006.386576785431,7988.645469702011,10.0,6.0,28.274333882308138
596,54.0,2.0,2.0,50.0,8006.386576785431,7972.904187036225,10.0,6.0,28.274333882308138
597,54.0,3.0,1.5,60.0,8006.386576785431,7955.163079952805,10.0,6.0,28.274333882308138
598,54.0,4.0,0.0,50.0,8006.386576785431,7955.163079952805,10.0,6.0,28.274333882308138
599,54.0,5.0,2.0,80.0,8006.386576785431,7912.901313038405,10.0,6.0,28.274333882308138
600,54.0,6.0,1.0,80.0,8006.386576785431,7888.289463364053,10.0,6.0,28.274333882308138
601,54.0,7.0,0.5,70.0,8006.386576785431,7877.812705490313,10.0,6.0,28.274333882308138
602,54.0,8.0,1.5,40.0,8006.386576785431,7869.0198399233805,10.0,6.0,28.274333882308138
603,54.0,9.0,0.5,60.0,8006.386576785431,7861.48929959625,10.0,6.0,28.274333882308138
604,54.0,10.0,2.0,80.0,8006.386576785431,7819.22753268185,10.0,6.0,28.274333882308138
605,55.0,0.0,1.5,70.0,8006.386576785431,8006.386576785431,10.0,6.0,28.274333882308138
606,55.0,1.0,0.5,60.0,8006.386576785431,7998.856036458301,10.0,6.0,28.274333882308138
607,55.0,2.0,1.5,40.0,8006.386576785431,7990.063170891368,10.0,6.0,28.274333882308138
608,55.0,3.0,1.0,60.0,8006.386576785431,7977.132247606219,10.0,6.0,28.274333882308138
609,55.0,4.0,0.0,40.0,8006.386576785431,7977.132247606219,10.0,6.0,28.274333882308138
610,55.0,5.0,1.0,40.0,8006.386576785431,7970.723410233894,10.0,6.0,28.274333882308138
611,55.0,6.0,1.5,80.0,8006.386576785431,7936.95618024072,10.0,6.0,28.274333882308138
612,55.0,7.0,1.0,70.0,8006.386576785431,7918.966215848081,10.0,6.0,28.274333882308138
613,55.0,8.0,0.0,70.0,8006.386576785431,7918.966215848081,10.0,6.0,28.274333882308138
614,55.0,9.0,0.0,60.0,8006.386576785431,7918.966215848081,10.0,6.0,28.274333882308138
615,55.0,10.0,1.5,40.0,8006.386576785431,7910.1733502811485,10.0,6.0,28.274333882308138
616,56.0,0.0,0.0,70.0,8006.386576785431,8006.386576785431,10.0,6.0,28.274333882308138
617,56.0,1.0,0.0,60.0,8006.386576785431,8006.386576785431,10.0,6.0,28.274333882308138
618,56.0,2.0,0.5,80.0,8006.386576785431,7992.0534528150165,10.0,6.0,28.274333882308138
619,56.0,3.0,1.0,60.0,8006.386576785431,7979.122529529867,10.0,6.0,28.274333882308138
620,56.0,4.0,0.5,80.0,8006.386576785431,7964.7894055594525,10.0,6.0,28.274333882308138
621,56.0,5.0,0.0,70.0,8006.386576785431,7964.7894055594525,10.0,6.0,28.274333882308138
622,56.0,6.0,0.0,50.0,8006.386576785431,7964.7894055594525,10.0,6.0,28.274333882308138
623,56.0,7.0,1.0,40.0,8006.386576785431,7958.380568187128,10.0,6.0,28.274333882308138
624,56.0,8.0,2.0,50.0,8006.386576785431,7942.639285521343,10.0,6.0,28.274333882308138
625,56.0,9.0,0.0,40.0,8006.386576785431,7942.639285521343,10.0,6.0,28.274333882308138
626,56.0,10.0,2.0,60.0,8006.386576785431,7920.435197933628,10.0,6.0,28.274333882308138
627,57.0,0.0,1.0,70.0,8006.386576785431,8006.386576785431,10.0,6.0,28.274333882308138
628,57.0,1.0,2.0,70.0,8006.386576785431,7975.4954535249,10.0,6.0,28.274333882308138
629,57.0,2.0,2.0,50.0,8006.386576785431,7959.754170859114,10.0,6.0,28.274333882308138
630,57.0,3.0,2.0,80.0,8006.386576785431,7917.492403944714,10.0,6.0,28.274333882308138
631,57.0,4.0,1.5,80.0,8006.386576785431,7883.72517395154,10.0,6.0,28.274333882308138
632,57.0,5.0,0.0,70.0,8006.386576785431,7883.72517395154,10.0,6.0,28.274333882308138
633,57.0,6.0,1.0,60.0,8006.386576785431,7870.79425066639,10.0,6.0,28.274333882308138
634,57.0,7.0,0.0,80.0,8006.386576785431,7870.79425066639,10.0,6.0,28.274333882308138
635,57.0,8.0,0.5,50.0,8006.386576785431,7865.455577620395,10.0,6.0,28.274333882308138
636,57.0,9.0,0.0,70.0,8006.386576785431,7865.455577620395,10.0,6.0,28.274333882308138
637,57.0,10.0,2.0,50.0,8006.386576785431,7849.71429495461,10.0,6.0,28.274333882308138
638,58.0,0.0,1.0,80.0,8006.386576785431,8006.386576785431,10.0,6.0,28.274333882308138
639,58.0,1.0,0.5,80.0,8006.386576785431,7992.0534528150165,10.0,6.0,28.274333882308138
640,58.0,2.0,1.5,60.0,8006.386576785431,7974.312345731596,10.0,6.0,28.274333882308138
641,58.0,3.0,1.0,70.0,8006.386576785431,7956.322381338958,10.0,6.0,28.274333882308138
642,58.0,4.0,1.5,60.0,8006.386576785431,7938.581274255537,10.0,6.0,28.274333882308138
643,58.0,5.0,0.0,40.0,8006.386576785431,7938.581274255537,10.0,6.0,28.274333882308138
644,58.0,6.0,0.0,40.0,8006.386576785431,7938.581274255537,10.0,6.0,28.274333882308138
645,58.0,7.0,0.5,80.0,8006.386576785431,7924.248150285122,10.0,6.0,28.274333882308138
646,58.0,8.0,1.0,80.0,8006.386576785431,7899.63630061077,10.0,6.0,28.274333882308138
647,58.0,9.0,1.0,50.0,8006.386576785431,7890.469100303303,10.0,6.0,28.274333882308138
648,58.0,10.0,0.5,80.0,8006.386576785431,7876.135976332888,10.0,6.0,28.274333882308138
649,59.0,0.0,0.5,70.0,8006.386576785431,8006.386576785431,10.0,6.0,28.274333882308138
650,59.0,1.0,1.5,60.0,8006.386576785431,7988.645469702011,10.0,6.0,28.274333882308138
651,59.0,2.0,0.0,60.0,8006.386576785431,7988.645469702011,10.0,6.0,28.274333882308138
652,59.0,3.0,0.5,50.0,8006.386576785431,7983.306796656016,10.0,6.0,28.274333882308138
653,59.0,4.0,0.5,50.0,8006.386576785431,7977.9681236100205,10.0,6.0,28.274333882308138
654,59.0,5.0,0.0,70.0,8006.386576785431,7977.9681236100205,10.0,6.0,28.274333882308138
655,59.0,6.0,1.0,80.0,8006.386576785431,7953.3562739356685,10.0,6.0,28.274333882308138
656,59.0,7.0,0.0,80.0,8006.386576785431,7953.3562739356685,10.0,6.0,28.274333882308138
657,59.0,8.0,1.5,70.0,8006.386576785431,7928.674209269546,10.0,6.0,28.274333882308138
658,59.0,9.0,2.0,80.0,8006.386576785431,7886.412442355146,10.0,6.0,28.274333882308138
659,59.0,10.0,0.5,70.0,8006.386576785431,7875.9356844814065,10.0,6.0,28.274333882308138
660,60.0,0.0,1.0,50.0,8006.386576785431,8006.386576785431,10.0,6.0,28.274333882308138
661,60.0,1.0,2.0,70.0,8006.386576785431,7975.4954535249,10.0,6.0,28.274333882308138
662,60.0,2.0,1.5,80.0,8006.386576785431,7941.728223531725,10.0,6.0,28.274333882308138
663,60.0,3.0,0.5,50.0,8006.386576785431,7936.38955048573,10.0,6.0,28.274333882308138
664,60.0,4.0,1.0,40.0,8006.386576785431,7929.980713113406,10.0,6.0,28.274333882308138
665,60.0,5.0,1.0,60.0,8006.386576785431,7917.0497898282565,10.0,6.0,28.274333882308138
666,60.0,6.0,0.5,60.0,8006.386576785431,7909.519249501126,10.0,6.0,28.274333882308138
667,60.0,7.0,1.5,80.0,8006.386576785431,7875.752019507951,10.0,6.0,28.274333882308138
668,60.0,8.0,0.0,70.0,8006.386576785431,7875.752019507951,10.0,6.0,28.274333882308138
669,60.0,9.0,0.0,60.0,8006.386576785431,7875.752019507951,10.0,6.0,28.274333882308138
670,60.0,10.0,1.0,50.0,8006.386576785431,7866.584819200484,10.0,6.0,28.274333882308138
671,61.0,0.0,2.0,70.0,8006.386576785431,8006.386576785431,10.0,6.0,28.274333882308138
672,61.0,1.0,0.0,50.0,8006.386576785431,8006.386576785431,10.0,6.0,28.274333882308138
673,61.0,2.0,0.5,40.0,8006.386576785431,8002.654282716551,10.0,6.0,28.274333882308138
674,61.0,3.0,1.5,50.0,8006.386576785431,7990.076968728715,10.0,6.0,28.274333882308138
675,61.0,4.0,2.0,60.0,8006.386576785431,7967.872881141,10.0,6.0,28.274333882308138
676,61.0,5.0,1.0,80.0,8006.386576785431,7943.261031466648,10.0,6.0,28.274333882308138
677,61.0,6.0,2.0,50.0,8006.386576785431,7927.5197488008625,10.0,6.0,28.274333882308138
678,61.0,7.0,0.0,50.0,8006.386576785431,7927.5197488008625,10.0,6.0,28.274333882308138
679,61.0,8.0,0.0,80.0,8006.386576785431,7927.5197488008625,10.0,6.0,28.274333882308138
680,61.0,9.0,1.0,80.0,8006.386576785431,7902.9078991265105,10.0,6.0,28.274333882308138
681,61.0,10.0,1.5,70.0,8006.386576785431,7878.225834460388,10.0,6.0,28.274333882308138
682,62.0,0.0,0.0,60.0,8006.386576785431,8006.386576785431,10.0,6.0,28.274333882308138
683,62.0,1.0,2.0,60.0,8006.386576785431,7984.182489197717,10.0,6.0,28.274333882308138
684,62.0,2.0,0.5,70.0,8006.386576785431,7973.7057313239775,10.0,6.0,28.274333882308138
685,62.0,3.0,1.0,40.0,8006.386576785431,7967.296893951653,10.0,6.0,28.274333882308138
686,62.0,4.0,0.5,80.0,8006.386576785431,7952.963769981238,10.0,6.0,28.274333882308138
687,62.0,5.0,1.5,40.0,8006.386576785431,7944.170904414305,10.0,6.0,28.274333882308138
688,62.0,6.0,1.5,70.0,8006.386576785431,7919.488839748183,10.0,6.0,28.274333882308138
689,62.0,7.0,1.0,60.0,8006.386576785431,7906.5579164630335,10.0,6.0,28.274333882308138
690,62.0,8.0,0.5,80.0,8006.386576785431,7892.224792492619,10.0,6.0,28.274333882308138
691,62.0,9.0,1.5,80.0,8006.386576785431,7858.457562499444,10.0,6.0,28.274333882308138
692,62.0,10.0,0.5,40.0,8006.386576785431,7854.725268430564,10.0,6.0,28.274333882308138
693,63.0,0.0,0.0,40.0,8006.386576785431,8006.386576785431,10.0,6.0,28.274333882308138
694,63.0,1.0,0.0,50.0,8006.386576785431,8006.386576785431,10.0,6.0,28.274333882308138
695,63.0,2.0,0.5,60.0,8006.386576785431,7998.856036458301,10.0,6.0,28.274333882308138
696,63.0,3.0,2.0,50.0,8006.386576785431,7983.114753792515,10.0,6.0,28.274333882308138
697,63.0,4.0,1.0,60.0,8006.386576785431,7970.183830507366,10.0,6.0,28.274333882308138
698,63.0,5.0,0.5,60.0,8006.386576785431,7962.653290180236,10.0,6.0,28.274333882308138
699,63.0,6.0,0.0,80.0,8006.386576785431,7962.653290180236,10.0,6.0,28.274333882308138
700,63.0,7.0,1.0,80.0,8006.386576785431,7938.041440505884,10.0,6.0,28.274333882308138
701,63.0,8.0,0.5,80.0,8006.386576785431,7923.708316535469,10.0,6.0,28.274333882308138
702,63.0,9.0,0.0,80.0,8006.386576785431,7923.708316535469,10.0,6.0,28.274333882308138
703,63.0,10.0,0.5,60.0,8006.386576785431,7916.177776208338,10.0,6.0,28.274333882308138
704,64.0,0.0,1.0,70.0,8006.386576785431,8006.386576785431,10.0,6.0,28.274333882308138
705,64.0,1.0,2.0,70.0,8006.386576785431,7975.4954535249,10.0,6.0,28.274333882308138
706,64.0,2.0,0.0,70.0,8006.386576785431,7975.4954535249,10.0,6.0,28.274333882308138
707,64.0,3.0,1.5,80.0,8006.386576785431,7941.728223531725,10.0,6.0,28.274333882308138
708,64.0,4.0,2.0,50.0,8006.386576785431,7925.98694086594,10.0,6.0,28.274333882308138
709,64.0,5.0,1.5,50.0,8006.386576785431,7913.409626878103,10.0,6.0,28.274333882308138
710,64.0,6.0,1.5,70.0,8006.386576785431,7888.7275622119805,10.0,6.0,28.274333882308138
711,64.0,7.0,0.0,70.0,8006.386576785431,7888.7275622119805,10.0,6.0,28.274333882308138
712,64.0,8.0,0.0,50.0,8006.386576785431,7888.7275622119805,10.0,6.0,28.274333882308138
713,64.0,9.0,0.0,70.0,8006.386576785431,7888.7275622119805,10.0,6.0,28.274333882308138
714,64.0,10.0,1.0,60.0,8006.386576785431,7875.796638926831,10.0,6.0,28.274333882308138
715,65.0,0.0,2.0,40.0,8006.386576785431,8006.386576785431,10.0,6.0,28.274333882308138
716,65.0,1.0,2.0,70.0,8006.386576785431,7975.4954535249,10.0,6.0,28.274333882308138
717,65.0,2.0,0.0,80.0,8006.386576785431,7975.4954535249,10.0,6.0,28.274333882308138
718,65.0,3.0,0.5,60.0,8006.386576785431,7967.964913197769,10.0,6.0,28.274333882308138
719,65.0,4.0,0.0,60.0,8006.386576785431,7967.964913197769,10.0,6.0,28.274333882308138
720,65.0,5.0,0.5,70.0,8006.386576785431,7957.48815532403,10.0,6.0,28.274333882308138
721,65.0,6.0,0.0,80.0,8006.386576785431,7957.48815532403,10.0,6.0,28.274333882308138
722,65.0,7.0,1.5,60.0,8006.386576785431,7939.74704824061,10.0,6.0,28.274333882308138
723,65.0,8.0,2.0,70.0,8006.386576785431,7908.855924980078,10.0,6.0,28.274333882308138
724,65.0,9.0,1.5,50.0,8006.386576785431,7896.278610992242,10.0,6.0,28.274333882308138
725,65.0,10.0,0.5,80.0,8006.386576785431,7881.945487021827,10.0,6.0,28.274333882308138
726,66.0,0.0,1.0,70.0,8006.386576785431,8006.386576785431,10.0,6.0,28.274333882308138
727,66.0,1.0,1.5,50.0,8006.386576785431,7993.809262797595,10.0,6.0,28.274333882308138
728,66.0,2.0,2.0,50.0,8006.386576785431,7978.067980131809,10.0,6.0,28.274333882308138
729,66.0,3.0,0.5,50.0,8006.386576785431,7972.729307085814,10.0,6.0,28.274333882308138
730,66.0,4.0,1.0,40.0,8006.386576785431,7966.32046971349,10.0,6.0,28.274333882308138
731,66.0,5.0,0.0,70.0,8006.386576785431,7966.32046971349,10.0,6.0,28.274333882308138
732,66.0,6.0,2.0,80.0,8006.386576785431,7924.05870279909,10.0,6.0,28.274333882308138
733,66.0,7.0,1.0,40.0,8006.386576785431,7917.649865426765,10.0,6.0,28.274333882308138
734,66.0,8.0,1.5,80.0,8006.386576785431,7883.882635433591,10.0,6.0,28.274333882308138
735,66.0,9.0,1.0,50.0,8006.386576785431,7874.715435126123,10.0,6.0,28.274333882308138
736,66.0,10.0,1.5,70.0,8006.386576785431,7850.033370460001,10.0,6.0,28.274333882308138
737,67.0,0.0,0.0,50.0,8006.386576785431,8006.386576785431,10.0,6.0,28.274333882308138
738,67.0,1.0,0.0,40.0,8006.386576785431,8006.386576785431,10.0,6.0,28.274333882308138
739,67.0,2.0,1.0,40.0,8006.386576785431,7999.977739413107,10.0,6.0,28.274333882308138
740,67.0,3.0,1.5,80.0,8006.386576785431,7966.210509419932,10.0,6.0,28.274333882308138
741,67.0,4.0,1.5,50.0,8006.386576785431,7953.633195432096,10.0,6.0,28.274333882308138
742,67.0,5.0,0.5,40.0,8006.386576785431,7949.900901363216,10.0,6.0,28.274333882308138
743,67.0,6.0,0.0,60.0,8006.386576785431,7949.900901363216,10.0,6.0,28.274333882308138
744,67.0,7.0,1.0,40.0,8006.386576785431,7943.492063990891,10.0,6.0,28.274333882308138
745,67.0,8.0,0.5,70.0,8006.386576785431,7933.015306117152,10.0,6.0,28.274333882308138
746,67.0,9.0,1.5,50.0,8006.386576785431,7920.437992129316,10.0,6.0,28.274333882308138
747,67.0,10.0,2.0,40.0,8006.386576785431,7909.433179618059,10.0,6.0,28.274333882308138
748,68.0,0.0,0.5,70.0,8006.386576785431,8006.386576785431,10.0,6.0,28.274333882308138
749,68.0,1.0,0.0,70.0,8006.386576785431,8006.386576785431,10.0,6.0,28.274333882308138
750,68.0,2.0,0.0,50.0,8006.386576785431,8006.386576785431,10.0,6.0,28.274333882308138
751,68.0,3.0,1.5,70.0,8006.386576785431,7981.704512119309,10.0,6.0,28.274333882308138
752,68.0,4.0,2.0,50.0,8006.386576785431,7965.963229453523,10.0,6.0,28.274333882308138
753,68.0,5.0,1.0,70.0,8006.386576785431,7947.973265060885,10.0,6.0,28.274333882308138
754,68.0,6.0,2.0,40.0,8006.386576785431,7936.968452549628,10.0,6.0,28.274333882308138
755,68.0,7.0,1.0,40.0,8006.386576785431,7930.559615177303,10.0,6.0,28.274333882308138
756,68.0,8.0,1.5,40.0,8006.386576785431,7921.76674961037,10.0,6.0,28.274333882308138
757,68.0,9.0,0.0,40.0,8006.386576785431,7921.76674961037,10.0,6.0,28.274333882308138
758,68.0,10.0,0.5,80.0,8006.386576785431,7907.433625639956,10.0,6.0,28.274333882308138
759,69.0,0.0,0.0,40.0,8006.386576785431,8006.386576785431,10.0,6.0,28.274333882308138
760,69.0,1.0,1.0,40.0,8006.386576785431,7999.977739413107,10.0,6.0,28.274333882308138
761,69.0,2.0,1.0,80.0,8006.386576785431,7975.365889738755,10.0,6.0,28.274333882308138
762,69.0,3.0,0.0,70.0,8006.386576785431,7975.365889738755,10.0,6.0,28.274333882308138
763,69.0,4.0,1.5,80.0,8006.386576785431,7941.59865974558,10.0,6.0,28.274333882308138
764,69.0,5.0,2.0,40.0,8006.386576785431,7930.593847234323,10.0,6.0,28.274333882308138
765,69.0,6.0,1.5,40.0,8006.386576785431,7921.80098166739,10.0,6.0,28.274333882308138
766,69.0,7.0,2.0,50.0,8006.386576785431,7906.059699001605,10.0,6.0,28.274333882308138
767,69.0,8.0,0.5,40.0,8006.386576785431,7902.327404932725,10.0,6.0,28.274333882308138
768,69.0,9.0,0.0,60.0,8006.386576785431,7902.327404932725,10.0,6.0,28.274333882308138
769,69.0,10.0,0.5,40.0,8006.386576785431,7898.595110863845,10.0,6.0,28.274333882308138
770,70.0,0.0,0.5,70.0,8006.386576785431,8006.386576785431,10.0,6.0,28.274333882308138
771,70.0,1.0,0.5,80.0,8006.386576785431,7992.0534528150165,10.0,6.0,28.274333882308138
772,70.0,2.0,2.0,40.0,8006.386576785431,7981.048640303759,10.0,6.0,28.274333882308138
773,70.0,3.0,1.5,40.0,8006.386576785431,7972.255774736826,10.0,6.0,28.274333882308138
774,70.0,4.0,1.5,80.0,8006.386576785431,7938.488544743652,10.0,6.0,28.274333882308138
775,70.0,5.0,1.0,60.0,8006.386576785431,7925.557621458503,10.0,6.0,28.274333882308138
776,70.0,6.0,0.0,50.0,8006.386576785431,7925.557621458503,10.0,6.0,28.274333882308138
777,70.0,7.0,1.0,70.0,8006.386576785431,7907.567657065864,10.0,6.0,28.274333882308138
778,70.0,8.0,1.0,60.0,8006.386576785431,7894.636733780715,10.0,6.0,28.274333882308138
779,70.0,9.0,2.0,50.0,8006.386576785431,7878.8954511149295,10.0,6.0,28.274333882308138
780,70.0,10.0,1.5,60.0,8006.386576785431,7861.154344031509,10.0,6.0,28.274333882308138
781,71.0,0.0,0.0,70.0,8006.386576785431,8006.386576785431,10.0,6.0,28.274333882308138
782,71.0,1.0,1.0,60.0,8006.386576785431,7993.455653500282,10.0,6.0,28.274333882308138
783,71.0,2.0,1.0,70.0,8006.386576785431,7975.465689107644,10.0,6.0,28.274333882308138
784,71.0,3.0,0.5,80.0,8006.386576785431,7961.132565137229,10.0,6.0,28.274333882308138
785,71.0,4.0,1.0,40.0,8006.386576785431,7954.723727764905,10.0,6.0,28.274333882308138
786,71.0,5.0,2.0,70.0,8006.386576785431,7923.832604504373,10.0,6.0,28.274333882308138
787,71.0,6.0,2.0,60.0,8006.386576785431,7901.628516916659,10.0,6.0,28.274333882308138
788,71.0,7.0,0.5,80.0,8006.386576785431,7887.295392946244,10.0,6.0,28.274333882308138
789,71.0,8.0,0.0,60.0,8006.386576785431,7887.295392946244,10.0,6.0,28.274333882308138
790,71.0,9.0,0.5,50.0,8006.386576785431,7881.956719900249,10.0,6.0,28.274333882308138
791,71.0,10.0,1.5,70.0,8006.386576785431,7857.274655234126,10.0,6.0,28.274333882308138
792,72.0,0.0,1.0,40.0,8006.386576785431,8006.386576785431,10.0,6.0,28.274333882308138
793,72.0,1.0,1.0,40.0,8006.386576785431,7999.977739413107,10.0,6.0,28.274333882308138
794,72.0,2.0,1.0,40.0,8006.386576785431,7993.568902040783,10.0,6.0,28.274333882308138
795,72.0,3.0,1.0,70.0,8006.386576785431,7975.578937648144,10.0,6.0,28.274333882308138
796,72.0,4.0,2.0,70.0,8006.386576785431,7944.687814387613,10.0,6.0,28.274333882308138
797,72.0,5.0,0.0,40.0,8006.386576785431,7944.687814387613,10.0,6.0,28.274333882308138
798,72.0,6.0,0.0,40.0,8006.386576785431,7944.687814387613,10.0,6.0,28.274333882308138
799,72.0,7.0,0.0,80.0,8006.386576785431,7944.687814387613,10.0,6.0,28.274333882308138
800,72.0,8.0,1.0,50.0,8006.386576785431,7935.520614080146,10.0,6.0,28.274333882308138
801,72.0,9.0,0.0,70.0,8006.386576785431,7935.520614080146,10.0,6.0,28.274333882308138
802,72.0,10.0,0.5,80.0,8006.386576785431,7921.187490109731,10.0,6.0,28.274333882308138
803,73.0,0.0,2.0,70.0,8006.386576785431,8006.386576785431,10.0,6.0,28.274333882308138
804,73.0,1.0,0.5,70.0,8006.386576785431,7995.909818911692,10.0,6.0,28.274333882308138
805,73.0,2.0,0.0,60.0,8006.386576785431,7995.909818911692,10.0,6.0,28.274333882308138
806,73.0,3.0,0.0,70.0,8006.386576785431,7995.909818911692,10.0,6.0,28.274333882308138
807,73.0,4.0,1.5,60.0,8006.386576785431,7978.168711828272,10.0,6.0,28.274333882308138
808,73.0,5.0,0.0,50.0,8006.386576785431,7978.168711828272,10.0,6.0,28.274333882308138
809,73.0,6.0,0.0,50.0,8006.386576785431,7978.168711828272,10.0,6.0,28.274333882308138
810,73.0,7.0,1.0,50.0,8006.386576785431,7969.001511520804,10.0,6.0,28.274333882308138
811,73.0,8.0,1.5,80.0,8006.386576785431,7935.23428152763,10.0,6.0,28.274333882308138
812,73.0,9.0,0.5,70.0,8006.386576785431,7924.7575236538905,10.0,6.0,28.274333882308138
813,73.0,10.0,1.0,60.0,8006.386576785431,7911.826600368741,10.0,6.0,28.274333882308138
814,74.0,0.0,1.0,60.0,8006.386576785431,8006.386576785431,10.0,6.0,28.274333882308138
815,74.0,1.0,2.0,70.0,8006.386576785431,7975.4954535249,10.0,6.0,28.274333882308138
816,74.0,2.0,0.0,40.0,8006.386576785431,7975.4954535249,10.0,6.0,28.274333882308138
817,74.0,3.0,0.5,40.0,8006.386576785431,7971.76315945602,10.0,6.0,28.274333882308138
818,74.0,4.0,0.5,60.0,8006.386576785431,7964.232619128889,10.0,6.0,28.274333882308138
819,74.0,5.0,2.0,50.0,8006.386576785431,7948.491336463104,10.0,6.0,28.274333882308138
820,74.0,6.0,1.5,50.0,8006.386576785431,7935.914022475267,10.0,6.0,28.274333882308138
821,74.0,7.0,1.0,50.0,8006.386576785431,7926.7468221678,10.0,6.0,28.274333882308138
822,74.0,8.0,1.5,40.0,8006.386576785431,7917.953956600867,10.0,6.0,28.274333882308138
823,74.0,9.0,1.5,40.0,8006.386576785431,7909.161091033934,10.0,6.0,28.274333882308138
824,74.0,10.0,1.5,40.0,8006.386576785431,7900.368225467001,10.0,6.0,28.274333882308138
825,75.0,0.0,0.0,60.0,8006.386576785431,8006.386576785431,10.0,6.0,28.274333882308138
826,75.0,1.0,1.0,50.0,8006.386576785431,7997.219376477964,10.0,6.0,28.274333882308138
827,75.0,2.0,2.0,80.0,8006.386576785431,7954.957609563564,10.0,6.0,28.274333882308138
828,75.0,3.0,2.0,80.0,8006.386576785431,7912.695842649164,10.0,6.0,28.274333882308138
829,75.0,4.0,0.0,50.0,8006.386576785431,7912.695842649164,10.0,6.0,28.274333882308138
830,75.0,5.0,1.0,70.0,8006.386576785431,7894.7058782565255,10.0,6.0,28.274333882308138
831,75.0,6.0,0.5,80.0,8006.386576785431,7880.372754286111,10.0,6.0,28.274333882308138
832,75.0,7.0,1.0,60.0,8006.386576785431,7867.441831000961,10.0,6.0,28.274333882308138
833,75.0,8.0,1.0,60.0,8006.386576785431,7854.510907715812,10.0,6.0,28.274333882308138
834,75.0,9.0,0.0,80.0,8006.386576785431,7854.510907715812,10.0,6.0,28.274333882308138
835,75.0,10.0,2.0,60.0,8006.386576785431,7832.306820128098,10.0,6.0,28.274333882308138
836,76.0,0.0,1.0,60.0,8006.386576785431,8006.386576785431,10.0,6.0,28.274333882308138
837,76.0,1.0,1.0,50.0,8006.386576785431,7997.219376477964,10.0,6.0,28.274333882308138
838,76.0,2.0,0.0,80.0,8006.386576785431,7997.219376477964,10.0,6.0,28.274333882308138
839,76.0,3.0,2.0,50.0,8006.386576785431,7981.4780938121785,10.0,6.0,28.274333882308138
840,76.0,4.0,1.0,50.0,8006.386576785431,7972.310893504711,10.0,6.0,28.274333882308138
841,76.0,5.0,0.0,50.0,8006.386576785431,7972.310893504711,10.0,6.0,28.274333882308138
842,76.0,6.0,1.5,60.0,8006.386576785431,7954.569786421291,10.0,6.0,28.274333882308138
843,76.0,7.0,2.0,60.0,8006.386576785431,7932.365698833576,10.0,6.0,28.274333882308138
844,76.0,8.0,1.0,40.0,8006.386576785431,7925.956861461252,10.0,6.0,28.274333882308138
845,76.0,9.0,0.0,70.0,8006.386576785431,7925.956861461252,10.0,6.0,28.274333882308138
846,76.0,10.0,1.5,80.0,8006.386576785431,7892.189631468077,10.0,6.0,28.274333882308138
847,77.0,0.0,0.0,60.0,8006.386576785431,8006.386576785431,10.0,6.0,28.274333882308138
848,77.0,1.0,0.5,60.0,8006.386576785431,7998.856036458301,10.0,6.0,28.274333882308138
849,77.0,2.0,2.0,80.0,8006.386576785431,7956.594269543901,10.0,6.0,28.274333882308138
850,77.0,3.0,0.5,80.0,8006.386576785431,7942.261145573486,10.0,6.0,28.274333882308138
851,77.0,4.0,0.0,50.0,8006.386576785431,7942.261145573486,10.0,6.0,28.274333882308138
852,77.0,5.0,0.0,80.0,8006.386576785431,7942.261145573486,10.0,6.0,28.274333882308138
853,77.0,6.0,1.0,70.0,8006.386576785431,7924.271181180848,10.0,6.0,28.274333882308138
854,77.0,7.0,0.0,40.0,8006.386576785431,7924.271181180848,10.0,6.0,28.274333882308138
855,77.0,8.0,1.0,40.0,8006.386576785431,7917.862343808523,10.0,6.0,28.274333882308138
856,77.0,9.0,1.0,50.0,8006.386576785431,7908.695143501056,10.0,6.0,28.274333882308138
857,77.0,10.0,2.0,60.0,8006.386576785431,7886.491055913341,10.0,6.0,28.274333882308138
858,78.0,0.0,2.0,40.0,8006.386576785431,8006.386576785431,10.0,6.0,28.274333882308138
859,78.0,1.0,1.0,70.0,8006.386576785431,7988.396612392793,10.0,6.0,28.274333882308138
860,78.0,2.0,1.5,40.0,8006.386576785431,7979.60374682586,10.0,6.0,28.274333882308138
861,78.0,3.0,2.0,70.0,8006.386576785431,7948.712623565329,10.0,6.0,28.274333882308138
862,78.0,4.0,1.5,60.0,8006.386576785431,7930.971516481908,10.0,6.0,28.274333882308138
863,78.0,5.0,0.5,50.0,8006.386576785431,7925.632843435913,10.0,6.0,28.274333882308138
864,78.0,6.0,0.5,60.0,8006.386576785431,7918.1023031087825,10.0,6.0,28.274333882308138
865,78.0,7.0,0.0,70.0,8006.386576785431,7918.1023031087825,10.0,6.0,28.274333882308138
866,78.0,8.0,0.5,80.0,8006.386576785431,7903.769179138368,10.0,6.0,28.274333882308138
867,78.0,9.0,1.5,40.0,8006.386576785431,7894.976313571435,10.0,6.0,28.274333882308138
868,78.0,10.0,1.5,40.0,8006.386576785431,7886.183448004502,10.0,6.0,28.274333882308138
869,79.0,0.0,1.0,70.0,8006.386576785431,8006.386576785431,10.0,6.0,28.274333882308138
870,79.0,1.0,1.5,80.0,8006.386576785431,7972.619346792257,10.0,6.0,28.274333882308138
871,79.0,2.0,1.0,50.0,8006.386576785431,7963.452146484789,10.0,6.0,28.274333882308138
872,79.0,3.0,0.5,80.0,8006.386576785431,7949.119022514375,10.0,6.0,28.274333882308138
873,79.0,4.0,2.0,50.0,8006.386576785431,7933.377739848589,10.0,6.0,28.274333882308138
874,79.0,5.0,1.5,70.0,8006.386576785431,7908.695675182466,10.0,6.0,28.274333882308138
875,79.0,6.0,0.5,60.0,8006.386576785431,7901.165134855336,10.0,6.0,28.274333882308138
876,79.0,7.0,0.0,50.0,8006.386576785431,7901.165134855336,10.0,6.0,28.274333882308138
877,79.0,8.0,0.5,40.0,8006.386576785431,7897.432840786456,10.0,6.0,28.274333882308138
878,79.0,9.0,2.0,80.0,8006.386576785431,7855.171073872056,10.0,6.0,28.274333882308138
879,79.0,10.0,1.0,40.0,8006.386576785431,7848.762236499731,10.0,6.0,28.274333882308138
880,80.0,0.0,0.0,40.0,8006.386576785431,8006.386576785431,10.0,6.0,28.274333882308138
881,80.0,1.0,1.5,80.0,8006.386576785431,7972.619346792257,10.0,6.0,28.274333882308138
882,80.0,2.0,0.0,60.0,8006.386576785431,7972.619346792257,10.0,6.0,28.274333882308138
883,80.0,3.0,0.0,80.0,8006.386576785431,7972.619346792257,10.0,6.0,28.274333882308138
884,80.0,4.0,0.5,40.0,8006.386576785431,7968.887052723377,10.0,6.0,28.274333882308138
885,80.0,5.0,1.5,40.0,8006.386576785431,7960.094187156444,10.0,6.0,28.274333882308138
886,80.0,6.0,2.0,40.0,8006.386576785431,7949.089374645187,10.0,6.0,28.274333882308138
887,80.0,7.0,0.0,60.0,8006.386576785431,7949.089374645187,10.0,6.0,28.274333882308138
888,80.0,8.0,1.0,40.0,8006.386576785431,7942.680537272862,10.0,6.0,28.274333882308138
889,80.0,9.0,0.5,40.0,8006.386576785431,7938.948243203982,10.0,6.0,28.274333882308138
890,80.0,10.0,1.0,50.0,8006.386576785431,7929.781042896515,10.0,6.0,28.274333882308138
891,81.0,0.0,1.0,60.0,8006.386576785431,8006.386576785431,10.0,6.0,28.274333882308138
892,81.0,1.0,0.0,50.0,8006.386576785431,8006.386576785431,10.0,6.0,28.274333882308138
893,81.0,2.0,1.0,80.0,8006.386576785431,7981.774727111079,10.0,6.0,28.274333882308138
894,81.0,3.0,1.5,40.0,8006.386576785431,7972.981861544146,10.0,6.0,28.274333882308138
895,81.0,4.0,1.5,60.0,8006.386576785431,7955.240754460726,10.0,6.0,28.274333882308138
896,81.0,5.0,1.5,50.0,8006.386576785431,7942.663440472889,10.0,6.0,28.274333882308138
897,81.0,6.0,1.0,40.0,8006.386576785431,7936.254603100565,10.0,6.0,28.274333882308138
898,81.0,7.0,0.5,60.0,8006.386576785431,7928.7240627734345,10.0,6.0,28.274333882308138
899,81.0,8.0,1.5,40.0,8006.386576785431,7919.931197206502,10.0,6.0,28.274333882308138
900,81.0,9.0,0.0,60.0,8006.386576785431,7919.931197206502,10.0,6.0,28.274333882308138
901,81.0,10.0,0.0,40.0,8006.386576785431,7919.931197206502,10.0,6.0,28.274333882308138
902,82.0,0.0,2.0,50.0,8006.386576785431,8006.386576785431,10.0,6.0,28.274333882308138
903,82.0,1.0,2.0,60.0,8006.386576785431,7984.182489197717,10.0,6.0,28.274333882308138
904,82.0,2.0,0.5,70.0,8006.386576785431,7973.7057313239775,10.0,6.0,28.274333882308138
905,82.0,3.0,2.0,40.0,8006.386576785431,7962.70091881272,10.0,6.0,28.274333882308138
906,82.0,4.0,0.5,40.0,8006.386576785431,7958.96862474384,10.0,6.0,28.274333882308138
907,82.0,5.0,2.0,40.0,8006.386576785431,7947.963812232583,10.0,6.0,28.274333882308138
908,82.0,6.0,1.0,80.0,8006.386576785431,7923.351962558231,10.0,6.0,28.274333882308138
909,82.0,7.0,2.0,60.0,8006.386576785431,7901.147874970517,10.0,6.0,28.274333882308138
910,82.0,8.0,1.0,70.0,8006.386576785431,7883.157910577878,10.0,6.0,28.274333882308138
911,82.0,9.0,1.0,60.0,8006.386576785431,7870.226987292729,10.0,6.0,28.274333882308138
912,82.0,10.0,1.0,70.0,8006.386576785431,7852.237022900091,10.0,6.0,28.274333882308138
913,83.0,0.0,2.0,80.0,8006.386576785431,8006.386576785431,10.0,6.0,28.274333882308138
914,83.0,1.0,0.0,80.0,8006.386576785431,8006.386576785431,10.0,6.0,28.274333882308138
915,83.0,2.0,1.0,60.0,8006.386576785431,7993.455653500282,10.0,6.0,28.274333882308138
916,83.0,3.0,0.5,60.0,8006.386576785431,7985.925113173152,10.0,6.0,28.274333882308138
917,83.0,4.0,1.5,40.0,8006.386576785431,7977.132247606219,10.0,6.0,28.274333882308138
918,83.0,5.0,0.0,50.0,8006.386576785431,7977.132247606219,10.0,6.0,28.274333882308138
919,83.0,6.0,1.0,50.0,8006.386576785431,7967.965047298751,10.0,6.0,28.274333882308138
920,83.0,7.0,2.0,70.0,8006.386576785431,7937.07392403822,10.0,6.0,28.274333882308138
921,83.0,8.0,0.0,50.0,8006.386576785431,7937.07392403822,10.0,6.0,28.274333882308138
922,83.0,9.0,0.5,50.0,8006.386576785431,7931.735250992225,10.0,6.0,28.274333882308138
923,83.0,10.0,1.0,70.0,8006.386576785431,7913.7452865995865,10.0,6.0,28.274333882308138
924,84.0,0.0,1.5,50.0,8006.386576785431,8006.386576785431,10.0,6.0,28.274333882308138
925,84.0,1.0,2.0,40.0,8006.386576785431,7995.381764274174,10.0,6.0,28.274333882308138
926,84.0,2.0,1.0,40.0,8006.386576785431,7988.97292690185,10.0,6.0,28.274333882308138
927,84.0,3.0,1.5,50.0,8006.386576785431,7976.395612914013,10.0,6.0,28.274333882308138
928,84.0,4.0,0.0,80.0,8006.386576785431,7976.395612914013,10.0,6.0,28.274333882308138
929,84.0,5.0,1.5,70.0,8006.386576785431,7951.713548247891,10.0,6.0,28.274333882308138
930,84.0,6.0,2.0,80.0,8006.386576785431,7909.4517813334905,10.0,6.0,28.274333882308138
931,84.0,7.0,2.0,70.0,8006.386576785431,7878.560658072959,10.0,6.0,28.274333882308138
932,84.0,8.0,1.0,40.0,8006.386576785431,7872.151820700635,10.0,6.0,28.274333882308138
933,84.0,9.0,1.5,60.0,8006.386576785431,7854.410713617214,10.0,6.0,28.274333882308138
934,84.0,10.0,0.5,80.0,8006.386576785431,7840.077589646799,10.0,6.0,28.274333882308138
935,85.0,0.0,0.0,60.0,8006.386576785431,8006.386576785431,10.0,6.0,28.274333882308138
936,85.0,1.0,1.5,50.0,8006.386576785431,7993.809262797595,10.0,6.0,28.274333882308138
937,85.0,2.0,0.5,70.0,8006.386576785431,7983.332504923856,10.0,6.0,28.274333882308138
938,85.0,3.0,2.0,60.0,8006.386576785431,7961.128417336141,10.0,6.0,28.274333882308138
939,85.0,4.0,2.0,40.0,8006.386576785431,7950.123604824884,10.0,6.0,28.274333882308138
940,85.0,5.0,0.0,80.0,8006.386576785431,7950.123604824884,10.0,6.0,28.274333882308138
941,85.0,6.0,1.0,40.0,8006.386576785431,7943.7147674525595,10.0,6.0,28.274333882308138
942,85.0,7.0,1.0,60.0,8006.386576785431,7930.78384416741,10.0,6.0,28.274333882308138
943,85.0,8.0,2.0,40.0,8006.386576785431,7919.779031656153,10.0,6.0,28.274333882308138
944,85.0,9.0,2.0,60.0,8006.386576785431,7897.5749440684385,10.0,6.0,28.274333882308138
945,85.0,10.0,2.0,60.0,8006.386576785431,7875.370856480724,10.0,6.0,28.274333882308138
946,86.0,0.0,0.5,40.0,8006.386576785431,8006.386576785431,10.0,6.0,28.274333882308138
947,86.0,1.0,0.5,80.0,8006.386576785431,7992.0534528150165,10.0,6.0,28.274333882308138
948,86.0,2.0,0.5,70.0,8006.386576785431,7981.576694941277,10.0,6.0,28.274333882308138
949,86.0,3.0,0.5,80.0,8006.386576785431,7967.2435709708625,10.0,6.0,28.274333882308138
950,86.0,4.0,1.5,40.0,8006.386576785431,7958.4507054039295,10.0,6.0,28.274333882308138
951,86.0,5.0,2.0,50.0,8006.386576785431,7942.709422738144,10.0,6.0,28.274333882308138
952,86.0,6.0,0.0,50.0,8006.386576785431,7942.709422738144,10.0,6.0,28.274333882308138
953,86.0,7.0,0.0,40.0,8006.386576785431,7942.709422738144,10.0,6.0,28.274333882308138
954,86.0,8.0,0.5,70.0,8006.386576785431,7932.232664864405,10.0,6.0,28.274333882308138
955,86.0,9.0,0.5,60.0,8006.386576785431,7924.702124537274,10.0,6.0,28.274333882308138
956,86.0,10.0,1.5,80.0,8006.386576785431,7890.9348945441,10.0,6.0,28.274333882308138
957,87.0,0.0,1.5,80.0,8006.386576785431,8006.386576785431,10.0,6.0,28.274333882308138
958,87.0,1.0,0.0,40.0,8006.386576785431,8006.386576785431,10.0,6.0,28.274333882308138
959,87.0,2.0,1.5,40.0,8006.386576785431,7997.593711218498,10.0,6.0,28.274333882308138
960,87.0,3.0,0.5,60.0,8006.386576785431,7990.063170891368,10.0,6.0,28.274333882308138
961,87.0,4.0,1.0,70.0,8006.386576785431,7972.07320649873,10.0,6.0,28.274333882308138
962,87.0,5.0,0.0,50.0,8006.386576785431,7972.07320649873,10.0,6.0,28.274333882308138
963,87.0,6.0,0.5,70.0,8006.386576785431,7961.59644862499,10.0,6.0,28.274333882308138
964,87.0,7.0,0.0,40.0,8006.386576785431,7961.59644862499,10.0,6.0,28.274333882308138
965,87.0,8.0,2.0,50.0,8006.386576785431,7945.855165959205,10.0,6.0,28.274333882308138
966,87.0,9.0,0.5,60.0,8006.386576785431,7938.3246256320745,10.0,6.0,28.274333882308138
967,87.0,10.0,2.0,60.0,8006.386576785431,7916.12053804436,10.0,6.0,28.274333882308138
968,88.0,0.0,1.0,80.0,8006.386576785431,8006.386576785431,10.0,6.0,28.274333882308138
969,88.0,1.0,2.0,60.0,8006.386576785431,7984.182489197717,10.0,6.0,28.274333882308138
970,88.0,2.0,2.0,60.0,8006.386576785431,7961.978401610002,10.0,6.0,28.274333882308138
971,88.0,3.0,0.5,80.0,8006.386576785431,7947.645277639587,10.0,6.0,28.274333882308138
972,88.0,4.0,1.0,40.0,8006.386576785431,7941.236440267263,10.0,6.0,28.274333882308138
973,88.0,5.0,2.0,50.0,8006.386576785431,7925.495157601477,10.0,6.0,28.274333882308138
974,88.0,6.0,0.5,80.0,8006.386576785431,7911.1620336310625,10.0,6.0,28.274333882308138
975,88.0,7.0,0.0,60.0,8006.386576785431,7911.1620336310625,10.0,6.0,28.274333882308138
976,88.0,8.0,1.0,70.0,8006.386576785431,7893.172069238424,10.0,6.0,28.274333882308138
977,88.0,9.0,1.5,50.0,8006.386576785431,7880.594755250588,10.0,6.0,28.274333882308138
978,88.0,10.0,2.0,60.0,8006.386576785431,7858.390667662873,10.0,6.0,28.274333882308138
979,89.0,0.0,2.0,40.0,8006.386576785431,8006.386576785431,10.0,6.0,28.274333882308138
980,89.0,1.0,1.5,70.0,8006.386576785431,7981.704512119309,10.0,6.0,28.274333882308138
981,89.0,2.0,1.0,50.0,8006.386576785431,7972.537311811841,10.0,6.0,28.274333882308138
982,89.0,3.0,0.5,40.0,8006.386576785431,7968.805017742961,10.0,6.0,28.274333882308138
983,89.0,4.0,2.0,50.0,8006.386576785431,7953.063735077176,10.0,6.0,28.274333882308138
984,89.0,5.0,1.5,50.0,8006.386576785431,7940.486421089339,10.0,6.0,28.274333882308138
985,89.0,6.0,1.5,40.0,8006.386576785431,7931.693555522406,10.0,6.0,28.274333882308138
986,89.0,7.0,2.0,60.0,8006.386576785431,7909.489467934692,10.0,6.0,28.274333882308138
987,89.0,8.0,0.5,60.0,8006.386576785431,7901.958927607561,10.0,6.0,28.274333882308138
988,89.0,9.0,1.0,70.0,8006.386576785431,7883.968963214923,10.0,6.0,28.274333882308138
989,89.0,10.0,1.5,40.0,8006.386576785431,7875.17609764799,10.0,6.0,28.274333882308138
990,90.0,0.0,1.0,40.0,8006.386576785431,8006.386576785431,10.0,6.0,28.274333882308138
991,90.0,1.0,0.0,70.0,8006.386576785431,8006.386576785431,10.0,6.0,28.274333882308138
992,90.0,2.0,1.0,80.0,8006.386576785431,7981.774727111079,10.0,6.0,28.274333882308138
993,90.0,3.0,1.5,60.0,8006.386576785431,7964.033620027659,10.0,6.0,28.274333882308138
994,90.0,4.0,1.0,60.0,8006.386576785431,7951.10269674251,10.0,6.0,28.274333882308138
995,90.0,5.0,1.0,60.0,8006.386576785431,7938.17177345736,10.0,6.0,28.274333882308138
996,90.0,6.0,1.0,50.0,8006.386576785431,7929.004573149893,10.0,6.0,28.274333882308138
997,90.0,7.0,0.5,40.0,8006.386576785431,7925.272279081013,10.0,6.0,28.274333882308138
998,90.0,8.0,1.5,40.0,8006.386576785431,7916.47941351408,10.0,6.0,28.274333882308138
999,90.0,9.0,2.0,40.0,8006.386576785431,7905.474601002823,10.0,6.0,28.274333882308138
1000,90.0,10.0,0.5,60.0,8006.386576785431,7897.9440606756925,10.0,6.0,28.274333882308138
1001,91.0,0.0,1.0,40.0,8006.386576785431,8006.386576785431,10.0,6.0,28.274333882308138
1002,91.0,1.0,2.0,50.0,8006.386576785431,7990.645294119646,10.0,6.0,28.274333882308138
1003,91.0,2.0,0.0,70.0,8006.386576785431,7990.645294119646,10.0,6.0,28.274333882308138
1004,91.0,3.0,0.0,70.0,8006.386576785431,7990.645294119646,10.0,6.0,28.274333882308138
1005,91.0,4.0,0.5,60.0,8006.386576785431,7983.114753792515,10.0,6.0,28.274333882308138
1006,91.0,5.0,0.0,70.0,8006.386576785431,7983.114753792515,10.0,6.0,28.274333882308138
1007,91.0,6.0,1.0,50.0,8006.386576785431,7973.947553485048,10.0,6.0,28.274333882308138
1008,91.0,7.0,0.0,60.0,8006.386576785431,7973.947553485048,10.0,6.0,28.274333882308138
1009,91.0,8.0,0.5,60.0,8006.386576785431,7966.417013157918,10.0,6.0,28.274333882308138
1010,91.0,9.0,0.5,60.0,8006.386576785431,7958.886472830787,10.0,6.0,28.274333882308138
1011,91.0,10.0,0.5,50.0,8006.386576785431,7953.547799784792,10.0,6.0,28.274333882308138
1012,92.0,0.0,0.0,70.0,8006.386576785431,8006.386576785431,10.0,6.0,28.274333882308138
1013,92.0,1.0,1.0,40.0,8006.386576785431,7999.977739413107,10.0,6.0,28.274333882308138
1014,92.0,2.0,0.0,50.0,8006.386576785431,7999.977739413107,10.0,6.0,28.274333882308138
1015,92.0,3.0,1.5,60.0,8006.386576785431,7982.2366323296865,10.0,6.0,28.274333882308138
1016,92.0,4.0,0.5,50.0,8006.386576785431,7976.897959283691,10.0,6.0,28.274333882308138
1017,92.0,5.0,2.0,80.0,8006.386576785431,7934.636192369291,10.0,6.0,28.274333882308138
1018,92.0,6.0,1.5,50.0,8006.386576785431,7922.058878381455,10.0,6.0,28.274333882308138
1019,92.0,7.0,1.0,40.0,8006.386576785431,7915.65004100913,10.0,6.0,28.274333882308138
1020,92.0,8.0,1.5,70.0,8006.386576785431,7890.967976343008,10.0,6.0,28.274333882308138
1021,92.0,9.0,1.0,70.0,8006.386576785431,7872.978011950369,10.0,6.0,28.274333882308138
1022,92.0,10.0,2.0,50.0,8006.386576785431,7857.236729284584,10.0,6.0,28.274333882308138
1023,93.0,0.0,0.5,70.0,8006.386576785431,8006.386576785431,10.0,6.0,28.274333882308138
1024,93.0,1.0,2.0,60.0,8006.386576785431,7984.182489197717,10.0,6.0,28.274333882308138
1025,93.0,2.0,1.0,70.0,8006.386576785431,7966.192524805078,10.0,6.0,28.274333882308138
1026,93.0,3.0,1.0,70.0,8006.386576785431,7948.20256041244,10.0,6.0,28.274333882308138
1027,93.0,4.0,1.5,50.0,8006.386576785431,7935.625246424604,10.0,6.0,28.274333882308138
1028,93.0,5.0,1.0,60.0,8006.386576785431,7922.694323139454,10.0,6.0,28.274333882308138
1029,93.0,6.0,0.5,40.0,8006.386576785431,7918.962029070574,10.0,6.0,28.274333882308138
1030,93.0,7.0,1.5,40.0,8006.386576785431,7910.169163503641,10.0,6.0,28.274333882308138
1031,93.0,8.0,0.0,40.0,8006.386576785431,7910.169163503641,10.0,6.0,28.274333882308138
1032,93.0,9.0,2.0,80.0,8006.386576785431,7867.907396589241,10.0,6.0,28.274333882308138
1033,93.0,10.0,2.0,40.0,8006.386576785431,7856.902584077984,10.0,6.0,28.274333882308138
1034,94.0,0.0,1.5,70.0,8006.386576785431,8006.386576785431,10.0,6.0,28.274333882308138
1035,94.0,1.0,1.5,60.0,8006.386576785431,7988.645469702011,10.0,6.0,28.274333882308138
1036,94.0,2.0,2.0,60.0,8006.386576785431,7966.441382114296,10.0,6.0,28.274333882308138
1037,94.0,3.0,1.5,40.0,8006.386576785431,7957.648516547363,10.0,6.0,28.274333882308138
1038,94.0,4.0,1.5,60.0,8006.386576785431,7939.907409463943,10.0,6.0,28.274333882308138
1039,94.0,5.0,2.0,60.0,8006.386576785431,7917.703321876228,10.0,6.0,28.274333882308138
1040,94.0,6.0,1.0,60.0,8006.386576785431,7904.772398591079,10.0,6.0,28.274333882308138
1041,94.0,7.0,1.5,80.0,8006.386576785431,7871.005168597904,10.0,6.0,28.274333882308138
1042,94.0,8.0,2.0,80.0,8006.386576785431,7828.743401683504,10.0,6.0,28.274333882308138
1043,94.0,9.0,1.5,70.0,8006.386576785431,7804.061337017381,10.0,6.0,28.274333882308138
1044,94.0,10.0,1.5,80.0,8006.386576785431,7770.294107024207,10.0,6.0,28.274333882308138
1045,95.0,0.0,0.0,70.0,8006.386576785431,8006.386576785431,10.0,6.0,28.274333882308138
1046,95.0,1.0,2.0,70.0,8006.386576785431,7975.4954535249,10.0,6.0,28.274333882308138
1047,95.0,2.0,1.0,40.0,8006.386576785431,7969.0866161525755,10.0,6.0,28.274333882308138
1048,95.0,3.0,1.5,40.0,8006.386576785431,7960.293750585643,10.0,6.0,28.274333882308138
1049,95.0,4.0,1.5,80.0,8006.386576785431,7926.526520592468,10.0,6.0,28.274333882308138
1050,95.0,5.0,1.0,40.0,8006.386576785431,7920.117683220144,10.0,6.0,28.274333882308138
1051,95.0,6.0,2.0,70.0,8006.386576785431,7889.226559959612,10.0,6.0,28.274333882308138
1052,95.0,7.0,1.5,80.0,8006.386576785431,7855.4593299664375,10.0,6.0,28.274333882308138
1053,95.0,8.0,1.5,70.0,8006.386576785431,7830.777265300315,10.0,6.0,28.274333882308138
1054,95.0,9.0,0.5,70.0,8006.386576785431,7820.300507426576,10.0,6.0,28.274333882308138
1055,95.0,10.0,2.0,60.0,8006.386576785431,7798.096419838861,10.0,6.0,28.274333882308138
1056,96.0,0.0,2.0,40.0,8006.386576785431,8006.386576785431,10.0,6.0,28.274333882308138
1057,96.0,1.0,1.0,70.0,8006.386576785431,7988.396612392793,10.0,6.0,28.274333882308138
1058,96.0,2.0,2.0,70.0,8006.386576785431,7957.505489132262,10.0,6.0,28.274333882308138
1059,96.0,3.0,0.5,40.0,8006.386576785431,7953.7731950633815,10.0,6.0,28.274333882308138
1060,96.0,4.0,0.0,40.0,8006.386576785431,7953.7731950633815,10.0,6.0,28.274333882308138
1061,96.0,5.0,1.5,70.0,8006.386576785431,7929.091130397259,10.0,6.0,28.274333882308138
1062,96.0,6.0,0.5,50.0,8006.386576785431,7923.752457351264,10.0,6.0,28.274333882308138
1063,96.0,7.0,0.0,50.0,8006.386576785431,7923.752457351264,10.0,6.0,28.274333882308138
1064,96.0,8.0,0.5,70.0,8006.386576785431,7913.2756994775245,10.0,6.0,28.274333882308138
1065,96.0,9.0,1.0,40.0,8006.386576785431,7906.8668621052,10.0,6.0,28.274333882308138
1066,96.0,10.0,2.0,40.0,8006.386576785431,7895.862049593943,10.0,6.0,28.274333882308138
1067,97.0,0.0,0.0,80.0,8006.386576785431,8006.386576785431,10.0,6.0,28.274333882308138
1068,97.0,1.0,0.5,40.0,8006.386576785431,8002.654282716551,10.0,6.0,28.274333882308138
1069,97.0,2.0,1.5,40.0,8006.386576785431,7993.861417149618,10.0,6.0,28.274333882308138
1070,97.0,3.0,1.5,70.0,8006.386576785431,7969.179352483496,10.0,6.0,28.274333882308138
1071,97.0,4.0,2.0,40.0,8006.386576785431,7958.174539972239,10.0,6.0,28.274333882308138
1072,97.0,5.0,1.0,60.0,8006.386576785431,7945.243616687089,10.0,6.0,28.274333882308138
1073,97.0,6.0,0.5,50.0,8006.386576785431,7939.904943641094,10.0,6.0,28.274333882308138
1074,97.0,7.0,1.0,50.0,8006.386576785431,7930.737743333627,10.0,6.0,28.274333882308138
1075,97.0,8.0,1.0,50.0,8006.386576785431,7921.57054302616,10.0,6.0,28.274333882308138
1076,97.0,9.0,1.0,50.0,8006.386576785431,7912.403342718692,10.0,6.0,28.274333882308138
1077,97.0,10.0,0.0,70.0,8006.386576785431,7912.403342718692,10.0,6.0,28.274333882308138
1078,98.0,0.0,0.0,70.0,8006.386576785431,8006.386576785431,10.0,6.0,28.274333882308138
1079,98.0,1.0,2.0,40.0,8006.386576785431,7995.381764274174,10.0,6.0,28.274333882308138
1080,98.0,2.0,1.0,50.0,8006.386576785431,7986.214563966707,10.0,6.0,28.274333882308138
1081,98.0,3.0,2.0,80.0,8006.386576785431,7943.952797052307,10.0,6.0,28.274333882308138
1082,98.0,4.0,1.0,70.0,8006.386576785431,7925.9628326596685,10.0,6.0,28.274333882308138
1083,98.0,5.0,0.5,50.0,8006.386576785431,7920.624159613673,10.0,6.0,28.274333882308138
1084,98.0,6.0,0.5,40.0,8006.386576785431,7916.891865544793,10.0,6.0,28.274333882308138
1085,98.0,7.0,2.0,50.0,8006.386576785431,7901.150582879008,10.0,6.0,28.274333882308138
1086,98.0,8.0,1.5,60.0,8006.386576785431,7883.409475795587,10.0,6.0,28.274333882308138
1087,98.0,9.0,0.5,60.0,8006.386576785431,7875.878935468457,10.0,6.0,28.274333882308138
1088,98.0,10.0,2.0,40.0,8006.386576785431,7864.8741229572,10.0,6.0,28.274333882308138
1089,99.0,0.0,0.0,70.0,8006.386576785431,8006.386576785431,10.0,6.0,28.274333882308138
1090,99.0,1.0,2.0,50.0,8006.386576785431,7990.645294119646,10.0,6.0,28.274333882308138
1091,99.0,2.0,2.0,80.0,8006.386576785431,7948.383527205246,10.0,6.0,28.274333882308138
1092,99.0,3.0,0.5,80.0,8006.386576785431,7934.050403234831,10.0,6.0,28.274333882308138
1093,99.0,4.0,1.0,40.0,8006.386576785431,7927.6415658625065,10.0,6.0,28.274333882308138
1094,99.0,5.0,1.0,50.0,8006.386576785431,7918.474365555039,10.0,6.0,28.274333882308138
1095,99.0,6.0,1.0,60.0,8006.386576785431,7905.54344226989,10.0,6.0,28.274333882308138
1096,99.0,7.0,2.0,50.0,8006.386576785431,7889.802159604104,10.0,6.0,28.274333882308138
1097,99.0,8.0,0.5,40.0,8006.386576785431,7886.069865535224,10.0,6.0,28.274333882308138
1098,99.0,9.0,0.0,50.0,8006.386576785431,7886.069865535224,10.0,6.0,28.274333882308138
1099,99.0,10.0,0.0,60.0,8006.386576785431,7886.069865535224,10.0,6.0,28.274333882308138
