,cum_infections_1,cum_infections_2,cum_infections_3,cum_infections_4,cum_infections_5,cum_infections_6,cum_symptomatic_1,cum_symptomatic_2,cum_symptomatic_3,cum_symptomatic_4,cum_symptomatic_5,cum_symptomatic_6,cum_severe_1,cum_severe_2,cum_severe_3,cum_severe_4,cum_severe_5,cum_severe_6,cum_critical_1,cum_critical_2,cum_critical_3,cum_critical_4,cum_critical_5,cum_critical_6,cum_deaths_1,cum_deaths_2,cum_deaths_3,cum_deaths_4,cum_deaths_5,cum_deaths_6,cum_vaccinated_1,cum_vaccinated_2,cum_vaccinated_3,cum_vaccinated_4,cum_vaccinated_5,cum_vaccinated_6,quar_period,pop_size,pop_infected,location,n_days,pop_type,use_waning,interventions
0,91.0,127.0,154.0,162.0,164.0,164.0,0.0,56.0,77.0,90.0,94.0,96.0,0.0,0.0,1.0,2.0,3.0,3.0,0.0,0.0,0.0,0.0,0.0,0.0,0.0,0.0,0.0,0.0,0.0,0.0,46259.0,46259.0,46259.0,46259.0,46259.0,46259.0,14,46259.1857748754,91.91287328375219,France,35,hybrid,True,moderna
0,79.0,107.0,126.0,132.0,135.0,135.0,0.0,45.0,66.0,75.0,77.0,78.0,0.0,0.0,1.0,3.0,4.0,4.0,0.0,0.0,0.0,1.0,2.0,2.0,0.0,0.0,0.0,0.0,0.0,0.0,45573.0,45573.0,45573.0,45573.0,45573.0,45573.0,14,45573.35550712796,79.50574963183742,France,35,hybrid,True,moderna
0,101.0,226.0,551.0,1321.0,2953.0,6209.0,0.0,60.0,176.0,432.0,1022.0,2333.0,0.0,2.0,10.0,19.0,45.0,107.0,0.0,1.0,1.0,4.0,11.0,31.0,0.0,0.0,0.0,0.0,1.0,3.0,0.0,0.0,0.0,0.0,0.0,0.0,14,48220.83763009875,101.62840907633519,New Zealand,35,hybrid,True,none
0,85.0,112.0,133.0,140.0,142.0,142.0,0.0,56.0,83.0,92.0,96.0,96.0,0.0,0.0,3.0,5.0,5.0,5.0,0.0,0.0,2.0,2.0,2.0,2.0,0.0,0.0,0.0,0.0,0.0,1.0,63463.0,63463.0,63463.0,63463.0,63463.0,63463.0,14,63463.77758456382,85.20520308024555,France,35,hybrid,True,pfizer
0,88.0,116.0,146.0,159.0,164.0,165.0,0.0,51.0,87.0,100.0,105.0,106.0,0.0,0.0,6.0,10.0,12.0,12.0,0.0,0.0,0.0,2.0,4.0,4.0,0.0,0.0,0.0,0.0,0.0,1.0,46477.0,46477.0,46477.0,46477.0,46477.0,46477.0,14,46477.06975928148,88.76998691117723,France,35,hybrid,True,moderna
0,104.0,248.0,594.0,1550.0,3642.0,7821.0,0.0,60.0,189.0,503.0,1286.0,2925.0,0.0,2.0,4.0,15.0,39.0,127.0,0.0,0.0,0.0,2.0,5.0,28.0,0.0,0.0,0.0,0.0,1.0,3.0,0.0,0.0,0.0,0.0,0.0,0.0,14,60453.803864032394,104.8747385702522,New Zealand,35,hybrid,True,none
0,99.0,202.0,340.0,507.0,610.0,682.0,0.0,64.0,142.0,233.0,327.0,390.0,0.0,1.0,4.0,9.0,12.0,21.0,0.0,0.0,1.0,2.0,2.0,3.0,0.0,0.0,0.0,0.0,0.0,0.0,45058.0,45058.0,45058.0,45058.0,45058.0,45058.0,14,45058.255053297624,99.77638614901647,New Zealand,35,hybrid,True,az
0,116.0,245.0,576.0,1203.0,2539.0,5147.0,0.0,68.0,207.0,468.0,998.0,2074.0,0.0,1.0,9.0,22.0,41.0,83.0,0.0,0.0,2.0,8.0,13.0,23.0,0.0,0.0,0.0,0.0,1.0,2.0,0.0,0.0,0.0,0.0,0.0,0.0,14,48056.66300559241,116.09976288008066,New Zealand,35,hybrid,True,none
0,90.0,128.0,161.0,181.0,189.0,191.0,0.0,61.0,88.0,102.0,111.0,113.0,0.0,1.0,7.0,12.0,13.0,14.0,0.0,0.0,0.0,1.0,2.0,3.0,0.0,0.0,0.0,0.0,0.0,0.0,47827.0,47827.0,47827.0,47827.0,47827.0,47827.0,14,47827.519557490516,90.72880434994164,UK,35,hybrid,True,pfizer
0,108.0,149.0,193.0,212.0,220.0,221.0,0.0,69.0,116.0,130.0,137.0,140.0,0.0,1.0,7.0,9.0,12.0,14.0,0.0,0.0,2.0,2.0,3.0,4.0,0.0,0.0,0.0,1.0,1.0,1.0,50224.0,50224.0,50224.0,50224.0,50224.0,50224.0,14,50224.51481391723,108.10792933084683,France,35,hybrid,True,pfizer
0,93.0,145.0,187.0,209.0,218.0,224.0,0.0,52.0,96.0,110.0,118.0,120.0,0.0,1.0,5.0,11.0,13.0,13.0,0.0,0.0,4.0,5.0,5.0,5.0,0.0,0.0,0.0,0.0,0.0,1.0,53870.0,53870.0,53870.0,53870.0,53870.0,53870.0,14,53870.32030244635,93.77427788692366,France,35,hybrid,True,pfizer
0,98.0,232.0,717.0,1752.0,3868.0,8249.0,0.0,64.0,223.0,614.0,1445.0,3150.0,0.0,0.0,5.0,21.0,57.0,139.0,0.0,0.0,3.0,6.0,14.0,34.0,0.0,0.0,0.0,0.0,3.0,5.0,0.0,0.0,0.0,0.0,0.0,0.0,14,51068.506082297914,98.89217987456321,New Zealand,35,hybrid,True,none
0,105.0,187.0,328.0,515.0,653.0,758.0,0.0,72.0,157.0,258.0,372.0,438.0,0.0,0.0,8.0,14.0,28.0,32.0,0.0,0.0,3.0,5.0,8.0,10.0,0.0,0.0,0.0,0.0,3.0,4.0,45318.0,45318.0,45318.0,45318.0,45318.0,45318.0,14,45318.13562402819,105.54396633032302,Japan,35,hybrid,True,az
0,119.0,264.0,552.0,1120.0,2275.0,4571.0,0.0,65.0,191.0,428.0,911.0,1762.0,0.0,0.0,7.0,17.0,47.0,94.0,0.0,0.0,4.0,6.0,17.0,28.0,0.0,0.0,0.0,0.0,2.0,4.0,0.0,0.0,0.0,0.0,0.0,0.0,14,47847.197454364905,119.87959360739075,France,35,hybrid,True,none
0,88.0,113.0,147.0,151.0,151.0,151.0,0.0,49.0,78.0,91.0,92.0,92.0,0.0,0.0,3.0,6.0,7.0,7.0,0.0,0.0,0.0,0.0,0.0,0.0,0.0,0.0,0.0,0.0,0.0,0.0,58158.0,58158.0,58158.0,58158.0,58158.0,58158.0,14,58158.95363830641,88.65838908457273,France,35,hybrid,True,moderna
0,102.0,224.0,415.0,627.0,799.0,926.0,0.0,68.0,183.0,303.0,437.0,532.0,0.0,2.0,12.0,27.0,40.0,50.0,0.0,1.0,2.0,7.0,12.0,16.0,0.0,0.0,0.0,1.0,1.0,2.0,48580.0,48580.0,48580.0,48580.0,48580.0,48580.0,14,48580.64598980197,102.41986606234248,Japan,35,hybrid,True,az
0,98.0,182.0,329.0,520.0,648.0,755.0,0.0,61.0,149.0,250.0,350.0,428.0,0.0,0.0,4.0,9.0,17.0,23.0,0.0,0.0,0.0,2.0,5.0,7.0,0.0,0.0,0.0,0.0,0.0,1.0,44744.0,44744.0,44744.0,44744.0,44744.0,44744.0,14,44744.41680138538,98.31890904441252,Japan,35,hybrid,True,az
0,98.0,207.0,409.0,619.0,786.0,883.0,0.0,70.0,158.0,303.0,416.0,508.0,0.0,2.0,9.0,16.0,27.0,40.0,0.0,0.0,3.0,6.0,10.0,14.0,0.0,0.0,0.0,1.0,4.0,5.0,42465.0,42465.0,42465.0,42465.0,42465.0,42465.0,14,42465.50989475074,98.34087215115055,Japan,35,hybrid,True,az
0,99.0,285.0,765.0,1957.0,4450.0,9028.0,0.0,62.0,238.0,662.0,1658.0,3662.0,0.0,3.0,7.0,18.0,62.0,160.0,0.0,0.0,1.0,4.0,13.0,37.0,0.0,0.0,0.0,0.0,3.0,4.0,0.0,0.0,0.0,0.0,0.0,0.0,14,41297.218677672085,99.94523628203576,New Zealand,35,hybrid,True,none
0,118.0,159.0,187.0,200.0,207.0,208.0,0.0,77.0,109.0,117.0,123.0,128.0,0.0,1.0,9.0,12.0,12.0,12.0,0.0,0.0,1.0,3.0,3.0,3.0,0.0,0.0,0.0,1.0,1.0,2.0,51085.0,51085.0,51085.0,51085.0,51085.0,51085.0,14,51085.35721951227,118.20966618919651,France,35,hybrid,True,moderna
0,93.0,159.0,268.0,432.0,592.0,683.0,0.0,51.0,121.0,199.0,321.0,405.0,0.0,0.0,7.0,16.0,26.0,37.0,0.0,0.0,3.0,7.0,8.0,12.0,0.0,0.0,0.0,1.0,2.0,5.0,44677.0,44677.0,44677.0,44677.0,44677.0,44677.0,14,44677.250728461855,93.00685301868334,Japan,35,hybrid,True,az
0,100.0,195.0,338.0,485.0,624.0,722.0,0.0,69.0,155.0,248.0,339.0,426.0,0.0,0.0,7.0,14.0,28.0,35.0,0.0,0.0,2.0,4.0,7.0,9.0,0.0,0.0,0.0,1.0,2.0,4.0,44985.0,44985.0,44985.0,44985.0,44985.0,44985.0,14,44985.67438314207,100.97432354635588,Japan,35,hybrid,True,az
0,98.0,133.0,173.0,188.0,192.0,192.0,0.0,61.0,98.0,119.0,126.0,129.0,0.0,1.0,5.0,6.0,7.0,7.0,0.0,0.0,1.0,1.0,1.0,1.0,0.0,0.0,0.0,0.0,0.0,0.0,57498.0,57498.0,57498.0,57498.0,57498.0,57498.0,14,57498.57461024057,98.34904697093187,UK,35,hybrid,True,pfizer
0,95.0,178.0,308.0,447.0,576.0,645.0,0.0,63.0,146.0,237.0,327.0,392.0,0.0,0.0,9.0,13.0,18.0,24.0,0.0,0.0,3.0,6.0,8.0,10.0,0.0,0.0,0.0,1.0,1.0,4.0,51859.0,51859.0,51859.0,51859.0,51859.0,51859.0,14,51859.679577870585,95.0738202713513,Japan,35,hybrid,True,az
0,110.0,155.0,190.0,205.0,212.0,212.0,0.0,64.0,106.0,119.0,129.0,131.0,0.0,2.0,4.0,6.0,6.0,7.0,0.0,0.0,3.0,4.0,4.0,5.0,0.0,0.0,1.0,2.0,4.0,4.0,48701.0,48701.0,48701.0,48701.0,48701.0,48701.0,14,48701.113823788466,110.18033334307309,New Zealand,35,hybrid,True,moderna
0,87.0,164.0,282.0,382.0,470.0,536.0,0.0,49.0,125.0,193.0,245.0,300.0,0.0,0.0,6.0,10.0,15.0,18.0,0.0,0.0,3.0,3.0,5.0,7.0,0.0,0.0,0.0,0.0,0.0,0.0,52113.0,52113.0,52113.0,52113.0,52113.0,52113.0,14,52113.961933780105,87.83725553901185,New Zealand,35,hybrid,True,az
0,106.0,216.0,375.0,547.0,706.0,801.0,0.0,75.0,181.0,294.0,392.0,495.0,0.0,2.0,10.0,22.0,32.0,41.0,0.0,0.0,2.0,8.0,10.0,15.0,0.0,0.0,0.0,0.0,4.0,5.0,64819.0,64819.0,64819.0,64819.0,64819.0,64819.0,14,64819.66988075984,106.12297318583879,Japan,35,hybrid,True,az
0,115.0,236.0,432.0,626.0,811.0,947.0,0.0,74.0,188.0,316.0,451.0,559.0,0.0,1.0,10.0,19.0,32.0,43.0,0.0,0.0,1.0,2.0,9.0,14.0,0.0,0.0,0.0,0.0,0.0,2.0,43517.0,43517.0,43517.0,43517.0,43517.0,43517.0,14,43517.548326892815,115.1311316736113,Japan,35,hybrid,True,az
0,103.0,242.0,606.0,1391.0,2942.0,6309.0,0.0,57.0,193.0,502.0,1149.0,2408.0,0.0,0.0,8.0,16.0,44.0,102.0,0.0,0.0,1.0,2.0,13.0,30.0,0.0,0.0,0.0,0.0,0.0,3.0,0.0,0.0,0.0,0.0,0.0,0.0,14,55805.85675171875,103.41892840191444,New Zealand,35,hybrid,True,none
0,94.0,136.0,164.0,178.0,183.0,183.0,0.0,53.0,97.0,113.0,117.0,117.0,0.0,0.0,3.0,6.0,6.0,6.0,0.0,0.0,0.0,1.0,1.0,1.0,0.0,0.0,0.0,0.0,0.0,0.0,54015.0,54015.0,54015.0,54015.0,54015.0,54015.0,14,54015.5708806731,94.43544087644695,UK,35,hybrid,True,pfizer
0,104.0,230.0,456.0,742.0,968.0,1112.0,0.0,76.0,180.0,341.0,539.0,668.0,0.0,0.0,7.0,27.0,40.0,51.0,0.0,0.0,5.0,10.0,16.0,18.0,0.0,0.0,0.0,3.0,6.0,9.0,48259.0,48259.0,48259.0,48259.0,48259.0,48259.0,14,48259.74224278878,104.20766107952528,Japan,35,hybrid,True,az
0,98.0,141.0,168.0,186.0,196.0,200.0,0.0,59.0,98.0,113.0,121.0,125.0,0.0,0.0,7.0,9.0,10.0,12.0,0.0,0.0,0.0,1.0,1.0,2.0,0.0,0.0,0.0,0.0,0.0,1.0,58010.0,58010.0,58010.0,58010.0,58010.0,58010.0,14,58010.87387610289,98.95700465643819,France,35,hybrid,True,moderna
0,84.0,161.0,296.0,461.0,599.0,692.0,0.0,50.0,123.0,218.0,323.0,399.0,0.0,0.0,7.0,16.0,26.0,30.0,0.0,0.0,2.0,3.0,7.0,7.0,0.0,0.0,0.0,0.0,0.0,2.0,56126.0,56126.0,56126.0,56126.0,56126.0,56126.0,14,56126.64489420626,84.11755546642834,UK,35,hybrid,True,az
0,114.0,170.0,214.0,239.0,243.0,244.0,0.0,71.0,121.0,141.0,153.0,155.0,0.0,2.0,6.0,9.0,11.0,12.0,0.0,0.0,2.0,4.0,6.0,7.0,0.0,0.0,0.0,0.0,1.0,1.0,42574.0,42574.0,42574.0,42574.0,42574.0,42574.0,14,42574.094743923124,114.30034280428166,UK,35,hybrid,True,pfizer
0,92.0,126.0,175.0,196.0,210.0,211.0,0.0,50.0,87.0,107.0,119.0,121.0,0.0,1.0,3.0,6.0,6.0,6.0,0.0,0.0,1.0,2.0,2.0,2.0,0.0,0.0,0.0,0.0,0.0,0.0,57606.0,57606.0,57606.0,57606.0,57606.0,57606.0,14,57606.84317259916,92.71596788837259,France,35,hybrid,True,moderna
0,94.0,123.0,152.0,167.0,169.0,171.0,0.0,61.0,89.0,106.0,116.0,117.0,0.0,0.0,3.0,4.0,7.0,7.0,0.0,0.0,1.0,1.0,3.0,3.0,0.0,0.0,0.0,0.0,0.0,1.0,49672.0,49672.0,49672.0,49672.0,49672.0,49672.0,14,49672.564991431325,94.44204218401549,UK,35,hybrid,True,pfizer
0,86.0,125.0,162.0,174.0,179.0,180.0,0.0,49.0,82.0,106.0,111.0,113.0,0.0,1.0,8.0,9.0,10.0,10.0,0.0,0.0,2.0,2.0,3.0,3.0,0.0,0.0,0.0,0.0,0.0,1.0,50650.0,50650.0,50650.0,50650.0,50650.0,50650.0,14,50650.06704044458,86.03533996514963,France,35,hybrid,True,moderna
0,94.0,182.0,345.0,570.0,692.0,788.0,0.0,75.0,156.0,266.0,398.0,481.0,0.0,1.0,8.0,17.0,31.0,37.0,0.0,0.0,2.0,4.0,11.0,14.0,0.0,0.0,0.0,0.0,1.0,3.0,55091.0,55091.0,55091.0,55091.0,55091.0,55091.0,14,55091.92435430212,94.00191475511183,Japan,35,hybrid,True,az
0,84.0,125.0,163.0,169.0,174.0,178.0,0.0,52.0,86.0,100.0,103.0,106.0,0.0,1.0,2.0,3.0,3.0,3.0,0.0,0.0,0.0,1.0,1.0,1.0,0.0,0.0,0.0,0.0,0.0,0.0,49730.0,49730.0,49730.0,49730.0,49730.0,49730.0,14,49730.3836510331,84.38629186174563,France,35,hybrid,True,moderna
0,94.0,177.0,300.0,449.0,595.0,673.0,0.0,59.0,142.0,237.0,333.0,405.0,0.0,0.0,8.0,20.0,39.0,48.0,0.0,0.0,3.0,5.0,13.0,14.0,0.0,0.0,0.0,1.0,4.0,6.0,49036.0,49036.0,49036.0,49036.0,49036.0,49036.0,14,49036.09759781205,94.21736826788808,Japan,35,hybrid,True,az
0,107.0,253.0,698.0,1628.0,3639.0,7535.0,0.0,73.0,229.0,597.0,1419.0,3108.0,0.0,0.0,12.0,38.0,72.0,187.0,0.0,0.0,2.0,15.0,24.0,61.0,0.0,0.0,0.0,1.0,4.0,9.0,0.0,0.0,0.0,0.0,0.0,0.0,14,52096.94097762591,107.60544312627886,Japan,35,hybrid,True,none
0,93.0,137.0,168.0,182.0,192.0,195.0,0.0,57.0,90.0,99.0,106.0,111.0,0.0,2.0,8.0,10.0,11.0,11.0,0.0,0.0,1.0,1.0,1.0,1.0,0.0,0.0,0.0,0.0,1.0,1.0,53834.0,53834.0,53834.0,53834.0,53834.0,53834.0,14,53834.2781863938,93.33890328852792,France,35,hybrid,True,moderna
0,92.0,126.0,154.0,168.0,175.0,182.0,0.0,49.0,83.0,97.0,105.0,108.0,0.0,1.0,8.0,16.0,19.0,20.0,0.0,0.0,1.0,2.0,4.0,4.0,0.0,0.0,0.0,0.0,0.0,1.0,47210.0,47210.0,47210.0,47210.0,47210.0,47210.0,14,47210.84757540047,92.03738785298142,France,35,hybrid,True,moderna
0,107.0,249.0,631.0,1525.0,3343.0,7060.0,0.0,68.0,207.0,556.0,1257.0,2720.0,0.0,0.0,10.0,24.0,58.0,129.0,0.0,0.0,2.0,5.0,12.0,30.0,0.0,0.0,0.0,0.0,1.0,3.0,0.0,0.0,0.0,0.0,0.0,0.0,14,55296.788865719114,107.43472961654653,New Zealand,35,hybrid,True,none
0,109.0,135.0,171.0,186.0,193.0,195.0,0.0,62.0,93.0,111.0,112.0,114.0,0.0,1.0,6.0,8.0,10.0,10.0,0.0,1.0,2.0,3.0,4.0,5.0,0.0,0.0,0.0,0.0,0.0,0.0,50277.0,50277.0,50277.0,50277.0,50277.0,50277.0,14,50277.07272177149,109.63373719720047,France,35,hybrid,True,moderna
0,100.0,195.0,381.0,615.0,771.0,873.0,0.0,66.0,165.0,314.0,450.0,537.0,0.0,1.0,10.0,24.0,37.0,45.0,0.0,1.0,4.0,11.0,15.0,17.0,0.0,0.0,0.0,2.0,3.0,4.0,45289.0,45289.0,45289.0,45289.0,45289.0,45289.0,14,45289.21959122474,100.51411177343705,Japan,35,hybrid,True,az
0,93.0,129.0,165.0,177.0,185.0,187.0,0.0,55.0,91.0,105.0,111.0,114.0,0.0,0.0,7.0,11.0,12.0,12.0,0.0,0.0,2.0,5.0,5.0,5.0,0.0,0.0,0.0,1.0,2.0,2.0,45647.0,45647.0,45647.0,45647.0,45647.0,45647.0,14,45647.78573475446,93.32120840302932,France,35,hybrid,True,moderna
0,83.0,136.0,186.0,213.0,222.0,224.0,0.0,54.0,91.0,119.0,138.0,143.0,0.0,1.0,6.0,7.0,8.0,9.0,0.0,0.0,2.0,3.0,3.0,3.0,0.0,0.0,0.0,2.0,2.0,3.0,46539.0,46539.0,46539.0,46539.0,46539.0,46539.0,14,46539.39412047634,83.71526920713453,UK,35,hybrid,True,pfizer
0,97.0,137.0,173.0,189.0,193.0,195.0,0.0,69.0,104.0,120.0,129.0,131.0,0.0,1.0,7.0,10.0,10.0,10.0,0.0,0.0,0.0,2.0,2.0,2.0,0.0,0.0,0.0,0.0,0.0,1.0,51482.0,51482.0,51482.0,51482.0,51482.0,51482.0,14,51482.691940729506,97.99484816983772,UK,35,hybrid,True,pfizer
0,107.0,153.0,191.0,214.0,219.0,221.0,0.0,63.0,103.0,121.0,131.0,131.0,0.0,0.0,3.0,7.0,10.0,11.0,0.0,0.0,1.0,2.0,2.0,3.0,0.0,0.0,0.0,0.0,1.0,1.0,50188.0,50188.0,50188.0,50188.0,50188.0,50188.0,14,50188.503759357656,107.75022835957193,UK,35,hybrid,True,pfizer
0,99.0,144.0,186.0,206.0,213.0,215.0,0.0,49.0,97.0,119.0,128.0,132.0,0.0,1.0,5.0,8.0,14.0,17.0,0.0,0.0,0.0,3.0,4.0,5.0,0.0,0.0,0.0,0.0,1.0,1.0,45609.0,45609.0,45609.0,45609.0,45609.0,45609.0,14,45609.273533790605,99.16048231767422,UK,35,hybrid,True,pfizer
0,97.0,126.0,151.0,161.0,163.0,163.0,0.0,55.0,74.0,85.0,89.0,91.0,0.0,1.0,4.0,5.0,5.0,5.0,0.0,0.0,2.0,2.0,2.0,2.0,0.0,0.0,0.0,0.0,0.0,0.0,50038.0,50038.0,50038.0,50038.0,50038.0,50038.0,14,50038.968424739025,97.92442491167625,France,35,hybrid,True,moderna
0,100.0,126.0,159.0,173.0,182.0,190.0,0.0,67.0,92.0,113.0,116.0,122.0,0.0,1.0,11.0,13.0,14.0,14.0,0.0,0.0,4.0,4.0,6.0,6.0,0.0,0.0,0.0,0.0,0.0,0.0,46269.0,46269.0,46269.0,46269.0,46269.0,46269.0,14,46269.12480914977,100.55214767913168,Japan,35,hybrid,True,moderna
0,87.0,217.0,533.0,1243.0,2706.0,5617.0,0.0,64.0,191.0,449.0,993.0,2172.0,0.0,0.0,2.0,18.0,49.0,116.0,0.0,0.0,0.0,7.0,14.0,26.0,0.0,0.0,0.0,0.0,1.0,6.0,0.0,0.0,0.0,0.0,0.0,0.0,14,48901.178079311765,87.74467761943603,New Zealand,35,hybrid,True,none
0,124.0,165.0,209.0,234.0,240.0,242.0,0.0,78.0,120.0,141.0,152.0,152.0,0.0,4.0,14.0,20.0,20.0,20.0,0.0,0.0,3.0,9.0,10.0,10.0,0.0,0.0,0.0,1.0,5.0,7.0,49368.0,49368.0,49368.0,49368.0,49368.0,49368.0,14,49368.20174379957,124.58033051100276,France,35,hybrid,True,moderna
0,108.0,234.0,455.0,692.0,870.0,986.0,0.0,65.0,174.0,310.0,443.0,543.0,0.0,0.0,2.0,11.0,21.0,36.0,0.0,0.0,0.0,2.0,7.0,12.0,0.0,0.0,0.0,0.0,0.0,1.0,51125.0,51125.0,51125.0,51125.0,51125.0,51125.0,14,51125.71154897356,108.92946511282057,UK,35,hybrid,True,az
0,82.0,114.0,145.0,152.0,156.0,156.0,0.0,47.0,73.0,86.0,88.0,89.0,0.0,1.0,5.0,5.0,6.0,6.0,0.0,0.0,2.0,2.0,2.0,3.0,0.0,0.0,0.0,0.0,1.0,1.0,52402.0,52402.0,52402.0,52402.0,52402.0,52402.0,14,52402.00887710999,82.51408200088794,UK,35,hybrid,True,pfizer
0,97.0,201.0,352.0,527.0,648.0,742.0,0.0,69.0,153.0,260.0,363.0,426.0,0.0,1.0,8.0,16.0,23.0,32.0,0.0,1.0,2.0,8.0,11.0,15.0,0.0,0.0,0.0,1.0,4.0,6.0,48829.0,48829.0,48829.0,48829.0,48829.0,48829.0,14,48829.05891723661,97.04722053561306,Japan,35,hybrid,True,az
0,100.0,220.0,424.0,630.0,796.0,880.0,0.0,67.0,176.0,315.0,457.0,528.0,0.0,1.0,8.0,18.0,27.0,36.0,0.0,0.0,2.0,8.0,11.0,14.0,0.0,0.0,0.0,0.0,1.0,3.0,55760.0,55760.0,55760.0,55760.0,55760.0,55760.0,14,55760.68218295327,100.14249943443045,Japan,35,hybrid,True,az
0,96.0,135.0,189.0,214.0,221.0,223.0,0.0,68.0,100.0,126.0,132.0,136.0,0.0,0.0,5.0,7.0,8.0,8.0,0.0,0.0,1.0,3.0,3.0,3.0,0.0,0.0,0.0,0.0,0.0,0.0,58391.0,58391.0,58391.0,58391.0,58391.0,58391.0,14,58391.494904291794,96.82962457757691,UK,35,hybrid,True,pfizer
0,91.0,202.0,386.0,600.0,768.0,860.0,0.0,58.0,152.0,268.0,409.0,500.0,0.0,1.0,8.0,17.0,28.0,44.0,0.0,0.0,1.0,5.0,7.0,11.0,0.0,0.0,0.0,0.0,3.0,4.0,53724.0,53724.0,53724.0,53724.0,53724.0,53724.0,14,53724.48504476562,91.42973344232225,Japan,35,hybrid,True,az
0,101.0,138.0,185.0,221.0,243.0,252.0,0.0,53.0,89.0,114.0,128.0,142.0,0.0,0.0,3.0,5.0,7.0,7.0,0.0,0.0,2.0,3.0,4.0,4.0,0.0,0.0,0.0,0.0,1.0,2.0,52681.0,52681.0,52681.0,52681.0,52681.0,52681.0,14,52681.47947893261,101.44279612587343,France,35,hybrid,True,moderna
0,98.0,230.0,580.0,1373.0,2822.0,5825.0,0.0,68.0,199.0,518.0,1155.0,2345.0,0.0,0.0,8.0,27.0,66.0,132.0,0.0,0.0,2.0,5.0,19.0,37.0,0.0,0.0,0.0,0.0,1.0,5.0,0.0,0.0,0.0,0.0,0.0,0.0,14,55736.15753546968,98.10235579108708,France,35,hybrid,True,none
0,100.0,138.0,178.0,207.0,218.0,220.0,0.0,64.0,102.0,130.0,138.0,140.0,0.0,2.0,12.0,19.0,22.0,22.0,0.0,1.0,3.0,4.0,6.0,6.0,0.0,0.0,0.0,1.0,1.0,2.0,52117.0,52117.0,52117.0,52117.0,52117.0,52117.0,14,52117.684566420125,100.8000030957505,Japan,35,hybrid,True,pfizer
0,88.0,117.0,159.0,169.0,172.0,175.0,0.0,50.0,87.0,102.0,107.0,107.0,0.0,0.0,5.0,6.0,7.0,7.0,0.0,0.0,1.0,2.0,2.0,2.0,0.0,0.0,0.0,0.0,0.0,0.0,48083.0,48083.0,48083.0,48083.0,48083.0,48083.0,14,48083.25428512619,88.01800756772758,UK,35,hybrid,True,pfizer
0,103.0,243.0,670.0,1526.0,3324.0,6922.0,0.0,63.0,210.0,542.0,1221.0,2662.0,0.0,1.0,9.0,29.0,57.0,125.0,0.0,0.0,2.0,6.0,17.0,31.0,0.0,0.0,0.0,0.0,1.0,5.0,0.0,0.0,0.0,0.0,0.0,0.0,14,48125.34274228841,103.52127793114614,New Zealand,35,hybrid,True,none
0,122.0,228.0,407.0,591.0,748.0,881.0,0.0,78.0,164.0,299.0,383.0,470.0,0.0,0.0,5.0,20.0,32.0,41.0,0.0,0.0,0.0,6.0,12.0,16.0,0.0,0.0,0.0,0.0,4.0,5.0,48550.0,48550.0,48550.0,48550.0,48550.0,48550.0,14,48550.50877163294,122.14436321921649,Japan,35,hybrid,True,az
0,94.0,141.0,184.0,196.0,199.0,200.0,0.0,59.0,92.0,115.0,120.0,121.0,0.0,1.0,4.0,7.0,9.0,9.0,0.0,0.0,2.0,4.0,4.0,5.0,0.0,0.0,0.0,2.0,2.0,2.0,56774.0,56774.0,56774.0,56774.0,56774.0,56774.0,14,56774.30809003291,94.39148138528073,UK,35,hybrid,True,pfizer
0,87.0,229.0,664.0,1530.0,3390.0,7305.0,0.0,55.0,211.0,565.0,1260.0,2777.0,0.0,1.0,4.0,20.0,58.0,126.0,0.0,0.0,1.0,5.0,17.0,27.0,0.0,0.0,0.0,0.0,1.0,5.0,0.0,0.0,0.0,0.0,0.0,0.0,14,55085.462973885886,87.7520181752638,New Zealand,35,hybrid,True,none
0,105.0,148.0,198.0,209.0,214.0,216.0,0.0,61.0,108.0,127.0,132.0,134.0,0.0,2.0,7.0,11.0,11.0,11.0,0.0,0.0,1.0,1.0,1.0,1.0,0.0,0.0,0.0,0.0,0.0,0.0,46558.0,46558.0,46558.0,46558.0,46558.0,46558.0,14,46558.1601490501,105.90644311100169,UK,35,hybrid,True,pfizer
0,107.0,146.0,203.0,232.0,242.0,248.0,0.0,58.0,92.0,119.0,131.0,134.0,0.0,0.0,5.0,6.0,10.0,11.0,0.0,0.0,1.0,1.0,4.0,4.0,0.0,0.0,0.0,1.0,1.0,2.0,53594.0,53594.0,53594.0,53594.0,53594.0,53594.0,14,53594.67996737246,107.84911085037571,UK,35,hybrid,True,pfizer
0,101.0,280.0,813.0,1997.0,4372.0,8657.0,0.0,67.0,237.0,685.0,1641.0,3458.0,0.0,0.0,6.0,26.0,56.0,150.0,0.0,0.0,1.0,6.0,18.0,47.0,0.0,0.0,0.0,0.0,0.0,4.0,0.0,0.0,0.0,0.0,0.0,0.0,14,47580.72365675715,101.80312255899854,New Zealand,35,hybrid,True,none
0,105.0,162.0,209.0,225.0,227.0,227.0,0.0,63.0,127.0,148.0,152.0,152.0,0.0,1.0,6.0,8.0,8.0,9.0,0.0,0.0,2.0,3.0,3.0,3.0,0.0,0.0,0.0,0.0,0.0,2.0,61413.0,61413.0,61413.0,61413.0,61413.0,61413.0,14,61413.51476133856,105.10489190546896,UK,35,hybrid,True,pfizer
0,114.0,161.0,220.0,239.0,246.0,247.0,0.0,61.0,107.0,136.0,144.0,145.0,0.0,0.0,5.0,7.0,10.0,10.0,0.0,0.0,3.0,4.0,5.0,5.0,0.0,0.0,0.0,2.0,3.0,3.0,51775.0,51775.0,51775.0,51775.0,51775.0,51775.0,14,51775.13021085528,114.38668953305142,UK,35,hybrid,True,pfizer
0,106.0,279.0,765.0,1785.0,3822.0,7604.0,0.0,71.0,233.0,640.0,1454.0,3061.0,0.0,0.0,9.0,33.0,78.0,171.0,0.0,0.0,1.0,6.0,20.0,46.0,0.0,0.0,0.0,0.0,0.0,5.0,0.0,0.0,0.0,0.0,0.0,0.0,14,41973.50822407642,106.77749941664312,France,35,hybrid,True,none
0,118.0,165.0,202.0,218.0,222.0,225.0,0.0,75.0,119.0,134.0,143.0,145.0,0.0,1.0,4.0,8.0,10.0,11.0,0.0,0.0,1.0,1.0,2.0,2.0,0.0,0.0,0.0,0.0,0.0,0.0,42084.0,42084.0,42084.0,42084.0,42084.0,42084.0,14,42084.86141186903,118.17003074562169,France,35,hybrid,True,moderna
0,102.0,203.0,350.0,517.0,634.0,710.0,0.0,64.0,153.0,256.0,344.0,410.0,0.0,1.0,10.0,16.0,28.0,39.0,0.0,1.0,4.0,9.0,15.0,17.0,0.0,0.0,0.0,1.0,1.0,1.0,52384.0,52384.0,52384.0,52384.0,52384.0,52384.0,14,52384.48636134286,102.68974935190425,France,35,hybrid,True,az
0,102.0,226.0,560.0,1256.0,2553.0,5050.0,0.0,58.0,179.0,453.0,997.0,2050.0,0.0,0.0,5.0,19.0,43.0,100.0,0.0,0.0,0.0,1.0,8.0,22.0,0.0,0.0,0.0,0.0,0.0,2.0,0.0,0.0,0.0,0.0,0.0,0.0,14,50254.01631246991,102.17380061001067,France,35,hybrid,True,none
0,105.0,219.0,545.0,1216.0,2645.0,5729.0,0.0,64.0,191.0,462.0,1004.0,2219.0,0.0,0.0,3.0,13.0,42.0,85.0,0.0,0.0,1.0,5.0,11.0,19.0,0.0,0.0,0.0,0.0,0.0,2.0,0.0,0.0,0.0,0.0,0.0,0.0,14,54075.208034483694,105.3152341688278,New Zealand,35,hybrid,True,none
0,108.0,160.0,188.0,203.0,213.0,213.0,0.0,74.0,103.0,120.0,125.0,128.0,0.0,1.0,4.0,4.0,4.0,5.0,0.0,0.0,2.0,2.0,2.0,2.0,0.0,0.0,0.0,0.0,0.0,0.0,48490.0,48490.0,48490.0,48490.0,48490.0,48490.0,14,48490.014943830254,108.70201911162928,UK,35,hybrid,True,pfizer
0,105.0,141.0,170.0,177.0,185.0,186.0,0.0,67.0,101.0,118.0,120.0,123.0,0.0,1.0,4.0,8.0,8.0,9.0,0.0,0.0,2.0,3.0,3.0,3.0,0.0,0.0,0.0,2.0,3.0,3.0,49301.0,49301.0,49301.0,49301.0,49301.0,49301.0,14,49301.0541824805,105.95448771583094,France,35,hybrid,True,moderna
0,83.0,209.0,514.0,1127.0,2368.0,4864.0,0.0,44.0,157.0,400.0,894.0,1819.0,0.0,0.0,3.0,16.0,39.0,97.0,0.0,0.0,1.0,2.0,11.0,27.0,0.0,0.0,0.0,0.0,1.0,1.0,0.0,0.0,0.0,0.0,0.0,0.0,14,52480.37007815183,83.00539435327835,New Zealand,35,hybrid,True,none
0,92.0,141.0,173.0,192.0,196.0,198.0,0.0,50.0,94.0,105.0,112.0,113.0,0.0,1.0,4.0,6.0,6.0,6.0,0.0,0.0,0.0,0.0,0.0,0.0,0.0,0.0,0.0,0.0,0.0,0.0,52397.0,52397.0,52397.0,52397.0,52397.0,52397.0,14,52397.82308454765,92.51351047743094,New Zealand,35,hybrid,True,pfizer
0,85.0,183.0,323.0,473.0,598.0,671.0,0.0,65.0,159.0,245.0,328.0,396.0,0.0,2.0,10.0,21.0,33.0,45.0,0.0,1.0,3.0,8.0,11.0,18.0,0.0,0.0,0.0,1.0,2.0,4.0,44862.0,44862.0,44862.0,44862.0,44862.0,44862.0,14,44862.49336202905,85.88122955429985,Japan,35,hybrid,True,az
0,103.0,149.0,190.0,199.0,205.0,207.0,0.0,69.0,97.0,111.0,114.0,116.0,0.0,1.0,7.0,11.0,11.0,11.0,0.0,0.0,1.0,3.0,4.0,4.0,0.0,0.0,0.0,0.0,1.0,2.0,52480.0,52480.0,52480.0,52480.0,52480.0,52480.0,14,52480.1300010987,103.89044502445734,France,35,hybrid,True,moderna
0,97.0,244.0,797.0,1932.0,4039.0,7830.0,0.0,71.0,233.0,691.0,1573.0,3194.0,0.0,2.0,9.0,25.0,68.0,137.0,0.0,0.0,2.0,8.0,17.0,34.0,0.0,0.0,0.0,0.0,1.0,4.0,0.0,0.0,0.0,0.0,0.0,0.0,14,45128.29956306342,97.55340144847692,New Zealand,35,hybrid,True,none
0,87.0,121.0,153.0,159.0,160.0,161.0,0.0,60.0,89.0,103.0,106.0,107.0,0.0,2.0,5.0,5.0,6.0,6.0,0.0,1.0,1.0,1.0,2.0,2.0,0.0,0.0,1.0,1.0,1.0,2.0,53732.0,53732.0,53732.0,53732.0,53732.0,53732.0,14,53732.04758012359,87.89326013464132,UK,35,hybrid,True,pfizer
0,109.0,291.0,769.0,1767.0,4002.0,8048.0,0.0,77.0,257.0,638.0,1486.0,3310.0,0.0,4.0,11.0,36.0,73.0,145.0,0.0,3.0,5.0,15.0,23.0,47.0,0.0,0.0,1.0,2.0,6.0,7.0,0.0,0.0,0.0,0.0,0.0,0.0,14,41996.211855573114,109.83787410239955,New Zealand,35,hybrid,True,none
0,85.0,117.0,147.0,159.0,160.0,161.0,0.0,52.0,82.0,92.0,96.0,97.0,0.0,0.0,6.0,9.0,9.0,9.0,0.0,0.0,2.0,3.0,3.0,3.0,0.0,0.0,0.0,0.0,2.0,2.0,54775.0,54775.0,54775.0,54775.0,54775.0,54775.0,14,54775.058847342996,85.28297744622813,France,35,hybrid,True,moderna
0,93.0,125.0,152.0,159.0,161.0,161.0,0.0,62.0,87.0,99.0,102.0,102.0,0.0,0.0,6.0,10.0,12.0,12.0,0.0,0.0,0.0,1.0,2.0,2.0,0.0,0.0,0.0,0.0,0.0,0.0,49646.0,49646.0,49646.0,49646.0,49646.0,49646.0,14,49646.20964045268,93.99551186302786,UK,35,hybrid,True,pfizer
0,106.0,310.0,883.0,2060.0,4574.0,9161.0,0.0,77.0,259.0,746.0,1697.0,3651.0,0.0,1.0,5.0,28.0,73.0,167.0,0.0,0.0,2.0,5.0,19.0,50.0,0.0,0.0,0.0,0.0,1.0,5.0,0.0,0.0,0.0,0.0,0.0,0.0,14,44854.19287744129,106.49629549943302,New Zealand,35,hybrid,True,none
0,93.0,115.0,140.0,150.0,154.0,158.0,0.0,59.0,83.0,97.0,101.0,102.0,0.0,0.0,4.0,5.0,7.0,8.0,0.0,0.0,1.0,3.0,3.0,4.0,0.0,0.0,0.0,1.0,1.0,2.0,61013.0,61013.0,61013.0,61013.0,61013.0,61013.0,14,61013.47677309365,93.57824554990495,France,35,hybrid,True,moderna
0,113.0,149.0,181.0,198.0,210.0,212.0,0.0,73.0,111.0,124.0,133.0,136.0,0.0,2.0,6.0,6.0,8.0,8.0,0.0,0.0,1.0,1.0,1.0,1.0,0.0,0.0,0.0,1.0,1.0,1.0,51797.0,51797.0,51797.0,51797.0,51797.0,51797.0,14,51797.24354453543,113.28504661745635,France,35,hybrid,True,moderna
0,96.0,204.0,576.0,1398.0,3340.0,7365.0,0.0,51.0,172.0,481.0,1194.0,2762.0,0.0,0.0,7.0,18.0,52.0,127.0,0.0,0.0,1.0,4.0,10.0,32.0,0.0,0.0,0.0,0.0,2.0,4.0,0.0,0.0,0.0,0.0,0.0,0.0,14,51054.043303118815,96.19538230229644,UK,35,hybrid,True,none
0,117.0,220.0,402.0,610.0,787.0,929.0,0.0,82.0,182.0,308.0,422.0,516.0,0.0,1.0,10.0,31.0,46.0,54.0,0.0,0.0,4.0,11.0,18.0,23.0,0.0,0.0,0.0,0.0,3.0,5.0,56654.0,56654.0,56654.0,56654.0,56654.0,56654.0,14,56654.01462497522,117.00547498676309,Japan,35,hybrid,True,az
0,90.0,163.0,306.0,473.0,612.0,680.0,0.0,54.0,138.0,229.0,339.0,406.0,0.0,1.0,6.0,10.0,22.0,34.0,0.0,0.0,1.0,2.0,7.0,9.0,0.0,0.0,0.0,0.0,0.0,2.0,56663.0,56663.0,56663.0,56663.0,56663.0,56663.0,14,56663.288993008435,90.0277631404018,Japan,35,hybrid,True,az
0,110.0,242.0,602.0,1545.0,3516.0,7440.0,0.0,60.0,193.0,522.0,1260.0,2896.0,0.0,1.0,7.0,17.0,53.0,128.0,0.0,0.0,0.0,3.0,10.0,24.0,0.0,0.0,0.0,0.0,1.0,2.0,0.0,0.0,0.0,0.0,0.0,0.0,14,52006.25971678424,110.67463405817621,New Zealand,35,hybrid,True,none
0,100.0,145.0,179.0,198.0,208.0,208.0,0.0,63.0,103.0,120.0,128.0,130.0,0.0,0.0,6.0,9.0,9.0,9.0,0.0,0.0,0.0,2.0,3.0,3.0,0.0,0.0,0.0,0.0,1.0,3.0,61417.0,61417.0,61417.0,61417.0,61417.0,61417.0,14,61417.13608314965,100.45673052117345,UK,35,hybrid,True,pfizer
0,88.0,126.0,142.0,145.0,148.0,148.0,0.0,57.0,91.0,98.0,100.0,102.0,0.0,0.0,7.0,8.0,8.0,8.0,0.0,0.0,3.0,3.0,3.0,3.0,0.0,0.0,0.0,0.0,1.0,1.0,37749.0,37749.0,37749.0,37749.0,37749.0,37749.0,14,37749.35004718987,88.71142547774777,UK,35,hybrid,True,pfizer
0,105.0,221.0,414.0,636.0,804.0,925.0,0.0,66.0,170.0,300.0,444.0,522.0,0.0,1.0,6.0,14.0,20.0,31.0,0.0,0.0,1.0,1.0,2.0,5.0,0.0,0.0,0.0,0.0,0.0,1.0,48338.0,48338.0,48338.0,48338.0,48338.0,48338.0,14,48338.27236595141,105.67082533087832,New Zealand,35,hybrid,True,az
0,103.0,245.0,620.0,1382.0,2907.0,5971.0,0.0,60.0,209.0,527.0,1152.0,2407.0,0.0,1.0,9.0,24.0,60.0,127.0,0.0,0.0,3.0,8.0,19.0,37.0,0.0,0.0,0.0,0.0,0.0,3.0,0.0,0.0,0.0,0.0,0.0,0.0,14,43147.215693268095,103.79028102450081,New Zealand,35,hybrid,True,none
0,106.0,213.0,372.0,553.0,691.0,799.0,0.0,76.0,169.0,265.0,382.0,458.0,0.0,0.0,6.0,20.0,30.0,46.0,0.0,0.0,3.0,10.0,11.0,14.0,0.0,0.0,0.0,1.0,4.0,4.0,39189.0,39189.0,39189.0,39189.0,39189.0,39189.0,14,39189.809750356544,106.74038936340177,Japan,35,hybrid,True,az
0,110.0,232.0,598.0,1430.0,3141.0,6502.0,0.0,79.0,196.0,499.0,1185.0,2556.0,0.0,0.0,10.0,25.0,52.0,110.0,0.0,0.0,6.0,8.0,19.0,37.0,0.0,0.0,0.0,0.0,0.0,2.0,0.0,0.0,0.0,0.0,0.0,0.0,14,52144.66703865582,110.85167915863173,New Zealand,35,hybrid,True,none
0,90.0,180.0,362.0,573.0,729.0,844.0,0.0,59.0,153.0,283.0,413.0,510.0,0.0,0.0,10.0,30.0,40.0,54.0,0.0,0.0,3.0,14.0,17.0,21.0,0.0,0.0,0.0,1.0,5.0,9.0,53867.0,53867.0,53867.0,53867.0,53867.0,53867.0,14,53867.61533367892,90.42407279442537,Japan,35,hybrid,True,az
0,99.0,154.0,196.0,214.0,223.0,226.0,0.0,61.0,113.0,123.0,132.0,134.0,0.0,0.0,4.0,5.0,7.0,7.0,0.0,0.0,1.0,2.0,2.0,2.0,0.0,0.0,0.0,1.0,2.0,2.0,54024.0,54024.0,54024.0,54024.0,54024.0,54024.0,14,54024.053349572845,99.89403926049565,France,35,hybrid,True,moderna
0,114.0,171.0,214.0,229.0,231.0,232.0,0.0,65.0,111.0,132.0,139.0,140.0,0.0,0.0,2.0,3.0,6.0,6.0,0.0,0.0,0.0,1.0,2.0,3.0,0.0,0.0,0.0,0.0,0.0,0.0,49255.0,49255.0,49255.0,49255.0,49255.0,49255.0,14,49255.128992024765,114.10083619673046,France,35,hybrid,True,moderna
0,79.0,125.0,161.0,172.0,180.0,180.0,0.0,50.0,84.0,96.0,101.0,103.0,0.0,0.0,9.0,12.0,14.0,14.0,0.0,0.0,3.0,5.0,6.0,6.0,0.0,0.0,0.0,0.0,2.0,3.0,53803.0,53803.0,53803.0,53803.0,53803.0,53803.0,14,53803.75933159669,79.27115873101005,UK,35,hybrid,True,pfizer
0,91.0,128.0,159.0,170.0,180.0,184.0,0.0,65.0,99.0,113.0,119.0,124.0,0.0,2.0,9.0,12.0,13.0,13.0,0.0,0.0,2.0,3.0,4.0,4.0,0.0,0.0,1.0,1.0,1.0,1.0,55526.0,55526.0,55526.0,55526.0,55526.0,55526.0,14,55526.22362783669,91.12567114102994,France,35,hybrid,True,moderna
0,91.0,125.0,160.0,170.0,178.0,179.0,0.0,50.0,90.0,105.0,107.0,112.0,0.0,1.0,6.0,7.0,9.0,9.0,0.0,1.0,2.0,4.0,4.0,4.0,0.0,0.0,0.0,0.0,2.0,2.0,53921.0,53921.0,53921.0,53921.0,53921.0,53921.0,14,53921.34877243813,91.55231581465993,France,35,hybrid,True,moderna
0,90.0,182.0,470.0,1131.0,2485.0,5242.0,0.0,53.0,149.0,378.0,940.0,2050.0,0.0,0.0,2.0,12.0,35.0,79.0,0.0,0.0,1.0,4.0,8.0,20.0,0.0,0.0,0.0,1.0,1.0,2.0,0.0,0.0,0.0,0.0,0.0,0.0,14,55971.6013729868,90.50671055545627,New Zealand,35,hybrid,True,none
0,123.0,172.0,215.0,232.0,239.0,241.0,0.0,71.0,119.0,137.0,144.0,148.0,0.0,4.0,14.0,18.0,19.0,20.0,0.0,0.0,5.0,8.0,9.0,9.0,0.0,0.0,1.0,2.0,4.0,4.0,49767.0,49767.0,49767.0,49767.0,49767.0,49767.0,14,49767.21485252937,123.28664927608126,New Zealand,35,hybrid,True,pfizer
0,108.0,137.0,167.0,181.0,191.0,193.0,0.0,62.0,90.0,108.0,113.0,116.0,0.0,1.0,4.0,5.0,6.0,7.0,0.0,0.0,0.0,1.0,1.0,1.0,0.0,0.0,0.0,0.0,0.0,0.0,59237.0,59237.0,59237.0,59237.0,59237.0,59237.0,14,59237.97526821734,108.14402563563598,France,35,hybrid,True,moderna
0,111.0,147.0,182.0,192.0,198.0,199.0,0.0,62.0,95.0,109.0,113.0,113.0,0.0,0.0,11.0,12.0,13.0,13.0,0.0,0.0,3.0,5.0,5.0,5.0,0.0,0.0,0.0,0.0,2.0,2.0,55968.0,55968.0,55968.0,55968.0,55968.0,55968.0,14,55968.797571089424,111.5670080502182,France,35,hybrid,True,moderna
0,77.0,106.0,117.0,122.0,123.0,123.0,0.0,38.0,74.0,82.0,82.0,83.0,0.0,0.0,6.0,7.0,8.0,8.0,0.0,0.0,0.0,1.0,1.0,2.0,0.0,0.0,0.0,0.0,0.0,0.0,51728.0,51728.0,51728.0,51728.0,51728.0,51728.0,14,51728.02423073434,77.54808786680417,France,35,hybrid,True,moderna
0,92.0,126.0,156.0,161.0,165.0,169.0,0.0,52.0,85.0,96.0,97.0,98.0,0.0,1.0,7.0,10.0,13.0,13.0,0.0,0.0,1.0,3.0,6.0,6.0,0.0,0.0,0.0,1.0,2.0,4.0,46988.0,46988.0,46988.0,46988.0,46988.0,46988.0,14,46988.09455827626,92.70038935394119,France,35,hybrid,True,moderna
0,95.0,121.0,154.0,165.0,169.0,174.0,0.0,55.0,88.0,104.0,109.0,114.0,0.0,0.0,9.0,9.0,9.0,9.0,0.0,0.0,3.0,3.0,3.0,3.0,0.0,0.0,0.0,2.0,2.0,2.0,52167.0,52167.0,52167.0,52167.0,52167.0,52167.0,14,52167.13471192906,95.88982404293525,France,35,hybrid,True,moderna
0,93.0,185.0,378.0,620.0,786.0,891.0,0.0,55.0,147.0,275.0,421.0,510.0,0.0,1.0,3.0,11.0,21.0,34.0,0.0,0.0,0.0,3.0,5.0,9.0,0.0,0.0,0.0,0.0,2.0,2.0,45773.0,45773.0,45773.0,45773.0,45773.0,45773.0,14,45773.53154130918,93.52414470755177,France,35,hybrid,True,az
0,104.0,203.0,355.0,529.0,685.0,788.0,0.0,68.0,157.0,253.0,368.0,462.0,0.0,1.0,3.0,15.0,22.0,33.0,0.0,0.0,1.0,5.0,8.0,12.0,0.0,0.0,0.0,0.0,1.0,1.0,52939.0,52939.0,52939.0,52939.0,52939.0,52939.0,14,52939.870348336735,104.84835162744876,Japan,35,hybrid,True,az
0,82.0,184.0,450.0,1097.0,2529.0,5501.0,0.0,57.0,159.0,370.0,887.0,2031.0,0.0,1.0,6.0,17.0,32.0,84.0,0.0,0.0,0.0,2.0,8.0,22.0,0.0,0.0,0.0,0.0,1.0,3.0,0.0,0.0,0.0,0.0,0.0,0.0,14,62522.1808675989,82.61472240493467,New Zealand,35,hybrid,True,none
0,111.0,195.0,329.0,454.0,573.0,637.0,0.0,70.0,150.0,236.0,316.0,378.0,0.0,0.0,5.0,17.0,29.0,39.0,0.0,0.0,2.0,6.0,10.0,16.0,0.0,0.0,0.0,0.0,1.0,4.0,58823.0,58823.0,58823.0,58823.0,58823.0,58823.0,14,58823.42962526776,111.64880844922867,Japan,35,hybrid,True,az
0,106.0,151.0,196.0,212.0,218.0,220.0,0.0,63.0,103.0,129.0,135.0,137.0,0.0,1.0,7.0,10.0,12.0,13.0,0.0,0.0,2.0,2.0,3.0,4.0,0.0,0.0,0.0,1.0,1.0,1.0,50611.0,50611.0,50611.0,50611.0,50611.0,50611.0,14,50611.08276150494,106.99607446862879,France,35,hybrid,True,moderna
0,89.0,116.0,159.0,175.0,181.0,183.0,0.0,64.0,97.0,108.0,117.0,117.0,0.0,0.0,5.0,7.0,7.0,7.0,0.0,0.0,1.0,2.0,2.0,2.0,0.0,0.0,0.0,0.0,0.0,0.0,47332.0,47332.0,47332.0,47332.0,47332.0,47332.0,14,47332.22206763771,89.35076152147882,UK,35,hybrid,True,pfizer
0,112.0,277.0,825.0,2107.0,4811.0,9771.0,0.0,59.0,240.0,685.0,1731.0,3900.0,0.0,1.0,7.0,22.0,82.0,180.0,0.0,0.0,0.0,2.0,14.0,42.0,0.0,0.0,0.0,0.0,0.0,2.0,0.0,0.0,0.0,0.0,0.0,0.0,14,54888.85364442249,112.95503879044135,New Zealand,35,hybrid,True,none
0,104.0,138.0,163.0,173.0,174.0,179.0,0.0,65.0,97.0,104.0,108.0,110.0,0.0,1.0,4.0,7.0,9.0,9.0,0.0,1.0,2.0,3.0,3.0,3.0,0.0,0.0,0.0,1.0,1.0,1.0,42514.0,42514.0,42514.0,42514.0,42514.0,42514.0,14,42514.95145282342,104.50417785152,UK,35,hybrid,True,pfizer
0,106.0,221.0,514.0,1185.0,2696.0,5598.0,0.0,74.0,194.0,437.0,1048.0,2327.0,0.0,2.0,8.0,27.0,64.0,142.0,0.0,1.0,3.0,6.0,15.0,40.0,0.0,0.0,0.0,0.0,0.0,3.0,0.0,0.0,0.0,0.0,0.0,0.0,14,50176.549621341095,106.6822848181698,Japan,35,hybrid,True,none
0,88.0,193.0,458.0,1112.0,2382.0,4835.0,0.0,41.0,154.0,388.0,919.0,1904.0,0.0,0.0,4.0,14.0,34.0,90.0,0.0,0.0,1.0,2.0,6.0,19.0,0.0,0.0,0.0,1.0,1.0,1.0,0.0,0.0,0.0,0.0,0.0,0.0,14,48465.00917623827,88.96139495735679,New Zealand,35,hybrid,True,none
0,101.0,248.0,702.0,1553.0,3171.0,6179.0,0.0,66.0,218.0,599.0,1270.0,2569.0,0.0,2.0,10.0,28.0,67.0,130.0,0.0,0.0,2.0,7.0,20.0,38.0,0.0,0.0,0.0,0.0,0.0,5.0,0.0,0.0,0.0,0.0,0.0,0.0,14,50559.278339124685,101.14014049904088,France,35,hybrid,True,none
0,85.0,163.0,313.0,482.0,647.0,766.0,0.0,52.0,130.0,215.0,339.0,428.0,0.0,1.0,4.0,10.0,21.0,32.0,0.0,0.0,2.0,5.0,8.0,13.0,0.0,0.0,0.0,1.0,2.0,5.0,42034.0,42034.0,42034.0,42034.0,42034.0,42034.0,14,42034.774871670095,85.63842424737811,New Zealand,35,hybrid,True,az
0,89.0,115.0,139.0,149.0,150.0,150.0,0.0,51.0,75.0,85.0,90.0,90.0,0.0,1.0,6.0,7.0,9.0,9.0,0.0,0.0,4.0,4.0,4.0,4.0,0.0,0.0,0.0,1.0,1.0,1.0,49219.0,49219.0,49219.0,49219.0,49219.0,49219.0,14,49219.54067170129,89.37218079907893,UK,35,hybrid,True,pfizer
0,107.0,191.0,353.0,563.0,723.0,838.0,0.0,74.0,156.0,267.0,391.0,488.0,0.0,0.0,10.0,14.0,25.0,39.0,0.0,0.0,1.0,2.0,6.0,12.0,0.0,0.0,0.0,1.0,1.0,1.0,43007.0,43007.0,43007.0,43007.0,43007.0,43007.0,14,43007.78376571713,107.67801704973967,UK,35,hybrid,True,az
0,86.0,215.0,589.0,1352.0,2808.0,5836.0,0.0,56.0,191.0,465.0,1082.0,2276.0,0.0,2.0,6.0,18.0,44.0,100.0,0.0,1.0,2.0,4.0,7.0,27.0,0.0,0.0,0.0,0.0,0.0,1.0,0.0,0.0,0.0,0.0,0.0,0.0,14,50959.34038586053,86.76130702319672,New Zealand,35,hybrid,True,none
0,104.0,268.0,772.0,1936.0,4430.0,9614.0,0.0,68.0,239.0,690.0,1621.0,3675.0,0.0,0.0,6.0,34.0,82.0,172.0,0.0,0.0,1.0,6.0,20.0,46.0,0.0,0.0,0.0,0.0,2.0,4.0,0.0,0.0,0.0,0.0,0.0,0.0,14,63717.632595989286,104.96406790397538,New Zealand,35,hybrid,True,none
0,82.0,149.0,258.0,368.0,455.0,509.0,0.0,49.0,117.0,184.0,260.0,306.0,0.0,1.0,4.0,9.0,18.0,20.0,0.0,1.0,1.0,2.0,4.0,5.0,0.0,0.0,0.0,0.0,0.0,0.0,52813.0,52813.0,52813.0,52813.0,52813.0,52813.0,14,52813.27904972691,82.3158952207504,France,35,hybrid,True,az
0,105.0,205.0,327.0,505.0,636.0,712.0,0.0,70.0,155.0,256.0,366.0,433.0,0.0,0.0,5.0,12.0,20.0,31.0,0.0,0.0,2.0,4.0,6.0,7.0,0.0,0.0,0.0,1.0,1.0,2.0,56403.0,56403.0,56403.0,56403.0,56403.0,56403.0,14,56403.2128296401,105.30346042566966,France,35,hybrid,True,az
0,102.0,149.0,183.0,202.0,213.0,215.0,0.0,62.0,101.0,115.0,122.0,126.0,0.0,1.0,9.0,11.0,12.0,12.0,0.0,1.0,3.0,3.0,3.0,3.0,0.0,0.0,1.0,1.0,2.0,2.0,58514.0,58514.0,58514.0,58514.0,58514.0,58514.0,14,58514.29671739591,102.36377418616189,France,35,hybrid,True,moderna
0,114.0,150.0,183.0,196.0,201.0,203.0,0.0,64.0,90.0,104.0,108.0,109.0,0.0,1.0,5.0,7.0,7.0,7.0,0.0,0.0,1.0,2.0,2.0,2.0,0.0,0.0,0.0,0.0,0.0,0.0,47540.0,47540.0,47540.0,47540.0,47540.0,47540.0,14,47540.687693545646,114.2814525636966,UK,35,hybrid,True,pfizer
0,101.0,253.0,749.0,1965.0,4246.0,8645.0,0.0,75.0,227.0,684.0,1680.0,3592.0,0.0,0.0,6.0,25.0,73.0,181.0,0.0,0.0,1.0,6.0,14.0,50.0,0.0,0.0,0.0,1.0,2.0,6.0,0.0,0.0,0.0,0.0,0.0,0.0,14,51814.839937525336,101.27597246602963,Japan,35,hybrid,True,none
0,99.0,220.0,580.0,1436.0,3169.0,6649.0,0.0,65.0,199.0,502.0,1221.0,2662.0,0.0,2.0,12.0,28.0,74.0,145.0,0.0,0.0,2.0,9.0,23.0,43.0,0.0,0.0,0.0,1.0,2.0,7.0,0.0,0.0,0.0,0.0,0.0,0.0,14,56242.747594326065,99.55800502371295,Japan,35,hybrid,True,none
0,86.0,238.0,656.0,1537.0,3466.0,7150.0,0.0,63.0,211.0,570.0,1268.0,2789.0,0.0,1.0,4.0,25.0,55.0,107.0,0.0,1.0,2.0,5.0,12.0,28.0,0.0,0.0,0.0,0.0,0.0,2.0,0.0,0.0,0.0,0.0,0.0,0.0,14,50888.2655434442,86.30443976796231,New Zealand,35,hybrid,True,none
0,113.0,319.0,787.0,1907.0,4295.0,8797.0,0.0,67.0,263.0,652.0,1563.0,3453.0,0.0,0.0,12.0,32.0,67.0,140.0,0.0,0.0,1.0,4.0,17.0,25.0,0.0,0.0,0.0,1.0,2.0,7.0,0.0,0.0,0.0,0.0,0.0,0.0,14,53002.981514923646,113.75398021868291,New Zealand,35,hybrid,True,none
0,92.0,133.0,163.0,170.0,176.0,178.0,0.0,58.0,93.0,102.0,107.0,110.0,0.0,0.0,7.0,9.0,9.0,9.0,0.0,0.0,3.0,4.0,4.0,4.0,0.0,0.0,0.0,2.0,2.0,3.0,49115.0,49115.0,49115.0,49115.0,49115.0,49115.0,14,49115.040160056145,92.96399456343669,France,35,hybrid,True,moderna
0,102.0,157.0,195.0,219.0,228.0,229.0,0.0,60.0,106.0,125.0,136.0,139.0,0.0,0.0,1.0,3.0,4.0,4.0,0.0,0.0,0.0,1.0,1.0,1.0,0.0,0.0,0.0,0.0,0.0,1.0,55755.0,55755.0,55755.0,55755.0,55755.0,55755.0,14,55755.36991779782,102.95120961970642,UK,35,hybrid,True,pfizer
0,105.0,150.0,187.0,201.0,205.0,205.0,0.0,60.0,95.0,108.0,111.0,112.0,0.0,1.0,4.0,5.0,7.0,7.0,0.0,0.0,0.0,1.0,1.0,1.0,0.0,0.0,0.0,0.0,1.0,1.0,43406.0,43406.0,43406.0,43406.0,43406.0,43406.0,14,43406.83260991088,105.91368931985667,UK,35,hybrid,True,pfizer
0,105.0,247.0,728.0,1776.0,4099.0,8701.0,0.0,60.0,208.0,579.0,1514.0,3381.0,0.0,1.0,6.0,13.0,46.0,133.0,0.0,0.0,2.0,3.0,11.0,28.0,0.0,0.0,0.0,1.0,1.0,6.0,0.0,0.0,0.0,0.0,0.0,0.0,14,49058.38327496111,105.40417682746013,New Zealand,35,hybrid,True,none
0,100.0,130.0,158.0,162.0,167.0,169.0,0.0,59.0,85.0,101.0,102.0,106.0,0.0,1.0,6.0,6.0,7.0,8.0,0.0,0.0,1.0,2.0,2.0,2.0,0.0,0.0,0.0,1.0,2.0,2.0,53062.0,53062.0,53062.0,53062.0,53062.0,53062.0,14,53062.084724845925,100.93729120269877,France,35,hybrid,True,moderna
0,95.0,132.0,162.0,173.0,180.0,180.0,0.0,63.0,92.0,107.0,109.0,113.0,0.0,0.0,5.0,7.0,10.0,10.0,0.0,0.0,3.0,4.0,6.0,6.0,0.0,0.0,0.0,0.0,1.0,4.0,43338.0,43338.0,43338.0,43338.0,43338.0,43338.0,14,43338.15832832139,95.83351416721104,France,35,hybrid,True,moderna
0,91.0,124.0,156.0,168.0,175.0,183.0,0.0,52.0,87.0,102.0,109.0,114.0,0.0,0.0,4.0,8.0,11.0,12.0,0.0,0.0,1.0,3.0,4.0,5.0,0.0,0.0,0.0,1.0,2.0,2.0,48926.0,48926.0,48926.0,48926.0,48926.0,48926.0,14,48926.85116568958,91.54298561103651,France,35,hybrid,True,moderna
0,107.0,218.0,392.0,618.0,785.0,893.0,0.0,78.0,180.0,290.0,414.0,504.0,0.0,0.0,9.0,16.0,25.0,32.0,0.0,0.0,4.0,6.0,10.0,10.0,0.0,0.0,0.0,0.0,1.0,4.0,52313.0,52313.0,52313.0,52313.0,52313.0,52313.0,14,52313.9568940975,107.4609023096445,UK,35,hybrid,True,az
0,103.0,157.0,198.0,211.0,216.0,216.0,0.0,67.0,106.0,130.0,135.0,136.0,0.0,1.0,6.0,8.0,10.0,11.0,0.0,0.0,1.0,1.0,3.0,3.0,0.0,0.0,0.0,1.0,1.0,2.0,46588.0,46588.0,46588.0,46588.0,46588.0,46588.0,14,46588.878338186165,103.75294716344034,France,35,hybrid,True,moderna
0,109.0,158.0,194.0,209.0,213.0,214.0,0.0,75.0,109.0,123.0,132.0,134.0,0.0,0.0,11.0,14.0,14.0,14.0,0.0,0.0,3.0,4.0,5.0,5.0,0.0,0.0,0.0,0.0,0.0,1.0,56051.0,56051.0,56051.0,56051.0,56051.0,56051.0,14,56051.49648762954,109.20819003040211,Japan,35,hybrid,True,pfizer
0,101.0,182.0,323.0,480.0,594.0,651.0,0.0,68.0,144.0,228.0,333.0,389.0,0.0,1.0,6.0,12.0,17.0,23.0,0.0,0.0,2.0,2.0,4.0,5.0,0.0,0.0,0.0,1.0,1.0,2.0,47180.0,47180.0,47180.0,47180.0,47180.0,47180.0,14,47180.61615278859,101.36275898887797,Japan,35,hybrid,True,az
0,97.0,170.0,322.0,523.0,708.0,830.0,0.0,67.0,139.0,235.0,367.0,446.0,0.0,0.0,7.0,12.0,21.0,29.0,0.0,0.0,0.0,3.0,4.0,6.0,0.0,0.0,0.0,0.0,0.0,1.0,52493.0,52493.0,52493.0,52493.0,52493.0,52493.0,14,52493.97969933453,97.88438803103628,UK,35,hybrid,True,az
0,111.0,153.0,204.0,241.0,252.0,255.0,0.0,67.0,113.0,139.0,159.0,165.0,0.0,0.0,3.0,7.0,9.0,11.0,0.0,0.0,1.0,2.0,2.0,3.0,0.0,0.0,0.0,0.0,0.0,0.0,51638.0,51638.0,51638.0,51638.0,51638.0,51638.0,14,51638.82164144522,111.98657241993998,UK,35,hybrid,True,pfizer
0,93.0,235.0,707.0,1731.0,3911.0,8311.0,0.0,60.0,209.0,596.0,1432.0,3243.0,0.0,2.0,9.0,35.0,82.0,172.0,0.0,0.0,3.0,10.0,23.0,49.0,0.0,0.0,0.0,2.0,4.0,9.0,0.0,0.0,0.0,0.0,0.0,0.0,14,47275.08072352371,93.26597238554942,UK,35,hybrid,True,none
0,79.0,117.0,146.0,158.0,163.0,166.0,0.0,50.0,80.0,94.0,100.0,102.0,0.0,1.0,3.0,5.0,5.0,5.0,0.0,0.0,0.0,1.0,1.0,1.0,0.0,0.0,0.0,0.0,1.0,1.0,47163.0,47163.0,47163.0,47163.0,47163.0,47163.0,14,47163.72764731235,79.02785854057112,UK,35,hybrid,True,pfizer
0,106.0,254.0,645.0,1452.0,3210.0,6891.0,0.0,72.0,209.0,537.0,1193.0,2607.0,0.0,2.0,8.0,22.0,50.0,119.0,0.0,1.0,2.0,7.0,15.0,30.0,0.0,0.0,0.0,1.0,3.0,4.0,0.0,0.0,0.0,0.0,0.0,0.0,14,56240.645619859155,106.51675080651947,New Zealand,35,hybrid,True,none
0,103.0,133.0,161.0,170.0,172.0,173.0,0.0,58.0,88.0,98.0,101.0,101.0,0.0,2.0,7.0,8.0,8.0,9.0,0.0,1.0,5.0,5.0,5.0,6.0,0.0,0.0,2.0,3.0,3.0,3.0,55494.0,55494.0,55494.0,55494.0,55494.0,55494.0,14,55494.365650669504,103.63060801297884,UK,35,hybrid,True,pfizer
0,107.0,151.0,192.0,203.0,206.0,206.0,0.0,61.0,98.0,116.0,118.0,118.0,0.0,1.0,4.0,5.0,6.0,6.0,0.0,0.0,0.0,0.0,1.0,1.0,0.0,0.0,0.0,0.0,0.0,0.0,49587.0,49587.0,49587.0,49587.0,49587.0,49587.0,14,49587.55469516739,107.20951512436312,France,35,hybrid,True,moderna
0,108.0,243.0,617.0,1578.0,3505.0,7399.0,0.0,65.0,207.0,546.0,1302.0,2839.0,0.0,0.0,7.0,29.0,62.0,130.0,0.0,0.0,1.0,8.0,17.0,35.0,0.0,0.0,0.0,0.0,2.0,3.0,0.0,0.0,0.0,0.0,0.0,0.0,14,47954.23556737637,108.17413753533636,UK,35,hybrid,True,none
0,112.0,226.0,399.0,590.0,726.0,805.0,0.0,74.0,175.0,285.0,394.0,476.0,0.0,2.0,8.0,18.0,26.0,37.0,0.0,1.0,2.0,4.0,7.0,12.0,0.0,0.0,0.0,0.0,1.0,2.0,48138.0,48138.0,48138.0,48138.0,48138.0,48138.0,14,48138.84885623117,112.48750750655314,Japan,35,hybrid,True,az
0,94.0,221.0,658.0,1588.0,3589.0,7481.0,0.0,61.0,196.0,578.0,1339.0,2905.0,0.0,1.0,9.0,20.0,52.0,123.0,0.0,0.0,2.0,3.0,10.0,30.0,0.0,0.0,0.0,2.0,3.0,5.0,0.0,0.0,0.0,0.0,0.0,0.0,14,52215.475678679584,94.77373381947004,New Zealand,35,hybrid,True,none
0,101.0,148.0,179.0,188.0,191.0,193.0,0.0,62.0,107.0,117.0,118.0,120.0,0.0,2.0,7.0,10.0,12.0,12.0,0.0,1.0,2.0,2.0,4.0,4.0,0.0,0.0,0.0,1.0,1.0,3.0,49421.0,49421.0,49421.0,49421.0,49421.0,49421.0,14,49421.497741223335,101.24237467508499,Japan,35,hybrid,True,moderna
0,109.0,251.0,649.0,1556.0,3455.0,7015.0,0.0,66.0,202.0,550.0,1270.0,2776.0,0.0,0.0,5.0,16.0,43.0,116.0,0.0,0.0,0.0,5.0,11.0,31.0,0.0,0.0,0.0,0.0,1.0,3.0,0.0,0.0,0.0,0.0,0.0,0.0,14,48305.445731922606,109.28873173700994,New Zealand,35,hybrid,True,none
0,97.0,189.0,318.0,482.0,567.0,636.0,0.0,63.0,145.0,232.0,312.0,359.0,0.0,1.0,8.0,10.0,20.0,24.0,0.0,1.0,2.0,2.0,5.0,7.0,0.0,0.0,0.0,0.0,1.0,2.0,44036.0,44036.0,44036.0,44036.0,44036.0,44036.0,14,44036.69094340326,97.6535364967207,France,35,hybrid,True,az
0,100.0,149.0,194.0,220.0,230.0,231.0,0.0,62.0,100.0,123.0,138.0,143.0,0.0,2.0,6.0,9.0,11.0,11.0,0.0,0.0,4.0,4.0,5.0,5.0,0.0,0.0,0.0,1.0,2.0,2.0,57829.0,57829.0,57829.0,57829.0,57829.0,57829.0,14,57829.578170357556,100.90873682886395,France,35,hybrid,True,moderna
0,96.0,217.0,618.0,1451.0,3133.0,6671.0,0.0,68.0,206.0,554.0,1232.0,2703.0,0.0,1.0,8.0,33.0,65.0,151.0,0.0,0.0,3.0,8.0,22.0,49.0,0.0,0.0,0.0,0.0,0.0,5.0,0.0,0.0,0.0,0.0,0.0,0.0,14,51248.04812063774,96.20660253502236,Japan,35,hybrid,True,none
0,97.0,163.0,206.0,231.0,243.0,248.0,0.0,62.0,107.0,129.0,146.0,150.0,0.0,1.0,10.0,15.0,16.0,16.0,0.0,0.0,3.0,5.0,5.0,5.0,0.0,0.0,0.0,2.0,4.0,4.0,54665.0,54665.0,54665.0,54665.0,54665.0,54665.0,14,54665.74057066582,97.89996992566367,UK,35,hybrid,True,pfizer
0,114.0,170.0,226.0,252.0,258.0,259.0,0.0,73.0,121.0,146.0,163.0,165.0,0.0,0.0,3.0,6.0,9.0,10.0,0.0,0.0,2.0,3.0,5.0,5.0,0.0,0.0,0.0,1.0,2.0,2.0,49068.0,49068.0,49068.0,49068.0,49068.0,49068.0,14,49068.517549896096,114.02622283491922,UK,35,hybrid,True,pfizer
0,102.0,147.0,176.0,188.0,200.0,202.0,0.0,56.0,98.0,120.0,126.0,127.0,0.0,0.0,7.0,10.0,12.0,12.0,0.0,0.0,2.0,3.0,3.0,3.0,0.0,0.0,0.0,2.0,3.0,3.0,55404.0,55404.0,55404.0,55404.0,55404.0,55404.0,14,55404.56648261997,102.71770583822666,France,35,hybrid,True,moderna
0,91.0,154.0,276.0,405.0,517.0,600.0,0.0,61.0,131.0,222.0,307.0,369.0,0.0,1.0,8.0,21.0,26.0,34.0,0.0,0.0,4.0,9.0,12.0,16.0,0.0,0.0,0.0,2.0,3.0,3.0,53090.0,53090.0,53090.0,53090.0,53090.0,53090.0,14,53090.00012099058,91.31866120474798,Japan,35,hybrid,True,az
0,109.0,225.0,565.0,1281.0,2723.0,5674.0,0.0,67.0,192.0,479.0,1036.0,2227.0,0.0,1.0,7.0,18.0,45.0,92.0,0.0,1.0,2.0,5.0,10.0,21.0,0.0,0.0,0.0,0.0,0.0,1.0,0.0,0.0,0.0,0.0,0.0,0.0,14,42063.50430172137,109.04678364033066,New Zealand,35,hybrid,True,none
0,110.0,243.0,602.0,1421.0,3235.0,6773.0,0.0,61.0,218.0,528.0,1216.0,2672.0,0.0,1.0,9.0,25.0,57.0,132.0,0.0,1.0,3.0,5.0,13.0,35.0,0.0,0.0,0.0,1.0,2.0,7.0,0.0,0.0,0.0,0.0,0.0,0.0,14,53231.171850130064,110.96026210921649,New Zealand,35,hybrid,True,none
0,98.0,189.0,345.0,551.0,693.0,786.0,0.0,75.0,166.0,273.0,392.0,481.0,0.0,2.0,9.0,24.0,32.0,51.0,0.0,2.0,5.0,8.0,12.0,21.0,0.0,0.0,0.0,0.0,4.0,4.0,52319.0,52319.0,52319.0,52319.0,52319.0,52319.0,14,52319.30612908732,98.72695920886197,Japan,35,hybrid,True,az
0,103.0,191.0,296.0,400.0,489.0,545.0,0.0,75.0,149.0,219.0,281.0,334.0,0.0,0.0,9.0,19.0,26.0,32.0,0.0,0.0,5.0,7.0,7.0,11.0,0.0,0.0,0.0,0.0,1.0,2.0,47608.0,47608.0,47608.0,47608.0,47608.0,47608.0,14,47608.097527473685,103.65432683290693,Japan,35,hybrid,True,az
0,112.0,249.0,622.0,1479.0,3215.0,6479.0,0.0,61.0,198.0,496.0,1167.0,2573.0,0.0,0.0,9.0,25.0,60.0,124.0,0.0,0.0,1.0,4.0,16.0,29.0,0.0,0.0,0.0,0.0,1.0,4.0,0.0,0.0,0.0,0.0,0.0,0.0,14,42198.2004689451,112.2360951181017,New Zealand,35,hybrid,True,none
0,97.0,205.0,428.0,679.0,880.0,1002.0,0.0,72.0,179.0,325.0,470.0,574.0,0.0,0.0,8.0,22.0,40.0,52.0,0.0,0.0,2.0,6.0,16.0,20.0,0.0,0.0,0.0,1.0,2.0,5.0,53782.0,53782.0,53782.0,53782.0,53782.0,53782.0,14,53782.70749888194,97.05897081377785,Japan,35,hybrid,True,az
0,95.0,125.0,145.0,157.0,159.0,160.0,0.0,48.0,83.0,91.0,100.0,101.0,0.0,0.0,5.0,7.0,8.0,8.0,0.0,0.0,2.0,3.0,3.0,3.0,0.0,0.0,0.0,0.0,0.0,1.0,47087.0,47087.0,47087.0,47087.0,47087.0,47087.0,14,47087.43723674126,95.28250607136303,France,35,hybrid,True,moderna
0,107.0,208.0,363.0,560.0,725.0,849.0,0.0,63.0,165.0,287.0,410.0,518.0,0.0,0.0,6.0,16.0,25.0,38.0,0.0,0.0,3.0,5.0,8.0,13.0,0.0,0.0,0.0,1.0,1.0,4.0,50795.0,50795.0,50795.0,50795.0,50795.0,50795.0,14,50795.14360142365,107.26778401328069,Japan,35,hybrid,True,az
0,102.0,193.0,358.0,524.0,668.0,780.0,0.0,69.0,159.0,265.0,380.0,463.0,0.0,2.0,10.0,23.0,35.0,49.0,0.0,0.0,2.0,3.0,7.0,14.0,0.0,0.0,0.0,0.0,0.0,2.0,46157.0,46157.0,46157.0,46157.0,46157.0,46157.0,14,46157.79848270967,102.08435208868978,Japan,35,hybrid,True,az
0,101.0,161.0,197.0,207.0,209.0,209.0,0.0,60.0,106.0,118.0,123.0,123.0,0.0,1.0,7.0,9.0,9.0,10.0,0.0,0.0,2.0,2.0,2.0,2.0,0.0,0.0,0.0,1.0,2.0,2.0,55293.0,55293.0,55293.0,55293.0,55293.0,55293.0,14,55293.05185530007,101.96934740278822,UK,35,hybrid,True,pfizer
0,96.0,251.0,665.0,1488.0,3055.0,6400.0,0.0,63.0,215.0,553.0,1185.0,2458.0,0.0,2.0,9.0,30.0,52.0,116.0,0.0,0.0,4.0,10.0,14.0,29.0,0.0,0.0,0.0,0.0,0.0,2.0,0.0,0.0,0.0,0.0,0.0,0.0,14,56179.36104437881,96.30709326539612,New Zealand,35,hybrid,True,none
0,97.0,124.0,153.0,158.0,158.0,158.0,0.0,55.0,89.0,98.0,99.0,99.0,0.0,0.0,2.0,4.0,4.0,4.0,0.0,0.0,1.0,2.0,2.0,2.0,0.0,0.0,0.0,0.0,0.0,0.0,53952.0,53952.0,53952.0,53952.0,53952.0,53952.0,14,53952.5618564824,97.00700328341607,UK,35,hybrid,True,pfizer
0,119.0,169.0,217.0,236.0,241.0,241.0,0.0,75.0,112.0,127.0,137.0,140.0,0.0,0.0,9.0,12.0,15.0,16.0,0.0,0.0,3.0,6.0,6.0,6.0,0.0,0.0,0.0,2.0,2.0,2.0,52116.0,52116.0,52116.0,52116.0,52116.0,52116.0,14,52116.16614680709,119.2624234038995,UK,35,hybrid,True,pfizer
0,114.0,141.0,172.0,187.0,198.0,201.0,0.0,73.0,99.0,114.0,121.0,130.0,0.0,1.0,6.0,9.0,11.0,11.0,0.0,1.0,4.0,6.0,7.0,9.0,0.0,0.0,0.0,2.0,2.0,3.0,47543.0,47543.0,47543.0,47543.0,47543.0,47543.0,14,47543.84758577553,114.02737673867706,France,35,hybrid,True,moderna
0,100.0,133.0,151.0,158.0,163.0,164.0,0.0,64.0,95.0,104.0,106.0,107.0,0.0,1.0,15.0,17.0,17.0,17.0,0.0,0.0,3.0,5.0,5.0,5.0,0.0,0.0,0.0,0.0,2.0,2.0,56469.0,56469.0,56469.0,56469.0,56469.0,56469.0,14,56469.46979963762,100.37786302198757,Japan,35,hybrid,True,moderna
0,97.0,134.0,156.0,164.0,169.0,171.0,0.0,58.0,83.0,90.0,92.0,95.0,0.0,0.0,8.0,11.0,12.0,13.0,0.0,0.0,3.0,4.0,4.0,4.0,0.0,0.0,0.0,0.0,2.0,3.0,47750.0,47750.0,47750.0,47750.0,47750.0,47750.0,14,47750.4931980308,97.04888678349829,France,35,hybrid,True,moderna
0,111.0,158.0,198.0,212.0,221.0,223.0,0.0,61.0,100.0,116.0,125.0,129.0,0.0,2.0,7.0,9.0,10.0,10.0,0.0,0.0,2.0,4.0,5.0,5.0,0.0,0.0,0.0,0.0,1.0,2.0,55691.0,55691.0,55691.0,55691.0,55691.0,55691.0,14,55691.97904139412,111.6187400397993,UK,35,hybrid,True,pfizer
0,103.0,203.0,402.0,624.0,795.0,929.0,0.0,65.0,171.0,292.0,431.0,525.0,0.0,2.0,11.0,26.0,38.0,51.0,0.0,1.0,5.0,8.0,9.0,15.0,0.0,0.0,0.0,1.0,4.0,7.0,42771.0,42771.0,42771.0,42771.0,42771.0,42771.0,14,42771.3788692918,103.36237331293083,Japan,35,hybrid,True,az
0,91.0,156.0,268.0,412.0,533.0,611.0,0.0,56.0,123.0,210.0,306.0,382.0,0.0,1.0,10.0,18.0,24.0,38.0,0.0,0.0,0.0,3.0,5.0,8.0,0.0,0.0,0.0,0.0,1.0,2.0,41583.0,41583.0,41583.0,41583.0,41583.0,41583.0,14,41583.34414924546,91.00275301289803,Japan,35,hybrid,True,az
0,127.0,181.0,235.0,258.0,265.0,265.0,0.0,66.0,112.0,143.0,150.0,151.0,0.0,1.0,8.0,9.0,11.0,12.0,0.0,0.0,3.0,3.0,4.0,4.0,0.0,0.0,0.0,2.0,3.0,4.0,53406.0,53406.0,53406.0,53406.0,53406.0,53406.0,14,53406.061586432144,127.09344269042042,UK,35,hybrid,True,pfizer
0,95.0,184.0,341.0,503.0,601.0,673.0,0.0,52.0,131.0,241.0,336.0,395.0,0.0,1.0,6.0,13.0,25.0,37.0,0.0,0.0,3.0,3.0,9.0,12.0,0.0,0.0,0.0,1.0,1.0,3.0,57267.0,57267.0,57267.0,57267.0,57267.0,57267.0,14,57267.420380247044,95.25523062243376,Japan,35,hybrid,True,az
0,99.0,231.0,638.0,1588.0,3589.0,7611.0,0.0,56.0,211.0,560.0,1314.0,2940.0,0.0,0.0,5.0,14.0,38.0,117.0,0.0,0.0,0.0,3.0,10.0,32.0,0.0,0.0,0.0,0.0,0.0,5.0,0.0,0.0,0.0,0.0,0.0,0.0,14,57014.6894342313,99.1384607379539,New Zealand,35,hybrid,True,none
0,111.0,215.0,492.0,1123.0,2456.0,4944.0,0.0,68.0,180.0,428.0,948.0,1995.0,0.0,1.0,8.0,15.0,44.0,79.0,0.0,1.0,3.0,5.0,13.0,22.0,0.0,0.0,0.0,1.0,2.0,4.0,0.0,0.0,0.0,0.0,0.0,0.0,14,51258.461690356286,111.57506413260393,France,35,hybrid,True,none
0,97.0,198.0,361.0,551.0,692.0,804.0,0.0,64.0,140.0,256.0,357.0,434.0,0.0,2.0,9.0,14.0,24.0,38.0,0.0,0.0,2.0,3.0,8.0,13.0,0.0,0.0,1.0,2.0,3.0,3.0,55059.0,55059.0,55059.0,55059.0,55059.0,55059.0,14,55059.869714963024,97.12154538993771,Japan,35,hybrid,True,az
0,90.0,202.0,488.0,1155.0,2736.0,6054.0,0.0,54.0,158.0,403.0,985.0,2281.0,0.0,1.0,8.0,16.0,33.0,99.0,0.0,0.0,2.0,6.0,11.0,25.0,0.0,0.0,0.0,0.0,2.0,5.0,0.0,0.0,0.0,0.0,0.0,0.0,14,52138.605880260155,90.40729881042841,New Zealand,35,hybrid,True,none
0,108.0,154.0,198.0,213.0,216.0,218.0,0.0,66.0,104.0,121.0,128.0,130.0,0.0,1.0,4.0,6.0,7.0,7.0,0.0,0.0,1.0,2.0,3.0,3.0,0.0,0.0,0.0,1.0,1.0,1.0,53271.0,53271.0,53271.0,53271.0,53271.0,53271.0,14,53271.38311761974,108.9785939969846,UK,35,hybrid,True,pfizer
0,81.0,200.0,483.0,1194.0,2717.0,5765.0,0.0,51.0,174.0,422.0,1024.0,2202.0,0.0,1.0,3.0,12.0,31.0,93.0,0.0,0.0,0.0,1.0,5.0,25.0,0.0,0.0,0.0,0.0,0.0,2.0,0.0,0.0,0.0,0.0,0.0,0.0,14,48799.2923500538,81.09635611490593,New Zealand,35,hybrid,True,none
0,74.0,112.0,135.0,148.0,149.0,149.0,0.0,49.0,73.0,90.0,94.0,94.0,0.0,0.0,2.0,5.0,5.0,5.0,0.0,0.0,1.0,1.0,1.0,1.0,0.0,0.0,0.0,1.0,1.0,1.0,44246.0,44246.0,44246.0,44246.0,44246.0,44246.0,14,44246.13370465697,74.81690771498535,UK,35,hybrid,True,pfizer
0,107.0,144.0,191.0,213.0,225.0,229.0,0.0,64.0,107.0,127.0,134.0,142.0,0.0,0.0,4.0,6.0,8.0,9.0,0.0,0.0,2.0,3.0,4.0,5.0,0.0,0.0,0.0,0.0,1.0,1.0,51270.0,51270.0,51270.0,51270.0,51270.0,51270.0,14,51270.940179759324,107.96395812461144,UK,35,hybrid,True,pfizer
0,119.0,165.0,208.0,225.0,238.0,243.0,0.0,67.0,107.0,123.0,127.0,130.0,0.0,2.0,10.0,13.0,14.0,15.0,0.0,0.0,4.0,6.0,6.0,6.0,0.0,0.0,0.0,2.0,3.0,3.0,49925.0,49925.0,49925.0,49925.0,49925.0,49925.0,14,49925.19005081716,119.47290781251414,France,35,hybrid,True,moderna
0,113.0,248.0,587.0,1295.0,2741.0,5772.0,0.0,68.0,203.0,475.0,1058.0,2217.0,0.0,1.0,5.0,20.0,39.0,105.0,0.0,0.0,0.0,3.0,7.0,27.0,0.0,0.0,0.0,0.0,0.0,3.0,0.0,0.0,0.0,0.0,0.0,0.0,14,43103.83926422621,113.03505506057384,New Zealand,35,hybrid,True,none
0,96.0,121.0,149.0,153.0,154.0,155.0,0.0,54.0,76.0,92.0,93.0,93.0,0.0,0.0,2.0,5.0,6.0,6.0,0.0,0.0,0.0,0.0,1.0,1.0,0.0,0.0,0.0,0.0,0.0,0.0,53524.0,53524.0,53524.0,53524.0,53524.0,53524.0,14,53524.17726307342,96.20996388860443,France,35,hybrid,True,moderna
0,113.0,246.0,665.0,1589.0,3355.0,6922.0,0.0,78.0,222.0,572.0,1343.0,2780.0,0.0,0.0,6.0,24.0,66.0,144.0,0.0,0.0,1.0,8.0,20.0,45.0,0.0,0.0,0.0,0.0,1.0,2.0,0.0,0.0,0.0,0.0,0.0,0.0,14,47614.524533455966,113.59318605127639,Japan,35,hybrid,True,none
0,100.0,208.0,412.0,602.0,778.0,888.0,0.0,74.0,168.0,296.0,417.0,512.0,0.0,1.0,9.0,16.0,25.0,38.0,0.0,1.0,3.0,4.0,7.0,10.0,0.0,0.0,0.0,1.0,1.0,2.0,48741.0,48741.0,48741.0,48741.0,48741.0,48741.0,14,48741.53727567936,100.28510884938248,UK,35,hybrid,True,az
0,101.0,147.0,182.0,195.0,199.0,203.0,0.0,67.0,106.0,125.0,131.0,135.0,0.0,2.0,12.0,12.0,12.0,12.0,0.0,1.0,4.0,5.0,5.0,5.0,0.0,0.0,1.0,4.0,4.0,4.0,49792.0,49792.0,49792.0,49792.0,49792.0,49792.0,14,49792.0364318088,101.08226473562301,France,35,hybrid,True,moderna
0,102.0,167.0,231.0,264.0,272.0,282.0,0.0,63.0,122.0,151.0,165.0,169.0,0.0,2.0,11.0,14.0,15.0,15.0,0.0,0.0,5.0,5.0,6.0,6.0,0.0,0.0,0.0,2.0,4.0,5.0,45085.0,45085.0,45085.0,45085.0,45085.0,45085.0,14,45085.8554225181,102.37231188395303,UK,35,hybrid,True,moderna
0,91.0,131.0,160.0,166.0,170.0,171.0,0.0,63.0,90.0,103.0,105.0,108.0,0.0,0.0,6.0,6.0,7.0,7.0,0.0,0.0,3.0,3.0,3.0,3.0,0.0,0.0,0.0,1.0,1.0,1.0,57772.0,57772.0,57772.0,57772.0,57772.0,57772.0,14,57772.16560215592,91.26830880643988,France,35,hybrid,True,moderna
0,122.0,168.0,199.0,215.0,218.0,219.0,0.0,79.0,119.0,134.0,142.0,145.0,0.0,2.0,6.0,10.0,11.0,11.0,0.0,1.0,3.0,4.0,4.0,4.0,0.0,0.0,0.0,1.0,1.0,1.0,50479.0,50479.0,50479.0,50479.0,50479.0,50479.0,14,50479.086594803346,122.21008966961563,France,35,hybrid,True,moderna
0,100.0,203.0,368.0,537.0,644.0,720.0,0.0,70.0,176.0,277.0,387.0,447.0,0.0,1.0,11.0,24.0,41.0,47.0,0.0,0.0,6.0,9.0,15.0,19.0,0.0,0.0,0.0,0.0,1.0,2.0,49630.0,49630.0,49630.0,49630.0,49630.0,49630.0,14,49630.44200947505,100.63553858245739,Japan,35,hybrid,True,az
0,102.0,204.0,362.0,570.0,726.0,820.0,0.0,61.0,151.0,254.0,366.0,454.0,0.0,0.0,4.0,9.0,18.0,25.0,0.0,0.0,1.0,4.0,6.0,8.0,0.0,0.0,0.0,1.0,2.0,3.0,45901.0,45901.0,45901.0,45901.0,45901.0,45901.0,14,45901.00104256807,102.88877024736543,UK,35,hybrid,True,az
0,87.0,113.0,145.0,156.0,158.0,161.0,0.0,49.0,77.0,90.0,98.0,99.0,0.0,0.0,5.0,8.0,9.0,9.0,0.0,0.0,2.0,3.0,4.0,4.0,0.0,0.0,0.0,1.0,2.0,3.0,51960.0,51960.0,51960.0,51960.0,51960.0,51960.0,14,51960.268718875115,87.03868534626858,France,35,hybrid,True,moderna
0,107.0,206.0,365.0,519.0,631.0,712.0,0.0,66.0,163.0,255.0,347.0,404.0,0.0,1.0,7.0,13.0,22.0,25.0,0.0,0.0,1.0,3.0,7.0,9.0,0.0,0.0,0.0,0.0,2.0,2.0,56004.0,56004.0,56004.0,56004.0,56004.0,56004.0,14,56004.377155456285,107.6572280568385,UK,35,hybrid,True,az
0,99.0,142.0,192.0,216.0,224.0,229.0,0.0,56.0,93.0,120.0,128.0,132.0,0.0,1.0,6.0,8.0,8.0,9.0,0.0,0.0,1.0,1.0,2.0,3.0,0.0,0.0,0.0,1.0,2.0,2.0,55390.0,55390.0,55390.0,55390.0,55390.0,55390.0,14,55390.48355193267,99.04317531015636,France,35,hybrid,True,moderna
0,112.0,269.0,715.0,1585.0,3391.0,6967.0,0.0,71.0,226.0,575.0,1263.0,2672.0,0.0,2.0,8.0,22.0,51.0,112.0,0.0,0.0,1.0,4.0,15.0,30.0,0.0,0.0,0.0,1.0,1.0,6.0,0.0,0.0,0.0,0.0,0.0,0.0,14,50431.531835567104,112.95599622808429,New Zealand,35,hybrid,True,none
0,102.0,127.0,164.0,181.0,189.0,193.0,0.0,62.0,89.0,99.0,105.0,107.0,0.0,0.0,5.0,9.0,9.0,10.0,0.0,0.0,0.0,3.0,3.0,3.0,0.0,0.0,0.0,0.0,1.0,1.0,47652.0,47652.0,47652.0,47652.0,47652.0,47652.0,14,47652.69416824475,102.3164746464938,France,35,hybrid,True,moderna
0,116.0,224.0,412.0,662.0,860.0,1021.0,0.0,84.0,186.0,329.0,490.0,601.0,0.0,2.0,8.0,23.0,41.0,51.0,0.0,1.0,2.0,6.0,11.0,16.0,0.0,0.0,0.0,1.0,2.0,6.0,57710.0,57710.0,57710.0,57710.0,57710.0,57710.0,14,57710.198161341075,116.10918682006289,Japan,35,hybrid,True,az
0,100.0,246.0,644.0,1475.0,3121.0,6391.0,0.0,61.0,219.0,560.0,1208.0,2597.0,0.0,1.0,8.0,27.0,61.0,128.0,0.0,0.0,1.0,4.0,10.0,27.0,0.0,0.0,0.0,0.0,0.0,4.0,0.0,0.0,0.0,0.0,0.0,0.0,14,49679.48334148222,100.94854535071724,France,35,hybrid,True,none
0,106.0,152.0,194.0,213.0,222.0,224.0,0.0,60.0,97.0,118.0,125.0,129.0,0.0,1.0,5.0,6.0,6.0,6.0,0.0,0.0,0.0,1.0,1.0,1.0,0.0,0.0,0.0,0.0,0.0,1.0,47447.0,47447.0,47447.0,47447.0,47447.0,47447.0,14,47447.47208542756,106.67110898876766,France,35,hybrid,True,moderna
0,90.0,116.0,147.0,154.0,156.0,160.0,0.0,48.0,79.0,95.0,99.0,101.0,0.0,1.0,8.0,10.0,10.0,10.0,0.0,0.0,3.0,4.0,4.0,4.0,0.0,0.0,0.0,2.0,2.0,2.0,51007.0,51007.0,51007.0,51007.0,51007.0,51007.0,14,51007.833416959256,90.93367624232889,UK,35,hybrid,True,pfizer
0,89.0,178.0,327.0,499.0,649.0,747.0,0.0,66.0,145.0,244.0,354.0,432.0,0.0,1.0,7.0,19.0,32.0,42.0,0.0,0.0,1.0,5.0,8.0,11.0,0.0,0.0,0.0,1.0,2.0,4.0,48856.0,48856.0,48856.0,48856.0,48856.0,48856.0,14,48856.794533452216,89.2094624159986,Japan,35,hybrid,True,az
0,107.0,147.0,199.0,228.0,242.0,247.0,0.0,67.0,110.0,135.0,151.0,152.0,0.0,1.0,10.0,12.0,17.0,19.0,0.0,1.0,2.0,3.0,7.0,7.0,0.0,0.0,0.0,1.0,3.0,3.0,42691.0,42691.0,42691.0,42691.0,42691.0,42691.0,14,42691.61434894515,107.47246605264145,Japan,35,hybrid,True,moderna
0,95.0,212.0,425.0,657.0,828.0,941.0,0.0,57.0,160.0,298.0,427.0,522.0,0.0,1.0,4.0,13.0,21.0,33.0,0.0,1.0,1.0,3.0,6.0,10.0,0.0,0.0,0.0,0.0,0.0,1.0,51345.0,51345.0,51345.0,51345.0,51345.0,51345.0,14,51345.9259199703,95.81950949467138,New Zealand,35,hybrid,True,az
0,96.0,223.0,610.0,1476.0,3380.0,7337.0,0.0,57.0,195.0,497.0,1199.0,2716.0,0.0,1.0,9.0,23.0,61.0,137.0,0.0,0.0,1.0,5.0,16.0,36.0,0.0,0.0,0.0,2.0,2.0,7.0,0.0,0.0,0.0,0.0,0.0,0.0,14,46930.450441700305,96.44756577403508,New Zealand,35,hybrid,True,none
0,92.0,193.0,353.0,517.0,634.0,699.0,0.0,53.0,146.0,238.0,328.0,388.0,0.0,0.0,5.0,15.0,23.0,32.0,0.0,0.0,2.0,6.0,8.0,15.0,0.0,0.0,0.0,0.0,0.0,3.0,51927.0,51927.0,51927.0,51927.0,51927.0,51927.0,14,51927.21275750063,92.45984792605627,France,35,hybrid,True,az
0,114.0,238.0,424.0,629.0,800.0,934.0,0.0,80.0,195.0,329.0,468.0,576.0,0.0,0.0,10.0,21.0,38.0,54.0,0.0,0.0,2.0,4.0,9.0,15.0,0.0,0.0,1.0,1.0,2.0,2.0,54481.0,54481.0,54481.0,54481.0,54481.0,54481.0,14,54481.02527944353,114.51785372084882,Japan,35,hybrid,True,az
0,114.0,187.0,299.0,393.0,482.0,537.0,0.0,70.0,137.0,209.0,263.0,315.0,0.0,0.0,3.0,12.0,18.0,25.0,0.0,0.0,1.0,5.0,8.0,12.0,0.0,0.0,0.0,0.0,0.0,1.0,47843.0,47843.0,47843.0,47843.0,47843.0,47843.0,14,47843.440725833985,114.79174730298631,France,35,hybrid,True,az
0,104.0,285.0,779.0,1909.0,4188.0,8586.0,0.0,62.0,244.0,634.0,1599.0,3436.0,0.0,2.0,10.0,32.0,77.0,159.0,0.0,0.0,3.0,7.0,19.0,39.0,0.0,0.0,0.0,0.0,0.0,3.0,0.0,0.0,0.0,0.0,0.0,0.0,14,44645.501261715515,104.73903350049324,UK,35,hybrid,True,none
0,82.0,187.0,524.0,1202.0,2645.0,5563.0,0.0,55.0,156.0,426.0,983.0,2126.0,0.0,1.0,4.0,13.0,34.0,70.0,0.0,0.0,0.0,1.0,6.0,19.0,0.0,0.0,0.0,0.0,1.0,3.0,0.0,0.0,0.0,0.0,0.0,0.0,14,48429.83037103321,82.09467900250486,New Zealand,35,hybrid,True,none
0,87.0,134.0,151.0,155.0,157.0,157.0,0.0,55.0,99.0,105.0,105.0,107.0,0.0,0.0,11.0,14.0,14.0,14.0,0.0,0.0,1.0,3.0,4.0,4.0,0.0,0.0,0.0,0.0,1.0,2.0,49105.0,49105.0,49105.0,49105.0,49105.0,49105.0,14,49105.91017819396,87.15207926568125,France,35,hybrid,True,moderna
0,88.0,131.0,163.0,174.0,183.0,184.0,0.0,47.0,85.0,99.0,105.0,110.0,0.0,1.0,5.0,5.0,5.0,5.0,0.0,0.0,2.0,2.0,2.0,2.0,0.0,0.0,0.0,0.0,0.0,1.0,44103.0,44103.0,44103.0,44103.0,44103.0,44103.0,14,44103.18444476669,88.27696857836929,UK,35,hybrid,True,pfizer
0,94.0,210.0,546.0,1239.0,2646.0,5437.0,0.0,45.0,169.0,441.0,990.0,2123.0,0.0,0.0,3.0,14.0,39.0,95.0,0.0,0.0,1.0,2.0,9.0,24.0,0.0,0.0,0.0,0.0,0.0,3.0,0.0,0.0,0.0,0.0,0.0,0.0,14,43067.463419533,94.45273123504604,New Zealand,35,hybrid,True,none
0,100.0,225.0,666.0,1641.0,3837.0,8089.0,0.0,58.0,196.0,571.0,1367.0,3113.0,0.0,1.0,10.0,19.0,55.0,141.0,0.0,0.0,2.0,2.0,12.0,40.0,0.0,0.0,0.0,0.0,0.0,2.0,0.0,0.0,0.0,0.0,0.0,0.0,14,52948.98115452131,100.48386117757994,New Zealand,35,hybrid,True,none
0,89.0,116.0,141.0,146.0,148.0,148.0,0.0,59.0,88.0,99.0,100.0,102.0,0.0,0.0,5.0,6.0,7.0,7.0,0.0,0.0,1.0,1.0,1.0,1.0,0.0,0.0,0.0,0.0,0.0,0.0,46748.0,46748.0,46748.0,46748.0,46748.0,46748.0,14,46748.691357897755,89.54256915540385,France,35,hybrid,True,moderna
0,86.0,119.0,148.0,159.0,163.0,164.0,0.0,47.0,79.0,93.0,100.0,101.0,0.0,0.0,5.0,7.0,8.0,9.0,0.0,0.0,1.0,2.0,2.0,2.0,0.0,0.0,0.0,0.0,1.0,2.0,44125.0,44125.0,44125.0,44125.0,44125.0,44125.0,14,44125.51241534023,86.13931154943388,France,35,hybrid,True,moderna
0,95.0,125.0,162.0,176.0,182.0,185.0,0.0,56.0,87.0,99.0,105.0,107.0,0.0,3.0,6.0,9.0,10.0,11.0,0.0,0.0,1.0,3.0,3.0,4.0,0.0,0.0,0.0,0.0,0.0,0.0,43467.0,43467.0,43467.0,43467.0,43467.0,43467.0,14,43467.94292817892,95.15978503567388,UK,35,hybrid,True,pfizer
0,90.0,127.0,154.0,162.0,168.0,168.0,0.0,59.0,89.0,102.0,103.0,104.0,0.0,0.0,11.0,14.0,16.0,16.0,0.0,0.0,1.0,2.0,5.0,5.0,0.0,0.0,0.0,1.0,1.0,2.0,40339.0,40339.0,40339.0,40339.0,40339.0,40339.0,14,40339.94707047463,90.27496840852359,France,35,hybrid,True,pfizer
0,74.0,215.0,612.0,1460.0,3148.0,6312.0,0.0,51.0,184.0,524.0,1180.0,2546.0,0.0,0.0,7.0,24.0,54.0,117.0,0.0,0.0,4.0,11.0,18.0,27.0,0.0,0.0,0.0,1.0,4.0,6.0,0.0,0.0,0.0,0.0,0.0,0.0,14,42503.86401792145,74.47259872866911,New Zealand,35,hybrid,True,none
0,89.0,123.0,148.0,155.0,155.0,155.0,0.0,56.0,84.0,95.0,97.0,97.0,0.0,0.0,2.0,4.0,4.0,5.0,0.0,0.0,1.0,2.0,2.0,3.0,0.0,0.0,0.0,0.0,0.0,0.0,46733.0,46733.0,46733.0,46733.0,46733.0,46733.0,14,46733.41567690024,89.72670959999398,UK,35,hybrid,True,pfizer
0,89.0,127.0,152.0,170.0,175.0,178.0,0.0,49.0,78.0,88.0,99.0,102.0,0.0,2.0,4.0,7.0,8.0,9.0,0.0,0.0,1.0,2.0,2.0,2.0,0.0,0.0,0.0,0.0,1.0,1.0,50478.0,50478.0,50478.0,50478.0,50478.0,50478.0,14,50478.12618111898,89.97418340608648,UK,35,hybrid,True,pfizer
0,95.0,126.0,154.0,158.0,161.0,162.0,0.0,53.0,83.0,92.0,94.0,95.0,0.0,1.0,8.0,9.0,9.0,9.0,0.0,1.0,2.0,4.0,4.0,4.0,0.0,0.0,0.0,2.0,3.0,3.0,46921.0,46921.0,46921.0,46921.0,46921.0,46921.0,14,46921.648220518146,95.82849498246958,France,35,hybrid,True,moderna
0,98.0,237.0,664.0,1621.0,3684.0,7823.0,0.0,65.0,197.0,557.0,1349.0,2999.0,0.0,1.0,9.0,21.0,55.0,138.0,0.0,0.0,5.0,8.0,17.0,34.0,0.0,0.0,0.0,2.0,4.0,6.0,0.0,0.0,0.0,0.0,0.0,0.0,14,52145.169084092304,98.05279797044149,New Zealand,35,hybrid,True,none
0,98.0,252.0,660.0,1562.0,3495.0,7190.0,0.0,58.0,205.0,527.0,1283.0,2839.0,0.0,0.0,5.0,21.0,53.0,127.0,0.0,0.0,2.0,6.0,13.0,29.0,0.0,0.0,0.0,0.0,3.0,4.0,0.0,0.0,0.0,0.0,0.0,0.0,14,49600.89217367191,98.50753466137282,New Zealand,35,hybrid,True,none
0,107.0,151.0,181.0,195.0,198.0,205.0,0.0,68.0,102.0,127.0,130.0,134.0,0.0,0.0,6.0,9.0,11.0,11.0,0.0,0.0,3.0,5.0,6.0,6.0,0.0,0.0,0.0,2.0,2.0,2.0,49382.0,49382.0,49382.0,49382.0,49382.0,49382.0,14,49382.37627345967,107.58691258466258,France,35,hybrid,True,moderna
0,104.0,278.0,754.0,1773.0,3801.0,7861.0,0.0,72.0,242.0,626.0,1426.0,3092.0,0.0,2.0,13.0,30.0,76.0,165.0,0.0,0.0,3.0,12.0,26.0,47.0,0.0,0.0,0.0,2.0,6.0,6.0,0.0,0.0,0.0,0.0,0.0,0.0,14,45986.05174166592,104.47446944848264,UK,35,hybrid,True,none
0,113.0,160.0,196.0,211.0,218.0,220.0,0.0,74.0,114.0,131.0,134.0,137.0,0.0,4.0,15.0,18.0,18.0,18.0,0.0,1.0,4.0,7.0,7.0,7.0,0.0,0.0,1.0,3.0,4.0,5.0,39560.0,39560.0,39560.0,39560.0,39560.0,39560.0,14,39560.27179100468,113.28924667913964,France,35,hybrid,True,moderna
0,88.0,139.0,251.0,361.0,450.0,510.0,0.0,60.0,114.0,180.0,235.0,286.0,0.0,1.0,12.0,22.0,24.0,31.0,0.0,1.0,9.0,13.0,13.0,17.0,0.0,0.0,1.0,4.0,7.0,8.0,55013.0,55013.0,55013.0,55013.0,55013.0,55013.0,14,55013.99474712158,88.83054943581655,Japan,35,hybrid,True,az
0,94.0,130.0,168.0,177.0,184.0,187.0,0.0,56.0,94.0,110.0,116.0,118.0,0.0,1.0,5.0,10.0,16.0,17.0,0.0,0.0,1.0,2.0,2.0,2.0,0.0,0.0,0.0,0.0,1.0,1.0,50628.0,50628.0,50628.0,50628.0,50628.0,50628.0,14,50628.105835562594,94.37405387144753,France,35,hybrid,True,moderna
0,109.0,247.0,672.0,1447.0,3146.0,6415.0,0.0,69.0,222.0,540.0,1195.0,2538.0,0.0,1.0,10.0,26.0,56.0,120.0,0.0,0.0,1.0,7.0,18.0,37.0,0.0,0.0,0.0,1.0,1.0,5.0,0.0,0.0,0.0,0.0,0.0,0.0,14,48229.30490822252,109.04476688949174,UK,35,hybrid,True,none
0,106.0,272.0,681.0,1692.0,3696.0,7506.0,0.0,76.0,214.0,589.0,1374.0,2957.0,0.0,2.0,10.0,23.0,60.0,165.0,0.0,1.0,3.0,4.0,8.0,39.0,0.0,0.0,0.0,0.0,2.0,3.0,0.0,0.0,0.0,0.0,0.0,0.0,14,50464.98665438959,106.9248688913753,New Zealand,35,hybrid,True,none
0,106.0,210.0,398.0,564.0,714.0,799.0,0.0,68.0,166.0,279.0,389.0,456.0,0.0,1.0,4.0,7.0,17.0,24.0,0.0,0.0,1.0,1.0,2.0,5.0,0.0,0.0,0.0,0.0,0.0,0.0,48722.0,48722.0,48722.0,48722.0,48722.0,48722.0,14,48722.197811552745,106.06977354940636,New Zealand,35,hybrid,True,az
0,102.0,146.0,180.0,193.0,202.0,204.0,0.0,61.0,97.0,114.0,121.0,124.0,0.0,0.0,2.0,3.0,4.0,6.0,0.0,0.0,0.0,0.0,1.0,1.0,0.0,0.0,0.0,0.0,0.0,0.0,43693.0,43693.0,43693.0,43693.0,43693.0,43693.0,14,43693.76193173344,102.72806742459107,France,35,hybrid,True,moderna
0,98.0,125.0,146.0,151.0,155.0,156.0,0.0,67.0,96.0,101.0,107.0,108.0,0.0,0.0,8.0,11.0,13.0,13.0,0.0,0.0,2.0,4.0,4.0,4.0,0.0,0.0,0.0,1.0,1.0,1.0,44858.0,44858.0,44858.0,44858.0,44858.0,44858.0,14,44858.466816719956,98.94463042330362,France,35,hybrid,True,moderna
0,106.0,231.0,471.0,703.0,876.0,983.0,0.0,65.0,165.0,318.0,442.0,529.0,0.0,0.0,7.0,17.0,32.0,41.0,0.0,0.0,2.0,7.0,12.0,12.0,0.0,0.0,0.0,2.0,2.0,3.0,41318.0,41318.0,41318.0,41318.0,41318.0,41318.0,14,41318.48777801577,106.17438768092369,New Zealand,35,hybrid,True,az
0,101.0,179.0,322.0,459.0,551.0,601.0,0.0,66.0,148.0,233.0,324.0,368.0,0.0,0.0,7.0,13.0,21.0,26.0,0.0,0.0,3.0,5.0,7.0,9.0,0.0,0.0,0.0,1.0,1.0,2.0,46150.0,46150.0,46150.0,46150.0,46150.0,46150.0,14,46150.69735577155,101.55427932487505,Japan,35,hybrid,True,az
0,113.0,238.0,495.0,1022.0,2116.0,4352.0,0.0,69.0,196.0,416.0,829.0,1743.0,0.0,3.0,12.0,25.0,55.0,87.0,0.0,2.0,3.0,10.0,19.0,29.0,0.0,0.0,0.0,0.0,0.0,5.0,0.0,0.0,0.0,0.0,0.0,0.0,14,56094.64207569324,113.3060972281397,France,35,hybrid,True,none
0,91.0,211.0,644.0,1648.0,3732.0,7891.0,0.0,54.0,177.0,536.0,1350.0,3011.0,0.0,0.0,6.0,17.0,63.0,141.0,0.0,0.0,2.0,5.0,14.0,28.0,0.0,0.0,0.0,1.0,4.0,6.0,0.0,0.0,0.0,0.0,0.0,0.0,14,48945.39688746263,91.63493903932422,New Zealand,35,hybrid,True,none
0,92.0,143.0,180.0,202.0,206.0,208.0,0.0,67.0,114.0,128.0,133.0,133.0,0.0,1.0,6.0,9.0,9.0,11.0,0.0,0.0,0.0,2.0,2.0,2.0,0.0,0.0,0.0,0.0,0.0,0.0,47321.0,47321.0,47321.0,47321.0,47321.0,47321.0,14,47321.984388094665,92.61828284065399,UK,35,hybrid,True,pfizer
0,111.0,153.0,189.0,200.0,202.0,202.0,0.0,79.0,117.0,131.0,137.0,138.0,0.0,3.0,8.0,11.0,13.0,14.0,0.0,0.0,0.0,0.0,0.0,0.0,0.0,0.0,0.0,0.0,0.0,0.0,52527.0,52527.0,52527.0,52527.0,52527.0,52527.0,14,52527.67210596981,111.99025158548426,Japan,35,hybrid,True,pfizer
0,87.0,158.0,278.0,443.0,573.0,646.0,0.0,52.0,124.0,211.0,322.0,400.0,0.0,2.0,7.0,16.0,30.0,39.0,0.0,0.0,1.0,4.0,8.0,13.0,0.0,0.0,0.0,0.0,2.0,4.0,47010.0,47010.0,47010.0,47010.0,47010.0,47010.0,14,47010.82692901608,87.74750224723176,Japan,35,hybrid,True,az
0,90.0,188.0,417.0,904.0,1991.0,4227.0,0.0,47.0,151.0,339.0,730.0,1583.0,0.0,1.0,7.0,12.0,33.0,65.0,0.0,1.0,3.0,3.0,10.0,18.0,0.0,0.0,0.0,0.0,0.0,0.0,0.0,0.0,0.0,0.0,0.0,0.0,14,45354.36577379965,90.06110445908732,New Zealand,35,hybrid,True,none
0,84.0,220.0,397.0,621.0,816.0,937.0,0.0,68.0,164.0,288.0,409.0,524.0,0.0,1.0,5.0,13.0,22.0,36.0,0.0,0.0,2.0,6.0,8.0,14.0,0.0,0.0,0.0,0.0,1.0,4.0,53510.0,53510.0,53510.0,53510.0,53510.0,53510.0,14,53510.17978646482,84.1300213320271,Japan,35,hybrid,True,az
0,82.0,163.0,299.0,465.0,628.0,716.0,0.0,61.0,126.0,225.0,329.0,416.0,0.0,0.0,3.0,10.0,19.0,27.0,0.0,0.0,1.0,3.0,8.0,9.0,0.0,0.0,0.0,0.0,2.0,2.0,44933.0,44933.0,44933.0,44933.0,44933.0,44933.0,14,44933.18082589129,82.84991848962679,Japan,35,hybrid,True,az
0,98.0,203.0,451.0,1001.0,2233.0,4960.0,0.0,65.0,158.0,377.0,811.0,1808.0,0.0,0.0,3.0,15.0,37.0,69.0,0.0,0.0,0.0,4.0,12.0,24.0,0.0,0.0,0.0,0.0,1.0,5.0,0.0,0.0,0.0,0.0,0.0,0.0,14,59609.88931329552,98.56684619294884,New Zealand,35,hybrid,True,none
0,93.0,218.0,590.0,1391.0,3049.0,6431.0,0.0,53.0,183.0,514.0,1129.0,2465.0,0.0,1.0,6.0,25.0,56.0,119.0,0.0,0.0,0.0,7.0,15.0,28.0,0.0,0.0,0.0,0.0,3.0,6.0,0.0,0.0,0.0,0.0,0.0,0.0,14,58672.65254850864,93.75414525263392,New Zealand,35,hybrid,True,none
0,99.0,132.0,159.0,174.0,181.0,184.0,0.0,61.0,88.0,111.0,117.0,122.0,0.0,0.0,8.0,12.0,13.0,14.0,0.0,0.0,2.0,5.0,5.0,5.0,0.0,0.0,0.0,0.0,0.0,0.0,52820.0,52820.0,52820.0,52820.0,52820.0,52820.0,14,52820.42046335128,99.98908036229099,France,35,hybrid,True,moderna
0,97.0,184.0,325.0,502.0,655.0,770.0,0.0,66.0,148.0,238.0,354.0,445.0,0.0,1.0,4.0,9.0,17.0,29.0,0.0,0.0,0.0,4.0,7.0,11.0,0.0,0.0,0.0,0.0,1.0,2.0,50334.0,50334.0,50334.0,50334.0,50334.0,50334.0,14,50334.25268170126,97.3264894864757,Japan,35,hybrid,True,az
0,91.0,116.0,143.0,156.0,157.0,160.0,0.0,53.0,77.0,88.0,89.0,89.0,0.0,0.0,1.0,5.0,5.0,5.0,0.0,0.0,0.0,1.0,1.0,1.0,0.0,0.0,0.0,0.0,0.0,0.0,60576.0,60576.0,60576.0,60576.0,60576.0,60576.0,14,60576.625130279856,91.93866483893468,UK,35,hybrid,True,pfizer
0,105.0,237.0,456.0,719.0,919.0,1062.0,0.0,61.0,172.0,322.0,472.0,588.0,0.0,1.0,7.0,19.0,30.0,36.0,0.0,1.0,1.0,4.0,7.0,12.0,0.0,0.0,0.0,1.0,3.0,4.0,47672.0,47672.0,47672.0,47672.0,47672.0,47672.0,14,47672.39645436942,105.91915036325634,UK,35,hybrid,True,az
0,88.0,196.0,501.0,1185.0,2574.0,5374.0,0.0,55.0,163.0,419.0,970.0,2068.0,0.0,1.0,2.0,12.0,46.0,112.0,0.0,1.0,2.0,6.0,12.0,29.0,0.0,0.0,0.0,0.0,1.0,2.0,0.0,0.0,0.0,0.0,0.0,0.0,14,52943.66216802714,88.93609466341965,New Zealand,35,hybrid,True,none
0,111.0,165.0,214.0,238.0,245.0,246.0,0.0,57.0,105.0,130.0,142.0,144.0,0.0,2.0,5.0,10.0,13.0,14.0,0.0,0.0,1.0,2.0,4.0,4.0,0.0,0.0,0.0,0.0,1.0,1.0,51144.0,51144.0,51144.0,51144.0,51144.0,51144.0,14,51144.29275818297,111.98843690281754,France,35,hybrid,True,moderna
0,100.0,192.0,336.0,482.0,590.0,665.0,0.0,64.0,147.0,216.0,309.0,373.0,0.0,0.0,2.0,8.0,15.0,18.0,0.0,0.0,0.0,1.0,3.0,4.0,0.0,0.0,0.0,0.0,0.0,1.0,40827.0,40827.0,40827.0,40827.0,40827.0,40827.0,14,40827.936185686485,100.65002523401448,New Zealand,35,hybrid,True,az
0,114.0,205.0,408.0,627.0,779.0,880.0,0.0,72.0,180.0,308.0,435.0,533.0,0.0,2.0,7.0,21.0,36.0,46.0,0.0,0.0,1.0,5.0,8.0,14.0,0.0,0.0,0.0,0.0,3.0,5.0,60849.0,60849.0,60849.0,60849.0,60849.0,60849.0,14,60849.06234821621,114.09420947809974,Japan,35,hybrid,True,az
0,121.0,175.0,222.0,237.0,245.0,247.0,0.0,74.0,119.0,145.0,148.0,152.0,0.0,1.0,7.0,10.0,12.0,13.0,0.0,0.0,2.0,4.0,4.0,4.0,0.0,0.0,0.0,0.0,2.0,2.0,53365.0,53365.0,53365.0,53365.0,53365.0,53365.0,14,53365.87646414669,121.00312536860685,France,35,hybrid,True,moderna
0,88.0,124.0,155.0,166.0,173.0,174.0,0.0,54.0,89.0,104.0,110.0,112.0,0.0,0.0,6.0,10.0,11.0,11.0,0.0,0.0,1.0,2.0,3.0,3.0,0.0,0.0,0.0,0.0,1.0,1.0,50908.0,50908.0,50908.0,50908.0,50908.0,50908.0,14,50908.00801016722,88.78117713722469,Japan,35,hybrid,True,pfizer
0,93.0,139.0,181.0,205.0,206.0,207.0,0.0,50.0,89.0,112.0,123.0,125.0,0.0,0.0,2.0,5.0,8.0,8.0,0.0,0.0,1.0,2.0,3.0,3.0,0.0,0.0,0.0,0.0,1.0,1.0,44697.0,44697.0,44697.0,44697.0,44697.0,44697.0,14,44697.85645100515,93.64397829182134,New Zealand,35,hybrid,True,pfizer
0,84.0,194.0,357.0,570.0,728.0,829.0,0.0,62.0,150.0,265.0,379.0,476.0,0.0,0.0,8.0,15.0,29.0,39.0,0.0,0.0,1.0,5.0,11.0,14.0,0.0,0.0,0.0,1.0,1.0,2.0,41191.0,41191.0,41191.0,41191.0,41191.0,41191.0,14,41191.00430012537,84.17683790201112,UK,35,hybrid,True,az
0,101.0,214.0,427.0,669.0,854.0,954.0,0.0,63.0,182.0,315.0,461.0,540.0,0.0,4.0,8.0,15.0,29.0,41.0,0.0,1.0,2.0,5.0,7.0,10.0,0.0,0.0,0.0,0.0,1.0,3.0,52085.0,52085.0,52085.0,52085.0,52085.0,52085.0,14,52085.60664107857,101.73196491947536,Japan,35,hybrid,True,az
0,94.0,182.0,346.0,538.0,679.0,772.0,0.0,57.0,149.0,252.0,376.0,447.0,0.0,0.0,9.0,19.0,27.0,40.0,0.0,0.0,2.0,6.0,6.0,12.0,0.0,0.0,0.0,0.0,3.0,4.0,55738.0,55738.0,55738.0,55738.0,55738.0,55738.0,14,55738.76483014579,94.28108140234741,Japan,35,hybrid,True,az
0,89.0,111.0,133.0,144.0,145.0,146.0,0.0,50.0,75.0,85.0,87.0,88.0,0.0,0.0,1.0,4.0,4.0,4.0,0.0,0.0,0.0,0.0,0.0,0.0,0.0,0.0,0.0,0.0,0.0,0.0,49745.0,49745.0,49745.0,49745.0,49745.0,49745.0,14,49745.59511545914,89.19801051334684,France,35,hybrid,True,pfizer
0,93.0,132.0,157.0,167.0,169.0,169.0,0.0,64.0,90.0,104.0,107.0,108.0,0.0,2.0,3.0,5.0,7.0,7.0,0.0,0.0,1.0,1.0,1.0,1.0,0.0,0.0,0.0,0.0,0.0,1.0,54806.0,54806.0,54806.0,54806.0,54806.0,54806.0,14,54806.725691362466,93.39219124869689,France,35,hybrid,True,pfizer
0,97.0,127.0,154.0,155.0,155.0,156.0,0.0,61.0,92.0,106.0,107.0,107.0,0.0,0.0,5.0,6.0,9.0,9.0,0.0,0.0,2.0,3.0,4.0,4.0,0.0,0.0,0.0,0.0,1.0,1.0,49669.0,49669.0,49669.0,49669.0,49669.0,49669.0,14,49669.34365920101,97.54788900482114,UK,35,hybrid,True,pfizer
0,107.0,151.0,189.0,216.0,234.0,239.0,0.0,68.0,111.0,131.0,138.0,142.0,0.0,2.0,11.0,16.0,16.0,18.0,0.0,1.0,5.0,6.0,6.0,7.0,0.0,0.0,0.0,2.0,2.0,2.0,49516.0,49516.0,49516.0,49516.0,49516.0,49516.0,14,49516.24937673152,107.9677264117581,France,35,hybrid,True,moderna
0,91.0,203.0,507.0,1176.0,2619.0,5481.0,0.0,57.0,171.0,435.0,965.0,2109.0,0.0,2.0,6.0,14.0,34.0,96.0,0.0,0.0,3.0,6.0,8.0,28.0,0.0,0.0,0.0,0.0,3.0,3.0,0.0,0.0,0.0,0.0,0.0,0.0,14,49265.263999838506,91.5657409184942,New Zealand,35,hybrid,True,none
0,100.0,215.0,584.0,1406.0,3291.0,6992.0,0.0,60.0,182.0,469.0,1154.0,2648.0,0.0,0.0,4.0,18.0,43.0,121.0,0.0,0.0,3.0,6.0,12.0,36.0,0.0,0.0,0.0,1.0,3.0,5.0,0.0,0.0,0.0,0.0,0.0,0.0,14,49025.46571288843,100.04643681876902,New Zealand,35,hybrid,True,none
0,98.0,206.0,534.0,1215.0,2607.0,5331.0,0.0,65.0,170.0,425.0,965.0,2105.0,0.0,2.0,8.0,15.0,41.0,99.0,0.0,0.0,3.0,4.0,10.0,26.0,0.0,0.0,0.0,0.0,0.0,0.0,0.0,0.0,0.0,0.0,0.0,0.0,14,45958.2073089188,98.37767116156252,New Zealand,35,hybrid,True,none
0,117.0,176.0,356.0,580.0,767.0,874.0,0.0,71.0,148.0,269.0,415.0,512.0,0.0,2.0,10.0,21.0,27.0,39.0,0.0,1.0,3.0,5.0,10.0,13.0,0.0,0.0,0.0,1.0,2.0,2.0,51889.0,51889.0,51889.0,51889.0,51889.0,51889.0,14,51889.02086770517,117.73655416986637,Japan,35,hybrid,True,az
0,97.0,246.0,625.0,1448.0,3224.0,6697.0,0.0,58.0,206.0,538.0,1242.0,2671.0,0.0,0.0,7.0,19.0,52.0,108.0,0.0,0.0,3.0,5.0,10.0,33.0,0.0,0.0,0.0,2.0,2.0,3.0,0.0,0.0,0.0,0.0,0.0,0.0,14,56285.4136940907,97.04762225141934,New Zealand,35,hybrid,True,none
0,94.0,222.0,642.0,1617.0,3645.0,7860.0,0.0,60.0,209.0,559.0,1335.0,3000.0,0.0,0.0,11.0,30.0,65.0,153.0,0.0,0.0,2.0,5.0,15.0,37.0,0.0,0.0,0.0,1.0,1.0,3.0,0.0,0.0,0.0,0.0,0.0,0.0,14,51630.870229685715,94.8074257061331,UK,35,hybrid,True,none
0,110.0,170.0,199.0,216.0,222.0,225.0,0.0,79.0,120.0,134.0,139.0,142.0,0.0,1.0,9.0,16.0,16.0,16.0,0.0,1.0,4.0,6.0,7.0,7.0,0.0,0.0,0.0,0.0,1.0,1.0,54745.0,54745.0,54745.0,54745.0,54745.0,54745.0,14,54745.8569674261,110.05476544461473,France,35,hybrid,True,moderna
0,99.0,145.0,181.0,200.0,213.0,217.0,0.0,62.0,97.0,116.0,126.0,132.0,0.0,1.0,4.0,10.0,12.0,12.0,0.0,1.0,3.0,4.0,4.0,5.0,0.0,0.0,0.0,0.0,0.0,1.0,46579.0,46579.0,46579.0,46579.0,46579.0,46579.0,14,46579.77359508832,99.77615922354522,France,35,hybrid,True,moderna
0,87.0,129.0,161.0,170.0,178.0,179.0,0.0,55.0,97.0,112.0,116.0,119.0,0.0,0.0,1.0,3.0,3.0,4.0,0.0,0.0,0.0,1.0,1.0,1.0,0.0,0.0,0.0,0.0,0.0,0.0,50777.0,50777.0,50777.0,50777.0,50777.0,50777.0,14,50777.940854170694,87.88212416199443,France,35,hybrid,True,moderna
0,85.0,117.0,143.0,152.0,153.0,153.0,0.0,56.0,83.0,96.0,99.0,99.0,0.0,1.0,13.0,14.0,17.0,17.0,0.0,0.0,5.0,6.0,7.0,8.0,0.0,0.0,0.0,2.0,4.0,4.0,53010.0,53010.0,53010.0,53010.0,53010.0,53010.0,14,53010.56566136651,85.59554862540793,Japan,35,hybrid,True,pfizer
0,101.0,135.0,158.0,167.0,171.0,175.0,0.0,71.0,103.0,111.0,116.0,120.0,0.0,4.0,6.0,8.0,8.0,10.0,0.0,1.0,2.0,3.0,3.0,3.0,0.0,0.0,1.0,1.0,1.0,2.0,47598.0,47598.0,47598.0,47598.0,47598.0,47598.0,14,47598.53198242754,101.46144375364564,France,35,hybrid,True,moderna
0,104.0,191.0,329.0,478.0,578.0,642.0,0.0,71.0,159.0,244.0,330.0,385.0,0.0,0.0,9.0,19.0,24.0,37.0,0.0,0.0,3.0,9.0,11.0,13.0,0.0,0.0,0.0,0.0,1.0,2.0,41156.0,41156.0,41156.0,41156.0,41156.0,41156.0,14,41156.093545757554,104.23098168907674,Japan,35,hybrid,True,az
0,81.0,140.0,231.0,346.0,449.0,507.0,0.0,51.0,101.0,168.0,243.0,286.0,0.0,1.0,7.0,13.0,15.0,25.0,0.0,0.0,0.0,3.0,3.0,9.0,0.0,0.0,0.0,0.0,1.0,1.0,47955.0,47955.0,47955.0,47955.0,47955.0,47955.0,14,47955.46710097309,81.50236395111972,Japan,35,hybrid,True,az
0,108.0,165.0,205.0,222.0,231.0,234.0,0.0,76.0,122.0,145.0,150.0,152.0,0.0,0.0,5.0,7.0,7.0,7.0,0.0,0.0,1.0,2.0,2.0,2.0,0.0,0.0,0.0,0.0,0.0,0.0,48683.0,48683.0,48683.0,48683.0,48683.0,48683.0,14,48683.62081610933,108.93440962258433,France,35,hybrid,True,moderna
0,123.0,257.0,511.0,776.0,998.0,1133.0,0.0,78.0,207.0,385.0,541.0,662.0,0.0,0.0,7.0,23.0,43.0,58.0,0.0,0.0,1.0,4.0,12.0,15.0,0.0,0.0,0.0,0.0,0.0,3.0,53556.0,53556.0,53556.0,53556.0,53556.0,53556.0,14,53556.0564752412,123.20289302564157,Japan,35,hybrid,True,az
0,100.0,232.0,633.0,1478.0,3323.0,6779.0,0.0,74.0,214.0,549.0,1318.0,2822.0,0.0,1.0,5.0,21.0,72.0,163.0,0.0,1.0,1.0,7.0,20.0,49.0,0.0,0.0,0.0,0.0,2.0,7.0,0.0,0.0,0.0,0.0,0.0,0.0,14,46820.89918614041,100.28806852812345,Japan,35,hybrid,True,none
0,104.0,147.0,183.0,196.0,197.0,200.0,0.0,59.0,93.0,108.0,111.0,111.0,0.0,1.0,6.0,8.0,9.0,9.0,0.0,0.0,3.0,3.0,4.0,4.0,0.0,0.0,0.0,0.0,1.0,1.0,47050.0,47050.0,47050.0,47050.0,47050.0,47050.0,14,47050.69228978088,104.6132868457587,France,35,hybrid,True,moderna
0,82.0,110.0,137.0,151.0,155.0,155.0,0.0,48.0,81.0,92.0,100.0,101.0,0.0,1.0,4.0,5.0,6.0,6.0,0.0,0.0,0.0,0.0,1.0,1.0,0.0,0.0,0.0,0.0,0.0,0.0,47240.0,47240.0,47240.0,47240.0,47240.0,47240.0,14,47240.49691400578,82.88315615506173,France,35,hybrid,True,moderna
